<?xml version='1.0' encoding='UTF-8'?>
<pdfx xmlns:xsi="http://www.w3.org/2001/XMLSchema-instance" xsi:noNamespaceSchemaLocation="http://pdfx.cs.man.ac.uk/static/article-schema.xsd">
  <meta>
    <job>f79a5208c86b2c6f43a1099372871b8f2e8d2f525d947723eed8be8a6b7c9e1b</job>
    <base_name>gd</base_name>
    <doi>http://dx.doi.org/10.1177/004724419302300326</doi>
    <warning>Name identification was not possible. </warning>
  </meta>
  <article>
    <front class="DoCO:FrontMatter">
      <title-group>
        <article-title class="DoCO:Title" id="1">UNIVERSITY OF TRENTO</article-title>
      </title-group>
      <region class="DoCO:FigureBox" id="Fx2">
        <image class="DoCO:Figure" src="gd.page_001.image_01.png" thmb="gd.page_001.image_01-thumb.png"/>
      </region>
      <region class="unknown" id="4">DIPARTIMENTO DI INGEGNERIA E SCIENZA DELL’INFORMAZIONE 38050 Povo – Trento (Italy), Via Sommarive 14 <ext-link ext-link-type="uri" href="http://www.disi.unitn.it" id="3">http://www.disi.unitn.it</ext-link></region>
      <region class="DoCO:TextChunk" id="5" confidence="possible">THE SEMANTIC WEB LANGUAGES Fausto Giunchiglia, Feroz Farazi, Letizia Tanca and Roberto De Virgilio July 2009 Technical Report # DISI-09-039</region>
      <outsider class="DoCO:TextBox" type="footer" id="6">.</outsider>
      <region class="DoCO:TextChunk" id="7" confidence="possible">Chapter 1 The Semantic Web Languages Fausto Giunchiglia and Feroz Farazi and Letizia Tanca and Roberto De Virgilio</region>
      <region class="DoCO:TextChunk" id="8">Abstract The Semantic Web is basically an extension of the Web and of the Web-enabling database and Internet technology, and, as a consequence, the Semantic Web methodologies, representation mechanisms and logics strongly rely on those developed in databases. This is the motivation for many attempts to, more or less loosely, merge the two worlds like, for instance, the various proposals to use relational technology for storing web data or the use of ontologies for data integration. This article comes second in this book, after an article on data management, in order to first complete the picture with the description of the languages that can be used to represent information on the Semantic Web, and then highlight a few fundamental differences which make the database and Semantic Web paradigms complementary but somehow difficult to integrate.</region>
      <region class="DoCO:TextChunk" id="13" confidence="possible">Fausto Giunchiglia Department of Information Engineering and Computer Science, University of Trento, Italy, e-mail: <email id="9">fausto@disi.unitn.it</email> Feroz Farazi Department of Information Engineering and Computer Science, University of Trento, Italy, e-mail: <email id="10">farazi@disi.unitn.it</email> Letizia Tanca Dipartimento di Elettronica e Informazione, Politecnico di Milano, Italy, e-mail: <email id="11">tanca@elet.polimi.it</email> Roberto De Virgilio Dipartimento di Informatica e Automazione, Universit Roma Tre, Italy, e-mail: <email id="12">rde79@yahoo.com</email></region>
      <outsider class="DoCO:TextBox" type="page_nr" id="14">1</outsider>
      <outsider class="DoCO:TextBox" type="page_nr" id="15">2</outsider>
      <outsider class="DoCO:TextBox" type="header" id="16">Fausto Giunchiglia and Feroz Farazi and Letizia Tanca and Roberto De Virgilio</outsider>
    </front>
    <body class="DoCO:BodyMatter">
      <section class="deo:Introduction">
        <h1 class="DoCO:SectionTitle" id="17" page="4" column="1">1.1 Introduction</h1>
        <region class="DoCO:TextChunk" id="23" page="4" column="1">The World Wide Web (Web from now on) is an enormous collection of data and documents of any kind, mixed and integrated in all possible ways, that keeps growing not monotonically. The Web is an open environment, where users can add or delete documents and data as they prefer, without any restriction. Some documents stay in time, some change, some appear and disappear and this process is completely unpredictable. And this applies not only to the Web but virtually to any repository of data (e.g, text, media, sensor data), also within company intranets. As a further complication, these data are highly semantically heterogeneous, in other words, we have, as a widespread common phenomenon, that the same information is represented in many different ways (e.g., the same amount of amount of money can be represented in dollars, in euros, in pounds, in ...). The Semantic Web [ <xref ref-type="bibr" rid="R5" id="18" class="deo:Reference">5</xref>, <xref ref-type="bibr" rid="R6" id="19" class="deo:Reference">6</xref>] was originally proposed by its inventor as the way to solve the problem of semantic heterogeneity in the Web. The proposed so- lution is to add as an extra abstraction layer, a so-called semantic layer, to be built on top of the Web, which makes data not only human processable but also machine processable. In the research in data and knowledge management, the word semantics has been used and abused many times. In the Semantic Web this word assumes a rather precise connotation and it amounts to assuming that the meaning of data and documents is codified as metadata, namely, data about data. The key idea is, therefore, to incrementally add new (meta)data whose only purpose is to explicitly codify the intended meaning of Web data. As a trivial example, the fact that a photo contains the face of Fausto can be codified into a data structure (a triple) whose contents can be respresented, using a logical notation, as about(photo1, F austo) where photo1 and F austo are unique identifers for the involved resources. The Semantic Web, as clearly shown in Parts 1,2 of this book, is therefore an extension of the Web and of the Web enabling database and Internet technology, and, as a consequence, the Semantic Web methodologies, representation mechanisms and logics strongly rely on those developed in databases. And this is the motivation for the many attempts to (more or less loosely) merge the two worlds like, for instance, the various proposals to use relational technology for storing web data (e.g. Chapter 1) or the use of ontologies for data integration (Chapter 14), just to name a few. And this is also why this article comes second in this book after an article on data management. At the same time this is also the place to highlight a few fundamental differences which make the database and Semantic Web paradigms complementary but very different and somehow difficult to integrate. The crucial distinction is between the “closed” nature of the first vs. the “open” nature of the second. For instance, since incompleteness is inherent in the nature of Web data, in the Web no assumption is made about information which has not been explicitly stated, while in the database realm what has not been asserted or inferred is considered as false. In an analogous way, no uniqueness<marker type="page" number="5"/><marker type="block"/> hypothesis is made as for the identifiers of web objects (this is why the Web had to recover this notion via Unique Resource Identifiers (URI)), while one strong requirement of database objects is that they be uniquely identified. Confronting the strengths and weakenesses of both paradigms, in order to be able to build new systems that are able to encompass the strengths of both, is thus worthwhile: the lessons learned from Classical Logic, which is the logical paradigm disciplining the Semantic Web, can be used to extend the expressive power of database query languages and to deal with incomplete information in databases; on the other hand, the introduction of some restrictions to the logics adopted for the Semantic Web may help retain the good complexity results typical of database querying. This book should be read exactly in this perspective, keeping in mind that each chapter relates research which is ongoing in one of these two general directions. The rest of the chapter is structured as follows. In Section 1.2 we describe the hierarchy of the languages that can be used to represent information on the Semantic Web. Section 1.3 presents the data model used in RDF and an example of how simple statements can be represented in RDF. Section 1.4 describes OWL, its sublanguages and an example representing the same statements represented in RDF. In Section 1.5 we describe C-OWL (Context OWL) namely OWL extended to take into account context via mappings across multiple ontologies. In Section 1.6, after the introduction to the most important Web Languages, we dig a little deeper in the connec- tions between the Semantic Web and databases briefly discussed above. We conclude the chapter in Section 1.7.</region>
        <outsider class="DoCO:TextBox" type="header" id="21" page="5" column="1">1 The Semantic Web Languages</outsider>
        <outsider class="DoCO:TextBox" type="page_nr" id="22" page="5" column="1">3</outsider>
      </section>
      <section class="DoCO:Section">
        <h1 class="DoCO:SectionTitle" id="24" page="5" column="1">1.2 The Hierarchy of Languages</h1>
        <region class="DoCO:TextChunk" id="31" page="5" column="1">We stated above that the Semantic Web is just metadata explicitly encoding the implicit semantics of Web data. But which kinds of metadata? According to the Semantic Web approach, data are organized in (at least) four levels of increased expressibility, each corresponding to a specific representation need, namely: XML [<xref ref-type="bibr" rid="R8" id="25" class="deo:Reference">8</xref>] and XML Schema [<xref ref-type="bibr" rid="R13" id="26" class="deo:Reference">13</xref>], RDF [<xref ref-type="bibr" rid="R3" id="27" class="deo:Reference">3</xref>] and RDF Schema [<xref ref-type="bibr" rid="R9" id="28" class="deo:Reference">9</xref>], OWL [<xref ref-type="bibr" rid="R27" id="29" class="deo:Reference">27</xref>] and C-OWL [<xref ref-type="bibr" rid="R7" id="30" class="deo:Reference">7</xref>]. Notice that, strictly speaking, XML is not a semantic Web language as it codifies no semantics. Its presentation is however very relevant as all the Semantic Web languages are defined as extensions of XML and, anyhow, XML is a first important step, with respect to HTML 1 , towards semantic interoperability as it provides a way to standardize the use of tags, thus enabling syntactic interoperability.</region>
        <region class="unknown" id="33" page="5" column="1">1 <ext-link ext-link-type="uri" href="http://www.w3.org/html/" id="32">http://www.w3.org/html/</ext-link></region>
        <outsider class="DoCO:TextBox" type="page_nr" id="34" page="6" column="1">4</outsider>
        <outsider class="DoCO:TextBox" type="header" id="35" page="6" column="1">Fausto Giunchiglia and Feroz Farazi and Letizia Tanca and Roberto De Virgilio</outsider>
        <region class="DoCO:TextChunk" id="36" confidence="possible" page="6" column="1">A. XML: raw data - no semantics</region>
        <region class="DoCO:TextChunk" id="37" page="6" column="1">XML is designed to represent information by using customized tags. Because of the customizable tag support, it is used to exchange a wide variety of information on the Web and elsewhere. Statements like “GeoNames has coverage of all countries” and “It was modified on April 25, 2009” can be represented in XML using tags ’GeoNames’, ’coverage’ and ’modified’ and a preceding statement saying that the following information is in XML along with the XML version used to represent this information: &lt;?xml version=“1.0” ?&gt; &lt;GeoNames&gt; &lt;coverage&gt;Countries&lt;/coverage&gt; &lt;modified&gt;April 25, 2009&lt;/modified&gt; &lt;/GeoNames&gt; The purpose of XML Schema is to define a set of rules to which an XML document conforms. An XML Schema is similar to a class in object oriented programming language and an XML document is similar to an instance of that class. XML Schema is used for exchanging information between inter- ested parties who have agreed to a predefined set of rules. But the absence of meaning of the vocabulary terms used in XML Schema makes it difficult for machines to accomplish communication between them when new XML vocabulary terms are used. On one hand machines can not differentiate between polysemous terms, and on the other hand they can not combine the synonymous terms.</region>
        <region class="DoCO:TextChunk" id="38" confidence="possible" page="6" column="1">B. RDF(S): representing objects and relations among them</region>
        <region class="DoCO:TextChunk" id="48" page="6" column="1">RDFS is an acronym for RDF Schema. We use RDF(S) meaning both RDF and RDFS. The goal of RDF(S) is to provide meaning to data therefore overcoming the drawback (absence of meaning) of XML. The simplest forms of RDF metadata are tags of single resources, e.g., photo tags in Flickr. One such metadata could state, for instance, that a specific Web page is the homepage of a specific user, or that a photo is about a specific location, or that a document is about a specific topic. RDF is used to (i) describe information about Web resources and the systems that use these resources; (ii) make information machine processable; (iii) provide internetworking among applications; (iv) provide auto- mated processing of Web information by intelligent agents. It is designed to provide flexibility in representing information. Its specification is given in [ <xref ref-type="bibr" rid="R3" id="39" class="deo:Reference">3</xref>, <xref ref-type="bibr" rid="R26" id="40" class="deo:Reference">26</xref>, <xref ref-type="bibr" rid="R24" id="41" class="deo:Reference">24</xref>, <xref ref-type="bibr" rid="R21" id="42" class="deo:Reference">21</xref>, <xref ref-type="bibr" rid="R9" id="43" class="deo:Reference">9</xref>, <xref ref-type="bibr" rid="R19" id="44" class="deo:Reference">19</xref>]. RDF Schema is an extension of RDF. It provides a vocabulary for RDF to represent classes of the resources, subclasses of the classes, properties of the classes and relations between properties. The capability of representing<marker type="page" number="7"/><marker type="block"/> classes and subclasses allows users to publish ontologies on the Web. But these ontologies have limited use as RDFS can not represent information containing disjointness and specific cardinality values.</region>
        <outsider class="DoCO:TextBox" type="header" id="46" page="7" column="1">1 The Semantic Web Languages</outsider>
        <outsider class="DoCO:TextBox" type="page_nr" id="47" page="7" column="1">5</outsider>
        <region class="DoCO:TextChunk" id="49" confidence="possible" page="7" column="1">C. OWL: Ontologies - representing classes and relations among them</region>
        <region class="DoCO:TextChunk" id="60" page="7" column="1">OWL is a quite expressive representation language. It provides the syntax to specify classes (sets of objects, also called concepts), various operations on classes such as, for instance, that two or more classes are disjoint. However, OWL does not have built-in primitives for the (very important) part-whole relations [<xref ref-type="bibr" rid="R29" id="50" class="deo:Reference">29</xref>]. The simplest metadata expressing properties of classes are tags which encode properties of sets of resources, e.g., del.ic.ious tags. One such metadata could state that a set of web pages is about a specific topic, or that a set of photos is about the same person. In most common uses, however, the OWL metadata are organized in graph structures encoding complex relations among classes, i.e., ontologies [<xref ref-type="bibr" rid="R20" id="51" class="deo:Reference">20</xref>], where each node is associated to a concept (represented as a natural language label) and where links codify semantic (logical) relations between the labels of the two nodes involved. As a very important example, in the case of lightweight ontologies [<xref ref-type="bibr" rid="R14" id="52" class="deo:Reference">14</xref>, <xref ref-type="bibr" rid="R18" id="53" class="deo:Reference">18</xref>], schematic metadata are organized as trees where the labels of nodes lower in the tree are more specific than the labels of the nodes above. The details of the OWL specification are described in [<xref ref-type="bibr" rid="R27" id="54" class="deo:Reference">27</xref>, <xref ref-type="bibr" rid="R32" id="55" class="deo:Reference">32</xref>, <xref ref-type="bibr" rid="R4" id="56" class="deo:Reference">4</xref>, <xref ref-type="bibr" rid="R28" id="57" class="deo:Reference">28</xref>, <xref ref-type="bibr" rid="R10" id="58" class="deo:Reference">10</xref>, <xref ref-type="bibr" rid="R22" id="59" class="deo:Reference">22</xref>].</region>
        <region class="DoCO:TextChunk" id="61" confidence="possible" page="7" column="1">D. C-OWL: Contextual Ontologies - representing context mappings</region>
        <region class="DoCO:TextChunk" id="74" page="7" column="1">OWL allows to represent one ontology at a time. In practice the Semantic Web is plenty of ontologies developed independently, each modeling a specific sub-domain. OWL has an import operation which allows to import an ontology as a part of the specification of a more complex ontology. However, in most cases, the import operation is far too strong. One would simply like to relate the concept in one ontology with the concept of another ontology. Furthermore, OWL cannot natively deal with the fact that the meaning of certain words (class names) is context dependent [ <xref ref-type="bibr" rid="R7" id="62" class="deo:Reference">7</xref>], in other words, that the same word in different ontologies may represent a different concept. One trivial example of context dependency is that the meaning of the word car as codified in the FIAT database means, e.g., the set of FIAT cars, and is therefore different from the meaning of this same word inside the BMW database. Context OWL (C-OWL) [<xref ref-type="bibr" rid="R7" id="63" class="deo:Reference">7</xref>] is a proposed extension of OWL (but not a Web Standard) which allows to represent multiple OWL ontologies and the mappings (relations) between these ontologies, where each ontology represents a localized view of a domain. Two of the papers in Part 2 describe how reasoning about ontologies can be exploited in order to automatically compute context mappings.<marker type="page" number="8"/><marker type="block"/> The step from XML to RDF is key as the encoding of semantics is the basis for achieving semantic interoperability. Once the semantics are explicitly represented the meaning of a given data can be normalized with respect to all its syntactic variations. Or, viceversa, the multible meanings (also called senses) of a word can be made explicit. For instance it is possible to distin- guish between the three possible meanings of the word Java (a kind of coffee bean, a programming language, and an island name) and, dually, it is possible to say that automobile and car, which are synonyms, mean actually the same thing. The step from RDF to OWL is key for allowing complex reasoning about documents, sets of documents and their relations. Of course, it is also possible to perform reasoning with RDF only. Reasoning about instances amounts to propositional reasoning. At this level it is possible to reason about single instances (documents), for instance to derive, given the proper background knowledge [<xref ref-type="bibr" rid="R15" id="72" class="deo:Reference">15</xref>, <xref ref-type="bibr" rid="R17" id="73" class="deo:Reference">17</xref>] that the content of a document which talks about animals is more general than the content of another document which talks about cats. Reasoning in OWL is much more powerful and it allows to reason about complex properties of sets of instances. It allows, for instance, to derive, given the proper background knowledge, that any prof essor in a given university teaches at least one course.</region>
        <outsider class="DoCO:TextBox" type="page_nr" id="65" page="8" column="1">6</outsider>
        <outsider class="DoCO:TextBox" type="header" id="66" page="8" column="1">Fausto Giunchiglia and Feroz Farazi and Letizia Tanca and Roberto De Virgilio</outsider>
        <region class="unknown" id="70" page="8" column="1"> <ext-link ext-link-type="uri" href="http://www.geonames.org/" id="67">http://www.geonames.org/</ext-link> <ext-link ext-link-type="uri" href="http://purl.org/dc/terms/coverage" id="68">http://purl.org/dc/terms/coverage</ext-link> <ext-link ext-link-type="uri" href="http://www.geonames.org/countries/" id="69">http://www.geonames.org/countries/</ext-link></region>
        <region class="DoCO:FigureBox" id="F1.1">
          <caption class="deo:Caption" id="71" page="8" column="1">Fig. 1.1 Graph data model of a statement representing subject, object and predicate as URIs</caption>
        </region>
      </section>
      <section class="DoCO:Section">
        <h1 class="DoCO:SectionTitle" id="75" page="8" column="1">1.3 RDF(S)</h1>
        <region class="DoCO:TextChunk" id="95" page="8" column="1">RDF is a language for representing data in the Semantic Web. RDF is designed (i) to provide a simple data model so that users can make statements about Web resources; (ii) to provide the capability to perform inference on the statements represented by users. The data model in RDF is a graph data model. The graph used in RDF is a directed graph. A graph consists of nodes and edges. Statements about resources can be represented by using graph nodes and edges. Edges in RDF graphs are labeled. An edge with two connecting nodes form a triple. Among two nodes a node represents subject, another node represents object and the edge represents predicate of the statements. As the graph is a directed graph, the edge is directed edge and the direction of the edge is from subject to <marker type="page" number="9"/><marker type="block"/> object. The predicate is also called as property of the subject or relationship between subject and object. RDF uses URI references to identify subjects, objects and predicates. The statement “GeoNames has coverage of all countries ” can be represented in RDF, where ‘GeoNames’ is a subject, ‘countries’ is an object and ‘coverage’ is a predicate. The URIs of the subject ‘GeoNames’, object ‘countries’ and predicate ‘coverage’ are “<ext-link ext-link-type="uri" href="http://www.geonames.org" id="83">http://www.geonames.org</ext-link>”, “<ext-link ext-link-type="uri" href="http://www.geonames.org/countries" id="84">http://www.geonames.org/countries</ext-link>” and “<ext-link ext-link-type="uri" href="http://purl.org/dc/terms/cove-" id="85">http://purl.org/dc/terms/cove-</ext-link> rage” respectively. <xref ref-type="fig" rid="F1.1" id="86" class="deo:Reference">Figure 1.1</xref> provides a graphical representation of this RDF statement. Objects in RDF statements can be literals. In the statement “GeoNames was modified on April 25, 2009”, ‘GeoNames’ is a subject, ‘modified’ is an object and ‘April 25, 2009’ is a predicate which is a literal. The URIs of the subject ‘GeoNames’ and predicate ‘modified’ are “<ext-link ext-link-type="uri" href="http://www.geonames.org" id="87">http://www.geonames.org</ext-link>” and “<ext-link ext-link-type="uri" href="http://purl.org/dc/terms/modified" id="88">http://purl.org/dc/terms/modified</ext-link>” respectively and the object ‘April 25, 2009’ can be represented as is without a URI. <xref ref-type="fig" rid="F1.2" id="89" class="deo:Reference">Figure 1.2</xref> provides a graphical representation of this RDF statement. Statements about GeoNames can be described in RDF using constructs rdf:Description, rdf:resource, rdf:about and rdfs:label as follows: &lt;?xml version=“1.0”?&gt; &lt;rdf:RDF xmlns:rdf=“<ext-link ext-link-type="uri" href="http://www.w3.org/1999/02/22-rdf-syntax-ns" id="90">http://www.w3.org/1999/02/22-rdf-syntax-ns</ext-link>#” xmlns:rdfs=“<ext-link ext-link-type="uri" href="http://www.w3.org/2000/01/rdf-schema" id="91">http://www.w3.org/2000/01/rdf-schema</ext-link>#” xmlns:dc=“<ext-link ext-link-type="uri" href="http://purl.org/dc/terms" id="92">http://purl.org/dc/terms</ext-link>#”&gt; &lt;rdf:Description rdf:about=“<ext-link ext-link-type="uri" href="http://www.geonames.org" id="93">http://www.geonames.org</ext-link>”&gt; &lt;rdfs:label&gt;GeoNames&lt;/rdfs:label&gt; &lt;dc:coverage rdf:resource=“<ext-link ext-link-type="uri" href="http://www.geonames.org/countries" id="94">http://www.geonames.org/countries</ext-link>”/&gt; &lt;dc:modified&gt;April 25, 2009&lt;/dc:modified&gt; &lt;/rdf:Description&gt; &lt;/rdf:RDF&gt;</region>
        <outsider class="DoCO:TextBox" type="header" id="77" page="9" column="1">1 The Semantic Web Languages</outsider>
        <outsider class="DoCO:TextBox" type="page_nr" id="78" page="9" column="1">7</outsider>
        <region class="unknown" id="81" page="9" column="1"> <ext-link ext-link-type="uri" href="http://www.geonames.org/" id="79">http://www.geonames.org/</ext-link> <ext-link ext-link-type="uri" href="http://purl.org/dc/terms/modified" id="80">http://purl.org/dc/terms/modified</ext-link></region>
        <region class="DoCO:FigureBox" id="F1.2">
          <caption class="deo:Caption" id="82" page="9" column="1">Fig. 1.2 Graph data model of a statement representing subject and predicate as URIs and the April 25, 2009 object as a literal</caption>
        </region>
        <outsider class="DoCO:TextBox" type="page_nr" id="96" page="10" column="1">8</outsider>
        <outsider class="DoCO:TextBox" type="header" id="97" page="10" column="1">Fausto Giunchiglia and Feroz Farazi and Letizia Tanca and Roberto De Virgilio</outsider>
      </section>
      <section class="DoCO:Section">
        <h1 class="DoCO:SectionTitle" id="98" page="10" column="1">1.4 OWL</h1>
        <region class="DoCO:TextChunk" id="114" page="10" column="1">Similarly to what happens with RDF, OWL data are represented as triples subject, object and predicate. As it turns out, there are (at least) three OWL languages of increasing logical expressivity, namely: OWL Lite, OWL DL, OWL Full. As a matter of fact there are many variants and extensions of OWL each corresponding to a Logic and associated expressivity levels. C- OWL itself is an extension of OWL, one of the papers in Part 2 in this book describes an extension of OWL to account for time, and similarly for the work on modular ontologies again in Part 2 of this book. Concentrating on the three basic OWL languages, the most important is OWL DL, where DL stands for Description Logic and owns its name to the fact that it is a notational variant, tuned to Web use, of Description Logics [ <xref ref-type="bibr" rid="R2" id="99" class="deo:Reference">2</xref>]. The key feature is that reasoning in OWL DL can be implemented by exploiting the many state-of-the-art DL reasoners, e.g., Pellet [<xref ref-type="bibr" rid="R31" id="100" class="deo:Reference">31</xref>]. More detailed descriptions of all three sub-languages of OWL – OWL Lite, OWL DL and OWL Full, are provided below.<marker type="block"/> OWL Lite allows the use of a subset of the OWL and RDF(S) vocabulary. The main goal is to trade expressivity for efficiency (and guaranteed termination) of reasoning. In particular, it is possible to use thirty-five out of forty OWL constructs and eleven out of thirty-three RDF(S) constructs (not including the sub-properties of the property rdfs:member). The lists of the thirty-three RDF(S) constructs, of the forty OWL constructs and of the eleven RDF(S) constructs that can be used in OWL are provided in Appendixes A and B at the end of this chapter. In OWL Lite to define a class one must use the OWL construct owl:Class rather than the RDF(S) construct rdfs:Class which is not allowed. Other five OWL constructs, namely: complementOf, disjointWith, hasValue, oneOf and unionOf are not allowed in OWL Lite. Other OWL Constructs are allowed to use in OWL Lite but their use is limited. Thus, all three cardinality constructs – cardinality, maxCardinality and minCardinality, can only have 0 or 1 in their value fields. Furthermore, equivalentClass and intersectionOf cannot be used in a triple if the subject or object represents an anonymous class.<marker type="page" number="11"/><marker type="block"/> OWL DL can use all eleven RDF(S) constructs used by OWL Lite. Similarly to OWL Lite, it uses only the owl:Class construct to define a class. OWL DL allows to use all forty OWL constructs. However, some of these constructs have restricted use. In particular, classes cannot be used as individuals, and vice versa. Each individual must be an extension of a class. Even if an individual cannot be classified under any user defined class, it must be classified under the general owl:Thing class. Individuals can not be used as properties, and vice versa. Moreover, properties can not be used as classes, and vice versa. Properties in OWL DL are differentiated into data type properties and object properties. Object properties connect class instances and data type properties connect instances to literals. OWL DL allows the use of the intersectionOf construct with any number of classes and of any non nega- tive integer in the cardinality restrictions value fields. The restrictions provided in OWL DL allow to maintain a balance between expressivity and computational completeness. Even though its computational complexity is higher than that of OWL Lite, reasoning in OWL DL remains decidable (of the same complexity of the corresponding Description Logic).<marker type="block"/> OWL Full can use all forty OWL constructs and eleven RDF(S) constructs without any of the OWL DL restrictions that imposed on OWL. Moreover, the constructs rdfs:Class as well as owl:Class can be used to define a class. The key difference from OWL DL is that properties can be assigned to classes, a class can be represented as an individual or a property, and vice versa. The price for this increased expressivity is that reasoning in OWL Full is undecidable, i.e., it may not terminate on certain inputs. To provide an example of OWL full the GeoNames statement, can be re- pressented on OWL using the constructs owl:Ontology, owl:Thing, rdfs:labels and rdf:resource as follows: &lt;?xml version=“1.0”?&gt; &lt;rdf:RDF xmlns:rdf=“<ext-link ext-link-type="uri" href="http://www.w3.org/1999/02/22-rdf-syntax-ns" id="109">http://www.w3.org/1999/02/22-rdf-syntax-ns</ext-link>#” xmlns:rdfs=“<ext-link ext-link-type="uri" href="http://www.w3.org/2000/01/rdf-schema" id="110">http://www.w3.org/2000/01/rdf-schema</ext-link>#” xmlns:owl=”<ext-link ext-link-type="uri" href="http://www.w3.org/2002/07/owl" id="111">http://www.w3.org/2002/07/owl</ext-link>#” xmlns:dc=“<ext-link ext-link-type="uri" href="http://purl.org/dc/terms" id="112">http://purl.org/dc/terms</ext-link>#”&gt; &lt;owl:Ontology rdf:about=“”/&gt; &lt;owl:Thing rdf:about=“<ext-link ext-link-type="uri" href="http://www.geonames.org" id="113">http://www.geonames.org</ext-link>”&gt; &lt;rdfs:label&gt;GeoNames&lt;/rdfs:label&gt;</region>
        <region class="unknown" id="102" page="10" column="1">OWL Lite</region>
        <outsider class="DoCO:TextBox" type="header" id="104" page="11" column="1">1 The Semantic Web Languages</outsider>
        <outsider class="DoCO:TextBox" type="page_nr" id="105" page="11" column="1">9</outsider>
        <region class="unknown" id="106" page="11" column="1">OWL DL</region>
        <region class="unknown" id="108" page="11" column="1">OWL Full</region>
        <outsider class="DoCO:TextBox" type="page_nr" id="115" page="12" column="1">10</outsider>
        <outsider class="DoCO:TextBox" type="header" id="116" page="12" column="1">Fausto Giunchiglia and Feroz Farazi and Letizia Tanca and Roberto De Virgilio</outsider>
        <region class="DoCO:TextChunk" id="118" confidence="possible" page="12" column="1">&lt;dc:coverage rdf:resource=“<ext-link ext-link-type="uri" href="http://www.geonames.org/countries" id="117">http://www.geonames.org/countries</ext-link>”/&gt; &lt;dc:modified&gt;April 25, 2009&lt;/dc:modified&gt; &lt;/owl:Thing&gt; &lt;/rdf:RDF&gt;</region>
      </section>
      <section class="DoCO:Section">
        <h1 class="DoCO:SectionTitle" id="119" page="12" column="1">1.5 C-OWL</h1>
        <region class="DoCO:TextChunk" id="139" page="12" column="1">The key addition that C-OWL provides on top of OWL is the possibility to represent multiple ontologies and context mappings, namely triples subject relation object between two concepts, or between two instances, or between two properties in two different ontologies. The mapping relations in the triple can be one of more specific, more general, equivalent, disjoint and compatible. C-OWL allows for the use of any of the OWL sub-languages but the two ontologies involved in a mapping must belong to the same sub-language C-OWL mappings are also called bridge rules. An Ontology plus the set of bridge rules where the subject concept belongs to the ontology itself is called a contextual ontology. To provide an example of contextual ontology we provide below the simple Wine ontology originally described in [ <xref ref-type="bibr" rid="R7" id="120" class="deo:Reference">7</xref>]. In this contextual ontology, two ontologies Wine and Vino are mapped. For the detailed description we refer to the C-OWL paper. &lt;?xml version=“1.0”?&gt; &lt;rdf:RDF xmlns:rdf=“<ext-link ext-link-type="uri" href="http://www.w3.org/1999/02/22-rdf-syntax-ns" id="121">http://www.w3.org/1999/02/22-rdf-syntax-ns</ext-link>#” xmlns:rdfs=“<ext-link ext-link-type="uri" href="http://www.w3.org/2000/01/rdf-schema" id="122">http://www.w3.org/2000/01/rdf-schema</ext-link>#” xmlns:cowl=“<ext-link ext-link-type="uri" href="http://www.example.org/wine-to-vino.map" id="123">http://www.example.org/wine-to-vino.map</ext-link>#”&gt; &lt;cowl:mapping&gt; &lt;rdfs:comment&gt;Example of a mapping of wine into vino&lt;/rdfs:comment&gt; &lt;cowl:srcOntology rdf:resource=“<ext-link ext-link-type="uri" href="http://www.ex.org/wine.owl" id="124">http://www.ex.org/wine.owl</ext-link>”/&gt; &lt;cowl:tgtOntology rdf:resource=“<ext-link ext-link-type="uri" href="http://www.ex.org/vino.owl" id="125">http://www.ex.org/vino.owl</ext-link>”/&gt; &lt;cowl:bridgRule cowl:br-type=“equiv”&gt; &lt;cowl:srcC rdf:resource=“<ext-link ext-link-type="uri" href="http://www.ex.org/wine.owl" id="126">http://www.ex.org/wine.owl</ext-link>#wine”/&gt; &lt;cowl:tgtC rdf:resource=“<ext-link ext-link-type="uri" href="http://www.ex.org/vino.owl" id="127">http://www.ex.org/vino.owl</ext-link>#vino”/&gt; &lt;/cowl:bridgRule&gt; &lt;cowl:bridgRule cowl:br-type=“onto”&gt; &lt;cowl:srcC rdf:resource=“<ext-link ext-link-type="uri" href="http://www.ex.org/wine.owl" id="128">http://www.ex.org/wine.owl</ext-link>#RedWine”/&gt; &lt;cowl:tgtC rdf:resource=“<ext-link ext-link-type="uri" href="http://www.ex.org/vino.owl" id="129">http://www.ex.org/vino.owl</ext-link>#VinoRosso”/&gt; &lt;/cowl:bridgRule&gt; &lt;cowl:bridgRule cowl:br-type=“into”&gt; &lt;cowl:srcC rdf:resource=“<ext-link ext-link-type="uri" href="http://www.ex.org/wine.owl" id="130">http://www.ex.org/wine.owl</ext-link>#Teroldego”/&gt; &lt;cowl:tgtC rdf:resource=“<ext-link ext-link-type="uri" href="http://www.ex.org/vino.owl" id="131">http://www.ex.org/vino.owl</ext-link>#VinoRosso”/&gt; &lt;/cowl:bridgRule&gt; &lt;cowl:bridgRule cowl:br-type=“compat”&gt;<marker type="page" number="13"/><marker type="block"/> &lt;cowl:srcC rdf:resource=“<ext-link ext-link-type="uri" href="http://www.ex.org/wine.owl" id="135">http://www.ex.org/wine.owl</ext-link>#WhiteWine”/&gt; &lt;cowl:tgtC rdf:resource=“<ext-link ext-link-type="uri" href="http://www.ex.org/vino.owl" id="136">http://www.ex.org/vino.owl</ext-link>#Passito”/&gt; &lt;/cowl:bridgRule&gt; &lt;cowl:bridgRule cowl:br-type=“incompat”&gt; &lt;cowl:srcC rdf:resource=“<ext-link ext-link-type="uri" href="http://www.ex.org/wine.owl" id="137">http://www.ex.org/wine.owl</ext-link>#WhiteWine”/&gt; &lt;cowl:tgtC rdf:resource=“<ext-link ext-link-type="uri" href="http://www.ex.org/vino.owl" id="138">http://www.ex.org/vino.owl</ext-link>#VinoNero”/&gt; &lt;/cowl:bridgRule&gt; &lt;/cowl:mapping&gt; &lt;/rdf:RDF&gt; As it can be noticed, a mapping is defined by source and target ontology and a set of bridge rules, where each bridge rule is defined by the source and target concepts selected from the respective ontologies, and the semantic relation which holds between the two concepts.</region>
        <outsider class="DoCO:TextBox" type="header" id="133" page="13" column="1">1 The Semantic Web Languages</outsider>
        <outsider class="DoCO:TextBox" type="page_nr" id="134" page="13" column="1">11</outsider>
      </section>
      <section class="DoCO:Section">
        <h1 class="DoCO:SectionTitle" id="140" page="13" column="1">1.6 Semantic Web and databases</h1>
        <region class="DoCO:TextChunk" id="153" page="13" column="1">As announced by the book subtitle, we are analyzing data management in the Semantic Web in a model-based perspective. Indeed, both in databases and in the web, good modeling is crucial, since good modeling is key of having efficient representation and reasoning [ <xref ref-type="bibr" rid="R1" id="141" class="deo:Reference">1</xref>]. Thus, many of the most interesting efforts of the two research communities have been devoted to finding and refining appropriate representation formalisms, each with the aim to capture the distinguishing characters of the context they wish to model. This paper and the previous one in this book try to present these efforts from the two communities. However, since the goal of this book is to bridge the two worlds, and since the appropriate management of data in the Semantic Web is crucial, some brief considerations on the differences between the basic modeling assumptions of the two areas are in order. As will also be seen in Chapter 4, the most famous approach to deduction and reasoning in databases is based on Datalog [<xref ref-type="bibr" rid="R11" id="142" class="deo:Reference">11</xref>]. Thus, when referring to the differences between inference in the Semantic Web and inference in the database domain we will mostly refer to the underlying deduction frameworks, namely Classical Logic (mainly Description Logic and its variations) and Datalog. One of the most important differences between the two worlds is the “open” nature of the Web, vs. the “closed” nature of databases. In Classical Logic unstated information does not assume a truth value: that is, when an assertion is not found as a known fact, nothing can be said about its truth value. On the other hand, in the database realm the facts that have nei- ther been asserted nor inferred are considered as false. The first attitude is known as the Open World Assumption (OWA), while the second is the Closed World Assumption (CWA), and each of them is perfectly coherent with the framework in which it is assumed.<marker type="page" number="14"/><marker type="block"/> The CWA [<xref ref-type="bibr" rid="R30" id="146" class="deo:Reference">30</xref>] can be seen as an inference rule that, given a set of sentences S and an atom A, if A does not follow from S (i.e. cannot be inferred from S), derives ¬A. The CWA accounts for the way database people see the database as a mirror of the real world. Indeed, though we can reasonably allow for a database to be incomplete, that is, not to contain all the facts which are true in the world, most database applications can perfectly accommodate the much more restrictive hypothesis that what is not recorded must be considered as false. Indeed, in information systems – where databases are most used – it is reasonable to assume that all relevant information is actually available. The result of this assumption allows for a much simpler treatment of negation, in that not only what is explicitly asserted as false is so. An important consequence of the CWA is the so-called minimal model semantics of databases. Since, from a proof-theoretic point of view, the CWA implies that facts that cannot be proven must be considered as false, then the model of the database consists of all the facts that are true in all the worlds satisfying S, that is, a minimal model. On the other hand, in the Semantic Web there is no need to assume that a certain (although ample) collection of information sources should contain all information which is true; thus the Classical paradigm is more appropriate for web modeling since, when a fact F is not inferrable from S, it does not exclude interpretations of S which contain F . This allows for the possibility that, coming into play another information source which entails F , we should not fall into contradiction. Some sort of reconciliation is possible between the two attitudes by taking an epistemic view of the database content: in [<xref ref-type="bibr" rid="R25" id="147" class="deo:Reference">25</xref>], the epistemic operators provide a clean way to express the difference between the description of the external world, and that of the database itself, that is, what the database knows. Thus, of a certain fact we can ask whether it is known to the database, mimicking the semantics of a database query. Within this view, a clear model- theoretic semantics can be given to databases which is no longer incompatible with the classical paradigm underlying the semantic web. Including these operators in the various adopted logics may increase their computational complexity, and various researchers have engaged in solving this problem [<xref ref-type="bibr" rid="R12" id="148" class="deo:Reference">12</xref>]. The “closed” view adopted in the database world also has two more as- pects, namely the unique name assumption, which states that individuals with different names are different, and the domain closure assumption, which comes in different flavors but basically states that there are no other individuals than those in the database. Both assumptions do not favor the richness of expressivity needed for the web, and thus are to be rejected in that context. By contrast, they prove to be very practical in the database domain, where unambiguous answers to “for all” queries and queries involving negation can be provided, based on the three assumptions above. The above problems are part of the wider question of incomplete information: for instance, in the open perspective of the web we would like to be able to assert that an employee belongs to a department, without being obliged to<marker type="page" number="15"/><marker type="block"/> name this department explicitly. One way to (partially) solve the problem in relational databases is the introduction of null values, whose treatment still produces a lot of research because as yet considered unsatisfactory; using different models, like the object-oriented one or semistructured data models helps a little in this direction, though introducing new problems related to a lower efficiency as for data manipulation. Another example of incomplete information is given by disjunction: we might want to state that John has gone out either with Jane or with Sara, but asserting such disjunctive information is impossible in the relational database model, and requires appropriate extensions. Disjunctive information management is also a difficult task in relation to negation and the CWA. Indeed, suppose that a disjunctive sentence P ∨ Q holds in a database: then by the CWA we will be able to derive ¬P and also ¬Q, which obviously leads to inconsistency. Among other important differences of the two approaches we mention the question of infinity, which in its turn is strictly related to the meaning of database instances. In the traditional context of relational databases, a database (instance) is a finite set of finite relations, i.e. the totality of all tuples that can appear in a database is finite. Thus, since a database instance can be viewed as an interpretation of the first-order theory defined by the database schema (plus possibly a deductive program) and the integrity constraints, only finite models for the database schema are admissible. In the Classical paradigm, no assumption is made as to the interpretations that are acceptable for a theory, thus infinite models are not ruled out. Moreover, the idea that an instance is an interpretation leads to identification between information and interpretation (which is the basis of the so-called Herbrand model semantics of Datalog), whereas an ontology is seen as a theory which admits many possible interpretations. More differences between the two paradigms reside in the use and treatment of constraints and restrictions. An interesting and detailed discussion on these topics can be found in [<xref ref-type="bibr" rid="R23" id="152" class="deo:Reference">23</xref>].</region>
        <outsider class="DoCO:TextBox" type="page_nr" id="144" page="14" column="1">12</outsider>
        <outsider class="DoCO:TextBox" type="header" id="145" page="14" column="1">Fausto Giunchiglia and Feroz Farazi and Letizia Tanca and Roberto De Virgilio</outsider>
        <outsider class="DoCO:TextBox" type="header" id="150" page="15" column="1">1 The Semantic Web Languages</outsider>
        <outsider class="DoCO:TextBox" type="page_nr" id="151" page="15" column="1">13</outsider>
      </section>
      <section class="deo:Conclusion">
        <h1 class="DoCO:SectionTitle" id="154" page="15" column="1">1.7 Conclusion</h1>
        <region class="DoCO:TextChunk" id="155" page="15" column="1">In this chapter we have presented a short introduction to the Semantic Web, to its underlying motivations and ideas and to the main languages used to implement it. The main goal of this chapter is to integrate the contents of the previous chapter on database technology and to provide the necessary basic notions needed in order to properly read the contents of the rest of the book.</region>
        <outsider class="DoCO:TextBox" type="page_nr" id="156" page="16" column="1">14</outsider>
        <outsider class="DoCO:TextBox" type="header" id="157" page="16" column="1">Fausto Giunchiglia and Feroz Farazi and Letizia Tanca and Roberto De Virgilio</outsider>
      </section>
      <section class="DoCO:Section">
        <h1 class="DoCO:SectionTitle" id="158" page="16" column="1">Appendix A: RDF(S) Constructs</h1>
        <region class="DoCO:TextChunk" id="159" page="16" column="1">This appendix provides a list of the thirty-three RDF(S)constructs excluding the sub-properties of rdfs:member.</region>
        <region class="DoCO:TextChunk" id="160" confidence="possible" page="16" column="1">The RDF(S) constructs are rdf:about, rdf:Alt, rdf:Bag, rdf:Description, rdf:first, rdf:ID, rdf:List, rdf:nil, rdf:Object, rdf:predicate, rdf:Property, rdf:resource, rdf:rest, rdf:Seq, rdf:Statement, rdf:subject, rdf:type, rdf:value, rdf:XMLLiter- al, rdfs:Class, rdfs:comment, rdfs:Container, rdfs:ContainerMembershipProp- erty, rdfs:Datatype, rdfs:domain, rdfs:isDefinedBy, rdfs:label, rdfs:Literal, rdfs:member, rdfs:range, rdfs:seeAlso, rdfs:subClassOf, and rdfs:subPropertyOf. Details of the meaning of the above constructs can be found in the RDF(S) manuals. To provide a few examples, rdfs:Class allows to represent a concept, rdfs:subClassOf to state that a concept is more specific than another, rdf:resource to represent a resource (an instance of a concept), rdfs:label to represent a human readable label (for a concept or resource or property), rdfs:comment to provide a human readable description of a concept or resource or property.</region>
      </section>
      <section class="DoCO:Section">
        <h1 class="DoCO:SectionTitle" id="161" page="16" column="1">Appendix B: OWL Constructs</h1>
        <region class="DoCO:TextChunk" id="162" page="16" column="1">This appendix provides the lists of the forty OWL constructs and eleven RDF(S) constructs that can be used in an OWL representation.</region>
        <region class="DoCO:TextChunk" id="163" confidence="possible" page="16" column="1">The OWL constructs are owl:AllDifferent, owl:allValuesFrom, owl:Annotation Property, owl:backwardCompatibleWith, owl:cardinality, owl:Class, owl: complementOf, owl:DataRange, owl:DatatypeProperty, owl:DeprecatedClass, owl: DeprecatedProperty, owl:differentFrom, owl:disjointWith, owl:distinctMembers, owl:equivalentClass, owl:equivalentProperty, owl:FunctionalProperty, owl:- hasValue, owl:imports, owl:incompatibleWith, owl:intersectionOf, owl:Invers- eFunctionalProperty, owl:inverseOf, owl:maxCardinality, owl:minCardinality, owl:Nothing, owl:ObjectProperty, owl:oneOf, owl:onProperty, owl:Ontology, owl:OntologyProperty, owl:priorVersion, owl:Restriction, owl:sameAs, owl:so- meValuesFrom, owl:SymmetricProperty, owl:Thing, owl:TransitiveProperty, owl:unionOf, and owl:versionInfo. The RDF(S) constructs are rdf:about, rdf:ID, rdf:resource, rdf:type, rdfs: comment, rdfs:domain, rdfs:label, rdfs:Literal, rdfs:range, rdfs:subClassOf, and rdfs:subPropertyOf. To provide a few examples of the meaning of the constructs above, owl:Class can be used to represent a concept, owl:equivalentClass to state that a concept is equivalent to another, owl:Thing to represent an instance of a concept, owl:sameAs to state that two instances refer the same thing.</region>
        <outsider class="DoCO:TextBox" type="header" id="164" page="17" column="1">1 The Semantic Web Languages</outsider>
        <outsider class="DoCO:TextBox" type="page_nr" id="165" page="17" column="1">15</outsider>
      </section>
      <section class="DoCO:Bibliography">
        <h1 class="DoCO:SectionTitle" id="166" page="17" column="1">References</h1>
        <ref-list class="DoCO:BiblioGraphicReferenceList">
          <ref rid="R1" class="deo:BibliographicReference" id="167" page="17" column="1">1. S. Amarel. On representations of problems of reasoning about actions. In Machine Intelligence 3, Elsevier, pages 131–171, 1968.</ref>
          <ref rid="R2" class="deo:BibliographicReference" id="168" page="17" column="1">2. Baader, F., Calvanese, D., McGuinness, D.L., Nardi, D., Patel-Schneider, P.F., eds.: The description logic handbook: theory, implementation, and applications. Cambridge University Press, New York, NY, USA (2003)</ref>
          <ref rid="R3" class="deo:BibliographicReference" id="169" page="17" column="1">3. Beckett, D.: RDF/XML Syntax Specification (Revised). Technical report, World Wide Web Consortium (W3C), Recommendation, February 10 (2004)</ref>
          <ref rid="R4" class="deo:BibliographicReference" id="170" page="17" column="1">4. Bechhofer, S., Harmelen, F. V., Hendler, J., Horrocks, I., McGuinness, D. L., Patel- Schneider, P. F. and Stein, L. A.: OWL Web Ontology Language Reference. Technical report, World Wide Web Consortium (W3C), Recommendation, February 10 (2004)</ref>
          <ref rid="R5" class="deo:BibliographicReference" id="171" page="17" column="1">5. Berners-Lee, T.: Weaving the Web. Orion Business Books (1999)</ref>
          <ref rid="R6" class="deo:BibliographicReference" id="172" page="17" column="1">6. Berners-Lee, T., Hendler, J. A. and Lassila, O.: The Semantic Web. In Scientific American Journal, 284(5), 34-43 (2001)</ref>
          <ref rid="R7" class="deo:BibliographicReference" id="173" page="17" column="1">7. Bouquet, P., Giunchiglia, F., Harmelen, F. V., Serafini, L. and Stuckenschmidt, H.: C-OWL: Contextualizing ontologies. In International Semantic Web Conference, 164– 179 (2003)</ref>
          <ref rid="R8" class="deo:BibliographicReference" id="174" page="17" column="1">8. Bray, T., Paoli, J., Sperberg-McQueen, C. M., Maler, E., Yergeau, F.: Extensible Markup Language (XML) 1.0 (Fourth Edition). Technical report,World Wide Web Consortium (W3C), Recommendation, February 10 (2004)</ref>
          <ref rid="R9" class="deo:BibliographicReference" id="175" page="17" column="1">9. Brickley, D. and Guha, R. V.: RDF Vocabulary Description Language 1.0: RDF Schema. Technical report,World WideWeb Consortium (W3C), Recommendation, February 10 (2004)</ref>
          <ref rid="R10" class="deo:BibliographicReference" id="176" page="17" column="1">10. Carroll, J. J., and Roo, J. D.: OWL Web Ontology Language Test Cases. Technical report, World Wide Web Consortium (W3C), Recommendation, February 10 (2004)</ref>
          <ref rid="R11" class="deo:BibliographicReference" id="177" page="17" column="1">11. S. Ceri, G. Gottlob and L. Tanca. Logic Programming and Databases. Springer Book, 1990.</ref>
          <ref rid="R12" class="deo:BibliographicReference" id="178" page="17" column="1">12. F. M. Donini, M. Lenzerini, D. Nardi, A. Schaerf and W. Nutt. Adding Epistemic Operators to Concept Languages. In 3th International Conference on Principles of Knowledge Representation and Reasoning (KR’92), Cambridge, MA, 1992.</ref>
          <ref rid="R13" class="deo:BibliographicReference" id="179" page="17" column="1">13. Fallside, D. C., and Walmsley, P.: XML Schema Part 0: Primer Second Edition. Technical report, World Wide Web Consortium (W3C), Recommendation, October 28 (2004)</ref>
          <ref rid="R14" class="deo:BibliographicReference" id="180" page="17" column="1">14. Giunchiglia, F., and Marchese, M., and Zaihrayeu, I.: Encoding Classifications into Lightweight Ontologies. Journal on Data Semantics VIII, LNCS 4380, pp. 57-81, (2007).</ref>
          <ref rid="R15" class="deo:BibliographicReference" id="181" page="17" column="1">15. Giunchiglia F., Shvaiko P., Yatskevich M.: Discovering Missing Background Knowledge in Onology Matching. Proceedings: 17th European Conference on Artificial In- telligance (ECAI), p. 382-386. (2006)</ref>
          <ref rid="R16" class="deo:BibliographicReference" id="182" page="17" column="1">16. Giunchiglia, F. and Walsh, T.: Abstract Theorem Proving” Proceedings of the 11th International Joint Conference on Artificial Intelligence (IJCAI’89), pp. 372-377, (1989)</ref>
          <ref rid="R17" class="deo:BibliographicReference" id="183" page="17" column="1">17. Giunchiglia, F., Dutta, B., Maltese, V.: Faceted lightweight ontologies. Concep- tual Modeling: Foundations and Applications”, Borgida, A., and Chaudhri, V., and Giorgini,P., and Yu, E. (Eds.) LNCS 5600 Springer (2009)</ref>
          <ref rid="R18" class="deo:BibliographicReference" id="184" page="17" column="1">18. Giunchiglia, F., Zaihrayeu, I.: Lightweight Ontologies. In The Encyclopedia of Database Systems, to appear. Springer, (2008)</ref>
          <ref rid="R19" class="deo:BibliographicReference" id="185" page="17" column="1">19. Grant, J. and Beckett, D.: RDF Test Cases. Technical report, World Wide Web Consortium (W3C), Recommendation, February 10 (2004)</ref>
          <ref rid="R20" class="deo:BibliographicReference" id="186" page="17" column="1">20. Guarino, N. and Giaretta P.: Ontologies and Knowledge Bases: Towards a Terminolog- ical clarification. In Mars, N. (ed.) Towards Very Large Knowledge Bases: Knowledge Building and Knowledge sharing. IOS Press (1995)</ref>
          <ref rid="R21" class="deo:BibliographicReference" id="187" page="17" column="1">21. Hayes, P.: RDF Semantics. Technical report, World Wide Web Consortium (W3C), Recommendation, February 10 (2004)</ref>
          <ref rid="R22" class="deo:BibliographicReference" id="190" page="18" column="1">22. Hefflin, J.: OWL Web Ontology Language Use Cases and Requirements. Technical report,World WideWeb Consortium (W3C), Recommendation, February 10 (2004)</ref>
          <ref rid="R23" class="deo:BibliographicReference" id="191" page="18" column="1">23. P. F. Patel-Schneider and I. Horrocks. A comparison of two modelling paradigms in the Semantic Web. In Journal of Web Semantics 5(4):240–250, 2007.</ref>
          <ref rid="R24" class="deo:BibliographicReference" id="192" page="18" column="1">24. Klyne, G. and Carroll, J. J.: Resource Description Framework (RDF): Concepts and Abstract Syntax. Technical report, World Wide Web Consortium (W3C), Recommendation, February 10 (2004)</ref>
          <ref rid="R25" class="deo:BibliographicReference" id="193" page="18" column="1">25. V. Lifschitz. Nonmonotonic Databases and Epistemic Queries. In 12th International Joint Conference on Artificial Intelligence (IJCAI’91), Sydney, Australia, 1991.</ref>
          <ref rid="R26" class="deo:BibliographicReference" id="194" page="18" column="1">26. Manola, F., and Miller, M.: RDF Primer. Technical report, World Wide Web Consortium (W3C), Recommendation, February 10 (2004)</ref>
          <ref rid="R27" class="deo:BibliographicReference" id="195" page="18" column="1">27. McGuinness, D. L., and Harmelen, F. V.: OWL Web Ontology Language Overview. Technical report, World Wide Web Consortium (W3C), Recommendation, February 10 (2004)</ref>
          <ref rid="R28" class="deo:BibliographicReference" id="196" page="18" column="1">28. Patel-Schneider, P. F., Hayes, P., and Horrocks, I.: OWL Web Ontology Language Guide Semantics and Abstract Syntax. Technical report, World Wide Web Consortium (W3C), Recommendation, February 10 (2004)</ref>
          <ref rid="R29" class="deo:BibliographicReference" id="197" page="18" column="1">29. Rector, A. and Welty, C.: Simple part-whole relations in OWL Ontologies, W3C Working Draft, August 11 (2005)</ref>
          <ref rid="R30" class="deo:BibliographicReference" id="198" page="18" column="1">30. R. Reiter. On Closed World Data Bases. In Symposium on Logic and Data Bases, 1977.</ref>
          <ref rid="R31" class="deo:BibliographicReference" id="199" page="18" column="1">31. Sirin,E., Parsia,B., Grau, B.C., Kalyanpur, A., and Katz, Y.: Pellet: A practical owl-dl reasoner. Journal of Web Semantics. (2003.</ref>
          <ref rid="R32" class="deo:BibliographicReference" id="200" page="18" column="1">32. Smith, M. K., Welty, C. and McGuinness, D. L.: OWL Web Ontology Language Guide. Technical report,World WideWeb Consortium (W3C), Recommendation, February 10 (2004)</ref>
          <ref rid="R33" class="deo:BibliographicReference" id="201" page="18" column="1">33. Zaihrayeu,I., and Su,L., and Giunchiglia, F., and Pan,L., and Qi, J., and Chi, M., and Huang, X.: From Web Directories to Ontologies: Natural Language Processing Challenges. 6th International Semantic Web Conference and the 2nd Asian Semantic Web Conference, (ISWC + ASWC), Busan, Korea, (2007)</ref>
        </ref-list>
        <outsider class="DoCO:TextBox" type="page_nr" id="188" page="18" column="1">16</outsider>
        <outsider class="DoCO:TextBox" type="header" id="189" page="18" column="1">Fausto Giunchiglia and Feroz Farazi and Letizia Tanca and Roberto De Virgilio</outsider>
      </section>
    </body>
  </article>
</pdfx>
