<?xml version='1.0' encoding='UTF-8'?>
<pdfx xmlns:xsi="http://www.w3.org/2001/XMLSchema-instance" xsi:noNamespaceSchemaLocation="http://pdfx.cs.man.ac.uk/static/article-schema.xsd">
  <meta>
    <job>82ca466ac3645f3aa3076071e42302d06e3cc4b15a693475d4fac76cc76d7218</job>
    <base_name>dy</base_name>
    <doi>http://dx.doi.org/10.5220/0003185704510456</doi>
    <warning>Name identification was not possible. </warning>
  </meta>
  <article>
    <front class="DoCO:FrontMatter">
      <title-group>
        <article-title class="DoCO:Title" id="1">A SEMANTIC SCRAPING MODEL FOR WEB RESOURCES Applying Linked Data to Web Page Screen Scraping</article-title>
      </title-group>
      <region class="unknown" id="6">José Ignacio Fernández-Villamor, Jacobo Blasco-Garcıa, Carlos A.  ́ Iglesias, Mercedes Garijo Departamento de Ingnierıa de Sistemas Telemáticos, Universidad Politécnica de Madrid, Spain <email id="2">jifv@dit.upm.es</email>, <email id="3">j.blasco@alumnos.upm.es</email>, <email id="4">cif@dit.upm.es</email>, <email id="5">mga@dit.upm.es</email> Keywords: Information extraction, Linked Data, screen scraping</region>
      <abstract class="DoCO:Abstract" id="8">Abstract: <marker type="block"/> In spite of the increasing presence of Semantic Web Facilities, only a limited amount of the available resources in the Internet provide a semantic access. Recent initiatives such as the emerging Linked Data Web are providing semantic access to available data by porting existing resources to the semantic web using different technologies, such as database-semantic mapping and scraping. Nevertheless, existing scraping solutions are based on ad-hoc solutions complemented with graphical interfaces for speeding up the scraper development. This article proposes a generic framework for web scraping based on semantic technologies. This framework is structured in three levels: scraping services, semantic scraping model and syntactic scraping. The first level provides an interface to generic applications or intelligent agents for gathering information from the web at a high level. The second level defines a semantic RDF model of the scraping process, in order to provide a declarative approach to the scraping task. Finally, the third level provides an implementation of the RDF scraping model for specific technologies. The work has been validated in a scenario that illustrates its application to mashup technologies.</abstract>
    </front>
    <body class="DoCO:BodyMatter">
      <section class="deo:Introduction">
        <h1 class="DoCO:SectionTitle" id="9" page="1" column="1">1 INTRODUCTION</h1>
      </section>
      <region class="DoCO:TextChunk" id="22" page="1" column="1">A growing amount of data is available to users in the web. Web users can enjoy plenty of services and information in e-commerce web sites, electronic newspapers, blogs and social networks. Although this data is available for its consumption by users, its format is not suited for automated agents and computer programs. This has favoured the research in several fields such as web content mining ( <xref ref-type="bibr" rid="R11" id="10" class="deo:Reference">Kosala and Blockeel, 2000</xref>) or Semantic Web (Berners-<xref ref-type="bibr" rid="R1" id="11" class="deo:Reference">Lee et al., 2001</xref>), that seek manners to build linked interoperable data that can be automatically processed by software systems. Several approaches such as Linked Data initiative (<xref ref-type="bibr" rid="R2" id="12" class="deo:Reference">Bizer et al., 2009</xref>) are favouring the publication of annotated data in web resources, so that automatic processes can actually consume this data and perform other operations. Similarly, other research fields at- tempt to take advantage of this amount of available information, such as mashup applications. However, ontologies and applications that expose their data are<marker type="column" number="2"/><marker type="block"/> not widespread, constraining the Linked Data initiative, mashups and service composition. The field of Web Content Mining applies data mining techniques to the discovery and extraction of information available on the Web. Web Content Mining comprises several research fields such as Information Extraction or Natural Language Processing, which research related techniques that are used to extract data from web documents (<xref ref-type="bibr" rid="R6" id="14" class="deo:Reference">Chang et al., 2006</xref>). Approaches to the problem of extracting information out of HTML documents considers processing ei- ther the DOM tree or the resulting rendering information. The first approach involves defining an extractor or wrapper (<xref ref-type="bibr" rid="R12" id="15" class="deo:Reference">Kushmerick, 1997</xref>) (<xref ref-type="bibr" rid="R13" id="16" class="deo:Reference">Kushmerick, 2000</xref>) that selects the relevant information out of the DOM tree. The latter is a vision-based approach that at- tempts to provide a more general solution to the problem by assuming that similar content types have similar visual features (<xref ref-type="bibr" rid="R16" id="17" class="deo:Reference">Wei et al., 2006</xref>) (<xref ref-type="bibr" rid="R5" id="18" class="deo:Reference">Cai et al., 2003</xref>). In this paper, we define a framework for web scraping for the extraction of RDF graphs that represent content in HTML documents. This framework<marker type="page" number="2"/><marker type="column" number="1"/><marker type="block"/> allows defining services based on screen scraping by linking data from RDF graphs with contents defined in HTML documents. We have used this model to build a semantic scraper that uses RDF-based extractors to select fragments and data from web documents and build RDF graphs out of unstructured information. The model enables to generate graphs in different representations by keeping the original sources in the resulting graph. The paper is organized as follows. First, the framework for scraping of web resources is defined in section 2. The development of a scenario with semantic scrapers that uses the model is described in section 3. Finally, related work is compared with the one presented in this paper, and the main conclusions and future research lines are presented.</region>
      <region class="DoCO:FigureBox" id="F1">
        <image class="DoCO:Figure" src="dy.page_002.image_01.png" thmb="dy.page_002.image_01-thumb.png"/>
        <caption class="deo:Caption" id="21" page="2" column="1">Figure 1: Semantic scraping framework</caption>
      </region>
      <section class="DoCO:Section">
        <h1 class="DoCO:SectionTitle" id="23" page="2" column="1">2 SEMANTIC SCRAPING FRAMEWORK</h1>
        <region class="DoCO:TextChunk" id="27" page="2" column="1">In this paper, a framework for using semantic extracted data from the web is defined, which is shown in <xref ref-type="fig" rid="F1" id="24" class="deo:Reference">figure 1</xref>. The model considers three levels of ab- straction in order to provide an integrated model for semantic scraping: • Scraping service level. This level comprises services that make use of semantic data extracted from unannotated web resources. Possible services that benefit from using this kind of data can be opinion miners, recommenders, mashups that index and filter pieces of news, etc. • Semantic scraping level. This level defines a model that maps HTML fragments to semantic web resources. By using this model to define the mapping of a set of web resources, the data from<marker type="column" number="2"/><marker type="block"/> the web is made available as knowledge base to scraping services. This level provides semantics to the syntactic scraping capabilities of the level below. • Syntactic scraping level. This level gives sup- port to the interpretation to the semantic scraping model. Wrapping and Extraction techniques such as DOM selectors are defined at this level for their use by the semantic scraping level. The framework is stacked on top of the REST architectural style (<xref ref-type="bibr" rid="R7" id="26" class="deo:Reference">Fielding, 2000</xref>). This architectural style is the one the World Wide Web is based on, and defines a hypermedia distributed system. The additional semantics and data mappings that are necessary to allow information scraping on a RESTful architecture are defined by the upper levels of our framework. In this section, the levels defined in the framework are described in further detail.</region>
        <section class="DoCO:Section">
          <h2 class="DoCO:SectionTitle" id="28" page="2" column="2">2.1 SCRAPING SERVICE LEVEL</h2>
          <region class="DoCO:TextChunk" id="30" page="2" column="2">This level comprises all services and applications that make use of the semantic scraping level by providing value to an end user. Services such as opinion miners, recommenders, mashups, data mining applications or any agent-based service benefit from an in- creased level of knowledge. Other approaches that make use of the semantic scraping facilities can be automatic service composition for automatic generation of new applications out of existing services. Scraping technologies allow getting wider access to data from the web for these kinds of services. The paradigm behind scraping services has sub- tle differences from that behind traditional Semantic Web applications or knowledge-based systems. While annotated data in the Semantic Web allows automatic knowledge extraction and retrieval by automatic agents, data in unstructured web documents re- quire prior supervision of some kind to allow information extraction. This implies that when designing a scraping service some of the following steps might be required: • Scraping data identification. Data that wants to be scraped and merged with other knowledge is identified in this task. Target web sites and resources are identified for fragment extraction. • Data modelling. A model to represent the extracted data is defined in this task. Either existing ontologies might be available or new ones should be defined. The result from this step is an ontology that fits the data that needs to be extracted. A bounded context, i.e. a conceptual context where a domain model has a non-ambiguous meaning, <marker type="page" number="3"/><marker type="column" number="1"/><marker type="block"/> should be identified in order to separate domain models of similar fields. Methodologies for the definition of ontologies can be useful for this task. • Extractor generalization. In order to perform massive extractions, enough samples need to be col- lected to generalize an appropriate extractor. This collection of samples needs to be provided to a human administrator or an automated or semi- automated module. Using this data set, one or more extractors are defined at the semantic scraping level and serve to provide additional knowledge to the scraping service. Consider a movie recommender that requires extracting data from the Internet Movie Database. Data about reviews are added to the recommender’s knowledge in order to enable collaborative filtering of movies. Reviews and user reviewers are therefore the identified data to scrape. As long as an existing movie ontology is defined, no new modelling would be needed for this task. Also, in case extractors are built automatically using a machine learning approach, data samples should belong to the bounded context of cinema and movies. Therefore, considering our framework, the movie recommender is a scraping service that makes use of additional knowledge available in unstructured resources from the web.</region>
        </section>
        <section class="DoCO:Section">
          <h2 class="DoCO:SectionTitle" id="31" page="3" column="1">2.2 SEMANTIC SCRAPING LEVEL</h2>
          <region class="DoCO:TextChunk" id="36" page="3" column="1">This level defines the mapping between web data and semantic web resources. An RDF model that allows formalizing this mapping has been defined. Applying the model to the definition of extractors of web resources allows separating the declarative from the procedural model in the web content extraction process. This enables implementing technology- independent extractors or automating certain tasks such as focused and personalized scraping, as will be described in section 3. The proposed model allows to reference HTML fragments in RDF and define web content extractors, being a basis for the programmatic definition of extractors for screen scraping. This requires bridging the gap between both RDF and HTML’s data models. HTML is a markup language for documents with a tree-structured data model. On the other hand, RDF’s data model is a collection of node triples, defined by a subject, a predicate, and an object. Each node can be a text literal, a resource (identified by a URI) or a blank node. A model comprisen of a vocabulary of RDF terms has been defined to represent HTML fragments and their mapping to RDF resources. This serves as a model for the semantic scraping level. A summary <marker type="column" number="2"/><marker type="block"/> of the model is shown in <xref ref-type="fig" rid="F2" id="35" class="deo:Reference">figure 2</xref>. The basic classes of the model are described next: Scraper A scraper is an automatic agent that is able to extract particular fragments out of the web. Fragment Any element of an HTML document. It serves to represent and traverse a whole subtree of a document. Selector A condition that indicates which this element is. Different selector terms are defined for each selector type. Selectors can be XPath expressions, CSS selectors, URI selectors, etc. Selectors are means to identify a web document fragment. Mapping The mapping between a fragment and an RDF resource or blank node. An identifier is defined to map the fragment to a URI. A predicate between the parent’s mapped fragment and this is defined to produce an RDF triple. Also, an RDF class can be assigned to the mapped resource of this fragment. Presentation The representation of a fragment. This includes HTML attributes as well as visual param- eters such as color, size or font. The proposed vocabulary serves as link between HTML document’s data and RDF data by defining a model for scraping agents. With this RDF model, it is possible to build an RDF graph of HTML nodes given an HTML document, and connects the top and lowest levels in the scraping framework to the semantic scraping level.</region>
          <region class="DoCO:FigureBox" id="F2">
            <image class="DoCO:Figure" src="dy.page_003.image_02.png" thmb="dy.page_003.image_02-thumb.png"/>
            <caption class="deo:Caption" id="34" page="3" column="2">Figure 2: Semantic scraping RDF model</caption>
          </region>
        </section>
        <section class="DoCO:Section">
          <h2 class="DoCO:SectionTitle" id="37" page="3" column="2">2.3 SYNTACTIC SCRAPING LEVEL</h2>
          <region class="DoCO:TextChunk" id="43" page="3" column="2">This level defines the required technologies to extract data from web resources. It provides a basis for a interpretation of the semantics defined in the semantic scraper level’s RDF model. Some of the considered scraping techniques in this level are the following: • Content Style Sheet selectors. Content Style Sheets define the visual properties of HTML el- <marker type="page" number="4"/><marker type="column" number="1"/><marker type="block"/> ements. These visual properties are mapped to elements through the use of CSS selectors, defined through a specific language. Therefore, CSS is one technology that serves to select and extract data. • XPath selectors. Similarly to CSS selectors, the XML Path Language 1 is a different language for HTML node selection. • URI patterns. URI patterns allow to select web resources according to a regular expression that is applied on the resource’s URI. While XPath or CSS selectors are able to select an element at document level, URI patterns allow selecting documents, i.e. resources representations, according to the resource’s URI. • Visual selectors. Visual information can be used to select nodes. HTML nodes are rendered with a set of visual properties given by the used browser. It is common that human users prefer uniform web designs. Web designers thus make elements of a same kind to be rendered with similar visual properties to help identification. A visual selector is a condition that combines several visual properties of an element to identify the element’s class. Other kinds of selectors that process HTML’s inner text are available as well and fit into the model. This way, extractions from natural language parsing or text tokenization are possible. Selectors at the syntactic scraping level allow to identify HTML nodes. Either a generic element or an unambiguously identified element can be selected using these techniques. Their semantics are defined in the upper semantic scraping level, allowing to map data in HTML fragments to RDF resources. An example of the usage of selectors for a news scraper is shown in <xref ref-type="fig" rid="F3" id="39" class="deo:Reference">figure 3</xref>. In this case, a scraper is defined that is able to scrape a set of posts (by using the SIOC ontology (<xref ref-type="bibr" rid="R4" id="40" class="deo:Reference">Breslin et al., 2006</xref>)) from a specific URI. A sample mapped RDF graph is shown in the figure, too. The scraper can be retrieved by using the following SPARQL 2 query at a scraper store: SELECT ?scraper WHERE { ?scraper rdf:type sc:Scraper ?scraper sc:extracts ?fragment ?fragment sc:mapping ?mapping ?mapping sc:type sioc:Post } With that, all the stored scrapers that extracts posts will be retrieved, allowing further queries to them to obtain the desired information. 1 <ext-link ext-link-type="uri" href="http://www.w3.org/TR/xpath/" id="41">http://www.w3.org/TR/xpath/</ext-link> 2 <ext-link ext-link-type="uri" href="http://www.w3.org/TR/rdf-sparql-query/" id="42">http://www.w3.org/TR/rdf-sparql-query/</ext-link></region>
        </section>
      </section>
      <section class="DoCO:Section">
        <h1 class="DoCO:SectionTitle" id="44" page="4" column="2">3 VALIDATION</h1>
        <region class="DoCO:TextChunk" id="53" page="4" column="2">A semantic scraper that follows the defined framework has been developed 3 . The defined RDF model is used at the semantic scraping level. Open Source We- bkit library 4 has been used to implement the scraper at the syntactic scraping level. Both a scraping API and an HTTP proxy pattern interface are supported by the scraper. The considered scenario points out some of the benefits of using a semantic scraper. The scenario has the goal of showing the most commented sports news on a map, according to the place they were taken. The main techonological challenges behind this scenario are (i) the lack of semantic annotations in the sports news web sites, (ii) the potential semantic mismatch among these sites and (iii) the potential structural mismatch among these sites. The rationale to use semantic scraping resides in that many of the available sport news web sites do not provide semantic annotations nor microformats, and do not include some relevant information in their RSS feeds, such as location, users’ comments or ratings. The general approach to realise this scenario would consist of (i) defining the data schema to be extracted from selected sports news web sites, (ii) defining and implementing these extractors and (iii) defining the mashup by specifying the sources, mashup op- erators and renderers. This paper is focused on the first two steps. First, the extracted data is modelled using an ontology derived from SportsML 5 , a model for representing sports data. Then, the scraping rules are defined. Our framework allows the definition of these rules based on structural or visual properties, according to the model presented previously. In order to avoid massive scraping, semantic properties are used for defining this task. For example, scrape only web resources of this news category which is obtained from the newspapers’ home page. Some examples of the expressivity of this approach are: identify the news title are the one with big font and a link to a detail page, or select only news with an associated image. Also, other types of rules are possible, such as the ones shown in <xref ref-type="fig" rid="F3" id="45" class="deo:Reference">figure 3</xref>. Also, when considering scraping, recursive access to resources needs to be performed. For instance, a piece of news may show up as a title and a brief summary in a newspaper’s homepage, but offers the whole content (including location, authors, and more) in its own URL. This can make scraping a time consuming<marker type="page" number="5"/><marker type="column" number="1"/><marker type="block"/> task. Our model allows focused scraping, i.e., scraping only the required resources, considering a given, high-level goal. In this scenario, focused scraping is performed by limiting the scraping to sports news. Category information in newspapers’ home pages is used to reduce the number of recursive steps that need to be performed in order to retrieve all the information. Following this approach, the data is extracted and the news are placed on a map. This shows how the defined framework can be applied and how this research work can be integrated with mashup technologies.</region>
        <region class="unknown" id="50" page="4" column="2">3 <ext-link ext-link-type="uri" href="http://github.com/josei/scrappy" id="47">http://github.com/josei/scrappy</ext-link> 4 <ext-link ext-link-type="uri" href="http://webkit.org/" id="48">http://webkit.org/</ext-link> 5 <ext-link ext-link-type="uri" href="http://www.iptc.org/cms/site/index.html?" id="49">http://www.iptc.org/cms/site/index.html?</ext-link> channel=CH0105</region>
        <region class="DoCO:FigureBox" id="F3">
          <image class="DoCO:Figure" src="dy.page_005.image_03.png" thmb="dy.page_005.image_03-thumb.png"/>
          <caption class="deo:Caption" id="52" page="5" column="1">Figure 3: Example of semantic scraper</caption>
        </region>
      </section>
      <section class="deo:RelatedWork">
        <h1 class="DoCO:SectionTitle" id="54" page="5" column="1">4 RELATED WORK</h1>
        <region class="DoCO:TextChunk" id="67" page="5" column="1">The related work in web scraping technology can be classified attending to the targeted user, the end user or the programmer. In the first category, we can point out the systems Piggy Bank ( <xref ref-type="bibr" rid="R10" id="55" class="deo:Reference">Huynh et al., 2007</xref>), Reform (<xref ref-type="bibr" rid="R15" id="56" class="deo:Reference">Toomim et al., 2009</xref>), Thresher (<xref ref-type="bibr" rid="R9" id="57" class="deo:Reference">Hogue, 2005</xref>) and Mar- mite (<xref ref-type="bibr" rid="R17" id="58" class="deo:Reference">Wong and Hong, 2007</xref>). Piggy Bank (<xref ref-type="bibr" rid="R10" id="59" class="deo:Reference">Huynh et al., 2007</xref>) provides also a web scraper that extracts RDF out of web pages. Nevertheless, their approach is based on a browser plugin that provides a visual interface for programming the scraper and produces JavaScript as a result. Reform (<xref ref-type="bibr" rid="R15" id="60" class="deo:Reference">Toomim et al., 2009</xref>) proposes that scrapers can be attached to web pages by non programmers. The system is also integrated in Firefox web browser and allows users to annotate which parts of the web page contains a predefined pattern, and includes machine learning techniques for generalisating these annotations in the scraper. Thresher (<xref ref-type="bibr" rid="R9" id="61" class="deo:Reference">Hogue, 2005</xref>) provides an interface where users can specify examples of semantic pat-<marker type="column" number="2"/><marker type="block"/> terns by highlighting and assigning relevant features in the semantic web browser Haystack. The fact that these tools cannot be compatible, since their scrapers are based on JavaScript code, points out some of the benefits of our proposal. First, the definition of a general model for scrapers allows separating its programming model for its interface. In addition, our proposal defines scraping task goals at the knowledge level in RDF. In this way, scraping task goals can be queried, analysed and composed in RDF, which is not feasible if we specify these goals in an implementation language such as JavaScript. In the second category, we can point out Chicken- foot (<xref ref-type="bibr" rid="R3" id="63" class="deo:Reference">Bolin et al., 2005</xref>), Denodo (<xref ref-type="bibr" rid="R14" id="64" class="deo:Reference">Pan et al., 2002</xref>). Both define JavaScript libraries for scraping. This work fits in the implementation level of our framework for implementing the scraping of a given RDF scraping specification, which enables interoperability across scraping implementation libraries. GRDDL (Hazaël-<xref ref-type="bibr" rid="R8" id="65" class="deo:Reference">Massieux and Connolly, 2004</xref>) is the standard technology for extracting RDF out of HTML or XML documents. In order to extract the RDF semantic information, a GRDDL-aware agent should read the GRDDL annotations of the HTML/XML resources, which are usually provided as XSLT annotations. Our approach goes one step further than GRDDL, even though it is compatible with it. Our approach can address both GRDDL- annotated resources as well as non-annotated resources. GRDDL proposes a syntactic approach that can benefit from the reuse of scrapers among web sites. However, GRDDL specifies an unidirectional mapping between the implementation (XSLT scraper) and the web resource. In contrast, our approach provides a semantic framework which enables to deref- erence scraped data and reason about the scraping<marker type="page" number="6"/><marker type="column" number="1"/><marker type="block"/> process. This enables enhacements in the scraping process, such as reasoning on visual aspects of the web resource, distributed scraping using multiagent systems, or focused scraping and reasoning on the scraped resources (for example, search a piece of sports news about Rafael Nadal taken in China).</region>
      </section>
      <section class="deo:Conclusion">
        <h1 class="DoCO:SectionTitle" id="68" page="6" column="1">5 CONCLUSIONS AND FUTURE WORK</h1>
        <region class="DoCO:TextChunk" id="69" page="6" column="1">In this paper, the problem behind web information extraction and screen scraping has been outlined, while the main approaches to it have been summa- rized. The lack of an integrated framework for scraping data from the web has been identified as a problem, and this paper presents a framework that tries to fill this gap. An RDF model for web scraping has been defined at the semantic scraping level. The objective of this RDF model should not be confused with that of RDFa. RDFa defines a format for marking up HTML elements to extract an RDF graph. Our model com- plements RDFa by allowing RDF graphs to refer to data that is present in HTML fragments in an unannotated HTML document. This enables an open framework for web scraping. The tasks of building an RDF graph out of a web document has been shown. With this, a semantic screen scraper has been developed. The semantic screen scraper produces RDF graphs out of web documents and RDF-defined extractors, that offer interoperable scraping information. Future works involve experimenting with the automatic construction of mappings out of incomplete ones or unstructured HTML resources. While some of the approaches to information extraction deal with wrapper induction or vision-based approaches, the modelling of web page fragments as web resources changes the paradigm behind this task. Approaches such as machine learning or graph analysis can be combined and applied to this different scenario.</region>
      </section>
      <section class="deo:Acknowledgements">
        <h1 class="DoCO:SectionTitle" id="70" page="6" column="1">ACKNOWLEDGEMENTS</h1>
        <region class="DoCO:TextChunk" id="71" page="6" column="1">This research project is funded by the European Com- mission under the R&amp;D project OMELETTE (FP7- ICT-2009-5), and by the Spanish Government under the R&amp;D projects Contenidos a la Carta (TSI- 020501-2008-114) and T2C2 (TIN2008-06739-C04- 01).</region>
      </section>
      <section class="DoCO:Bibliography">
        <h1 class="DoCO:SectionTitle" id="72" page="6" column="2">REFERENCES</h1>
        <ref-list class="DoCO:BiblioGraphicReferenceList">
          <ref rid="R1" class="deo:BibliographicReference" id="73" page="6" column="2">Berners-Lee, T., Hendler, J., Lassila, O., et al. (2001). The semantic web. Scientific american, 284(5):28–37.</ref>
          <ref rid="R2" class="deo:BibliographicReference" id="74" confidence="possible" page="6" column="2">Bizer, C., Heath, T., and Berners-Lee, T. (2009). Linked data-the story so far. sbc, 14(w3c):9.</ref>
          <ref rid="R3" class="deo:BibliographicReference" id="75" confidence="possible" page="6" column="2">Bolin, M., Webber, M., Rha, P., Wilson, T., and Miller, R. C. (2005). Automation and customization of rendered web pages. Symposium on User Interface Software and Technology, page 163.</ref>
          <ref rid="R4" class="deo:BibliographicReference" id="76" confidence="possible" page="6" column="2">Breslin, J., Decker, S., Harth, A., and Bojars, U. (2006). SIOC: an approach to connect web-based communi- ties. International Journal of Web Based Communi- ties, 2(2):133–142.</ref>
          <ref rid="R5" class="deo:BibliographicReference" id="77" confidence="possible" page="6" column="2">Cai, D., Yu, S., Wen, J.-R., and Ma, W.-Y. (2003). Extract- ing content structure for web pages based on visual representation. In Proc.5 th Asia Pacific Web Conference, pages 406–417.</ref>
          <ref rid="R6" class="deo:BibliographicReference" id="78" confidence="possible" page="6" column="2">Chang, C., Kayed, M., Girgis, M., and Shaalan, K. (2006). A survey of web information extraction systems. IEEE Transactions on Knowledge and Data Engineer- ing, pages 1411–1428.</ref>
          <ref rid="R7" class="deo:BibliographicReference" id="79" confidence="possible" page="6" column="2">Fielding, R. T. (2000). Architectural Styles and the Design of Network-based Software Architectures. PhD thesis, University of California.</ref>
          <ref rid="R8" class="deo:BibliographicReference" id="80" confidence="possible" page="6" column="2">Hazaël-Massieux, D. and Connolly, D. (2004). Glean- ing resource descriptions from dialects of languages (grddl). World Wide Web Consortium, W3C Coordi- nation Group Note NOTE-grddl-20040413.</ref>
          <ref rid="R9" class="deo:BibliographicReference" id="81" confidence="possible" page="6" column="2">Hogue, A. (2005). Thresher: Automating the unwrapping of semantic content from the world wide web. In Pro- ceedings of the Fourteenth International World Wide Web Conference, pages 86–95. ACM Press.</ref>
          <ref rid="R10" class="deo:BibliographicReference" id="82" confidence="possible" page="6" column="2">Huynh, D., Mazzocchi, S., and Karger, D. (2007). Piggy bank: Experience the semantic web inside your web browser. Web Semantics: Science, Services and Agents on the World Wide Web, 5(1):16–27.</ref>
          <ref rid="R11" class="deo:BibliographicReference" id="83" confidence="possible" page="6" column="2">Kosala, R. and Blockeel, H. (2000). Web mining research: A survey. ACM SIGKDD Explorations Newsletter, 2(1):1–15.</ref>
          <ref rid="R12" class="deo:BibliographicReference" id="84" confidence="possible" page="6" column="2">Kushmerick, N. (1997). Wrapper induction for information extraction.</ref>
          <ref rid="R13" class="deo:BibliographicReference" id="85" confidence="possible" page="6" column="2">Kushmerick, N. (2000). Wrapper induction: Efficiency and expressiveness. Artificial Intelligence, 118:2000.</ref>
          <ref rid="R14" class="deo:BibliographicReference" id="86" confidence="possible" page="6" column="2">Pan, A., Raposo, J., Alvarez,  ́ M., Montoto, P., Orjales, V., Hidalgo, J., Ardao, L., Molano, A., and Vi na, A. (2002). The denodo data integration platform. Very Large Data Bases, page 986.</ref>
          <ref rid="R15" class="deo:BibliographicReference" id="87" confidence="possible" page="6" column="2">Toomim, M., Drucker, S. M., Dontcheva, M., Rahimi, A., Thomson, B., and Landay, J. A. (2009). Attaching UI enhancements to websites with end users. Conference on Human Factors in Computing Systems, pages 1859–1868.</ref>
          <ref rid="R16" class="deo:BibliographicReference" id="88" confidence="possible" page="6" column="2">Wei, L., Meng, X., and Meng, W. (2006). Vision-based web data records extraction. In WebDB.</ref>
          <ref rid="R17" class="deo:BibliographicReference" id="89" confidence="possible" page="6" column="2">Wong, J. and Hong, J. I. (2007). Making mashups with marmite:towards end-user programming for the web. Conference on Human Factors in Computing Systems,</ref>
        </ref-list>
        <outsider class="DoCO:TextBox" type="footer" id="90" page="6" column="2">page 1435.</outsider>
      </section>
    </body>
  </article>
</pdfx>
