<?xml version='1.0' encoding='UTF-8'?>
<pdfx xmlns:xsi="http://www.w3.org/2001/XMLSchema-instance" xsi:noNamespaceSchemaLocation="http://pdfx.cs.man.ac.uk/static/article-schema.xsd">
  <meta>
    <job>10157e60b2819b8351dc60ccc3d91a89304935a1b0cfef8be860ff05b411307f</job>
    <base_name>ee</base_name>
    <doi>http://dx.doi.org/10.4018/978-1-4666-2827-4.ch005</doi>
    <warning>Name identification was not possible. </warning>
  </meta>
  <article>
    <front class="DoCO:FrontMatter">
      <title-group>
        <article-title class="DoCO:Title" id="1">A Semantic Browser for Linked Open Data</article-title>
      </title-group>
      <region class="DoCO:TextChunk" id="3" confidence="possible">Alexander Seeliger, Heiko Paulheim Technische Universität Darmstadt, Germany <email id="2">{seeliger,paulheim}@ke.tu-darmstadt.de</email></region>
      <abstract class="DoCO:Abstract" id="4">Although the Semantic Web was originally designed as a “web for machines”, the growing wealth of information in Linked Open Data has become interesting for human users as well. Consequently, quite a few browsers for Linked Open Data have recently been developed. However, despite being developed for the semantic web, those browsers often present alphabetically ordered lists of facts, without respecting the semantics of the data. In our submission to the Semantic Web Challenge, we present a semantic browser for the semantic web 1 , which aims at presenting facts from Linked Open Data in semantically coherent groups. This paper intro- duces the main algorithms as well as an evaluation of the browser with end users.</abstract>
    </front>
    <body class="DoCO:BodyMatter">
      <section class="DoCO:Section">
        <h1 class="DoCO:SectionTitle" id="5" confidence="possible" page="1" column="1">Keywords:</h1>
        <region class="DoCO:TextChunk" id="6" confidence="possible" page="1" column="1">Linked Open Data, User Interface, Browser, Semantic Interface</region>
      </section>
      <section class="deo:Introduction">
        <h1 class="DoCO:SectionTitle" id="7" page="1" column="1">1 Introduction</h1>
      </section>
      <region class="DoCO:TextChunk" id="20" page="1" column="1">Although the Semantic Web was originally designed as a “web for machines”, the growing wealth of information in Linked Open Data has become interesting for human users as well. Consequently, quite a few browsers for Linked Open Data have recently been developed. Furthermore, most servers for Semantic Web data, such as D2R 2 or Virtuoso 3 , have basic browsing capabilities. The latter provides the front-end to the popular DBpedia dataset [ <xref ref-type="bibr" rid="R1" id="8" class="deo:Reference">1</xref>], which lists all triples alphabetically, based on the predicate’s URI. Disco 4 [<xref ref-type="bibr" rid="R3" id="9" class="deo:Reference">3</xref>], Tabulator 5 and [<xref ref-type="bibr" rid="R2" id="10" class="deo:Reference">2</xref>] are some of the most popular browsers. Disco and Tabulator, like many similar systems, essentially present lists of facts, without any logical grouping and/or filtering. Thus, there are very few systems that actually provide a semantic view on the data. One rare exception is aemoo 6 [<xref ref-type="bibr" rid="R9" id="11" class="deo:Reference">9</xref>],<marker type="page" number="2"/><marker type="block"/> which extracts a number of core facts about an entity and augments them with text snippets from Wikipedia. The main idea of our semantic browser is to get the sense of specific facts. Facts that are semantically related should be grouped together. For example, for a country, there are facts about the politics (the parties, the prime minister, etc.), the geography (cities, states, etc.), the culture, the climate, and so on. Our approach aims at grouping those facts automatically so that users can get a better view of the data and find information more quickly.</region>
      <region class="unknown" id="19" page="1" column="1">1 Live demo: <ext-link ext-link-type="uri" href="http://kebap.ke.informatik.tu-darmstadt.de:8080/semantic-browser/" id="13">http://kebap.ke.informatik.tu-darmstadt.de:8080/semantic-browser/</ext-link> 2 <ext-link ext-link-type="uri" href="http://d2rq.org/d2r-server" id="14">http://d2rq.org/d2r-server</ext-link> 3 <ext-link ext-link-type="uri" href="http://virtuoso.openlinksw.com/" id="15">http://virtuoso.openlinksw.com/</ext-link> 4 <ext-link ext-link-type="uri" href="http://www4.wiwiss.fu-berlin.de/bizer/ng4j/disco/" id="16">http://www4.wiwiss.fu-berlin.de/bizer/ng4j/disco/</ext-link> 5 <ext-link ext-link-type="uri" href="http://www.w3.org/2005/ajar/tab" id="17">http://www.w3.org/2005/ajar/tab</ext-link> 6 <ext-link ext-link-type="uri" href="http://wit.istc.cnr.it/aemoo" id="18">http://wit.istc.cnr.it/aemoo</ext-link></region>
      <section class="DoCO:Section">
        <h1 class="DoCO:SectionTitle" id="21" page="2" column="1">2 Approach</h1>
        <region class="DoCO:TextChunk" id="22" page="2" column="1">Our approach foresees several steps for semantically grouping facts. First, the data is retrieved, then, the similarity of the different statements is determined. Based on that similarity, groups are formed and labeled.</region>
      </section>
      <section class="DoCO:Section">
        <h1 class="DoCO:SectionTitle" id="23" confidence="possible" page="2" column="1">2.1 Preprocessing Datasets</h1>
        <region class="DoCO:TextChunk" id="25" page="2" column="1">Data in Linked Open Data is stored as RDF data, i.e., triples of a subject, a predicate, and an object [<xref ref-type="bibr" rid="R7" id="24" class="deo:Reference">7</xref>]. When retrieving data about a resource from a Linked Open Data endpoint, in most cases, two types of triples are retrieved:</region>
      </section>
      <section class="DoCO:Section">
        <h1 class="DoCO:SectionTitle" id="26" confidence="possible" page="2" column="1">– –</h1>
        <region class="DoCO:TextChunk" id="27" confidence="possible" page="2" column="1">Triples that have the retrieved resource as their subject. For example, for the resource Darmstadt, such a triple is :Darmstadt :country :Germany. Triples that have the retrieved resource as their object. For Darmstadt, such a triple would be :TU Darmstadt :city :Darmstadt.</region>
        <region class="DoCO:TextChunk" id="30" page="2" column="1">We aim at presenting both types of triples to the user. While the subject (or the object, for the second type, respectively) is constant, there are two choices upon which to determine semantic relatedness. We have chosen to use the predicates for determining semantic relatedness, since the resources related as subjects or objects can be quite diverse. One further design decision was to treat both types of triples separately, For example, consider the following facts: <marker type="block"/> Both predicates have the same name, but if we focus on the resource Germany, they can have different meanings. In the first line, Germany is subject, that means we look at a direct property. It describes that Germany is a part of Europe. The second line describes an indirect property of Germany, namely that Hesse is a part of Germany. If we handle both predicates as one, we could not create groups for Location of Germany and States of Germany. We want to keep this information, so we handle direct and indirect predicates as two different predicates.</region>
        <region class="unknown" id="29" page="2" column="1">:Germany :partOf :Europe . :Hesse :partOf :Germany .</region>
      </section>
      <section class="DoCO:Section">
        <h1 class="DoCO:SectionTitle" id="31" confidence="possible" page="3" column="1">2.2 Determining the Similarity of Predicates</h1>
        <region class="DoCO:TextChunk" id="34" page="3" column="1">Although predicates are defined in schemas or ontologies as object or datatype properties, those definitions carry only little information about the similarity of two predicates. For example, the two DBpedia properties areaCode and leaderTitle are defined with identical domain and range definitions, however, they are not very closely related semantically. Thus, we have to use external knowledge to determine the semantic similarity of predicates. We use the labels and local names (if labels are not present) of properties for calculating a semantic similarity. Those are strings, which we tokenize into individual words. We then look up those words in WordNet [<xref ref-type="bibr" rid="R5" id="32" class="deo:Reference">5</xref>] in order to determine their similarity. Each predicate is mapped to one or more SynSets (i.e., words of synonym meaning) in WordNet. There are various relations between the SynSets in WordNet. Using the struc- ture of WordNet allows us to calculate distances [<xref ref-type="bibr" rid="R4" id="33" class="deo:Reference">4</xref>] between two words. Because semantic identical words are placed together, we can use the path length for our approach. A problem occurs if we try to calculate distances between words of different word types (e.g., nouns and verbs), because they are organized in a different SynSet, and by far not all predicates in Linked Open Data are proper verbs, as shown in the examples above. In case of a verb, we use nominalisation to produce the common subjective. All other word types will be ignored, reduc- ing false distance calculation. When predicates consist of multiple words, we use two different kinds of metric to calculate the distance: average distance between each pair of words and the minimal distance between each pair of words.</region>
      </section>
      <section class="DoCO:Section">
        <h1 class="DoCO:SectionTitle" id="35" confidence="possible" page="3" column="1">2.3 Grouping Predicates</h1>
        <region class="DoCO:TextChunk" id="45" page="3" column="1">Once we have determined the distance between each pair of predicates viewed for a resource, we have to order them in groups. To that end, we use clustering algorithms which group those predicates, based on the computed distances. The result should be groups that contain facts with a semantic relation. For the development of the semantic browser, we have tested two cluster algorithms: k-means [ <xref ref-type="bibr" rid="R10" id="36" class="deo:Reference">10</xref>] and bottom-up [<xref ref-type="bibr" rid="R6" id="37" class="deo:Reference">6</xref>] (hierarchical clustering). For the k-means algorithm, we have to choose a number k how many groups should be generated by the algorithm. We have decided to use the psychological criteria: humans can only keep around 7 things in mind at the same time [<xref ref-type="bibr" rid="R8" id="38" class="deo:Reference">8</xref>]. Thus, in our implementation the k-means generates 7 groups for every direct and indirect properties, resulting in 14 groups. For the bottom-up algorithm, the number of groups cannot be chosen directly. The algorithm generates a tree with the grouped items, and the height at which to cut the tree can be selected. To find the best-fitting tree height, we have tested 110 random datasets: Using the same psychological aspect [<xref ref-type="bibr" rid="R8" id="39" class="deo:Reference">8</xref>] we chose to cut the tree at a height of 5. That results in an average number of groups of 13.20, each with 20.55 items in average. The number of items in each groups seems to be very high, but the average has the property that big datasets results in imprecise results. The<marker type="page" number="4"/><marker type="block"/> median in this case is much lower and shows that the group size is much smaller for normal-sized datasets.</region>
        <outsider class="DoCO:TextBox" type="sidenote" id="41" page="4" column="1">size</outsider>
        <region class="DoCO:TableBox" id="Tx42">
          <content>
            <table class="DoCO:Table" number="1" page="4">
              <thead class="table"/>
              <tbody>
                <tr class="table.strange">
                  <td class="table.strange"> height Ø</td>
                  <td class="table.strange"> number of groups</td>
                  <td class="table.strange"> Ø group size</td>
                  <td class="table.strange"> median number of groups</td>
                  <td class="table.strange"> median group</td>
                </tr>
                <tr class="table">
                  <td class="table"> 3</td>
                  <td class="table"> 5.27</td>
                  <td class="table"> 56.81</td>
                  <td class="table"> 4.00</td>
                  <td class="table"> 16.00</td>
                </tr>
                <tr class="table">
                  <td class="table"> 4</td>
                  <td class="table"> 8.55</td>
                  <td class="table"> 33.60</td>
                  <td class="table"> 7.00</td>
                  <td class="table"> 10.00</td>
                </tr>
                <tr class="table">
                  <td class="table"> 5</td>
                  <td class="table"> 13.20</td>
                  <td class="table"> 20.55</td>
                  <td class="table"> 12.00</td>
                  <td class="table"> 6.50</td>
                </tr>
                <tr class="table">
                  <td class="table"> 6</td>
                  <td class="table"> 19.22</td>
                  <td class="table"> 12.97</td>
                  <td class="table"> 18.00</td>
                  <td class="table"> 4.00</td>
                </tr>
                <tr class="table">
                  <td class="table"> 7</td>
                  <td class="table"> 25.54</td>
                  <td class="table"> 8.94</td>
                  <td class="table"> 24.00</td>
                  <td class="table"> 3.00</td>
                </tr>
              </tbody>
            </table>
          </content>
          <region class="TableInfo" id="43" confidence="possible" page="4" column="1">tree height Ø number of groups Ø group size median number of groups median group 3 5.27 56.81 4.00 16.00 4 8.55 33.60 7.00 10.00 5 13.20 20.55 12.00 6.50 6 19.22 12.97 18.00 4.00 7 25.54 8.94 24.00 3.00</region>
          <caption class="deo:Caption" id="44" page="4" column="1">Table 1. Dependency between the tree height and the generated groups.</caption>
        </region>
      </section>
      <section class="DoCO:Section">
        <h1 class="DoCO:SectionTitle" id="46" confidence="possible" page="4" column="1">2.4 Labeling Groups</h1>
        <region class="DoCO:TextChunk" id="48" page="4" column="1">Once the groups have been identified, we want to assign meaningful headlines to them. Those are displayed for structuring the document as well as for providing a shortcut navigation, as shown in <xref ref-type="fig" rid="F1" id="47" class="deo:Reference">Fig. 1</xref>. We have implemented two strategies that provide group labels based on the facts that were grouped together. The first approach exploits the WordNet struc- ture and finds common ancestors along the specialization hierarchy that matches the majority of the grouped facts’ predicates. In case this is not successful (i.e., the common ancestor is a meaningless top-level concept such as object), the most frequent predicate’s label is used as a group label.</region>
      </section>
      <section class="DoCO:Section">
        <h1 class="DoCO:SectionTitle" id="49" confidence="possible" page="4" column="1">2.5 Implementation</h1>
        <region class="DoCO:TextChunk" id="51" confidence="possible" page="4" column="1">The approach discussed above has been implemented as an extension into the modular Linked Open Data browser MoB4LOD 7 . In order to avoid time-consuming lookup of property labels, those labels are cached, so that after a warm-up period, most resources can be loaded and displayed within a few seconds. A screenshot of the application is shown <xref ref-type="fig" rid="F1" id="50" class="deo:Reference">Fig. 1</xref>.</region>
      </section>
      <section class="deo:Evaluation">
        <h1 class="DoCO:SectionTitle" id="52" page="4" column="1">3 Evaluation</h1>
        <region class="DoCO:TextChunk" id="63" page="4" column="1">For evaluation, a preliminary user study was performed. We randomly selected each 10 DBpedia resources from 3 different kind of topics: country, city and movie. They were selected so people of this study do not know them nor the resource has too less information for grouping properties together. For each resource a question was created manually. In the study, the user had to answer the question only by using the information that our browser provides. The idea behind this study was: the faster the user can answer the question, the better the view of the browser is. The use of the functionality to search within the page was not allowed. We measured the time to complete a question and 7 <ext-link ext-link-type="uri" href="http://www.ke.tu-darmstadt.de/resources/mob4lod/" id="53">http://www.ke.tu-darmstadt.de/resources/mob4lod/</ext-link><marker type="page" number="5"/><marker type="block"/> whether that answer was correct. Furthermore, we asked the users for feedback in a questionnaire and to rate the different views. We created three different views for the 30 resources:<marker type="block"/> 1. The baseline view produces an alphabetical list of the properties, grouped in eight clusters based on the first letter (A-C, D-F, etc.). 2. The clusters provided by the k-means clustering algorithm with k = 7, using the average WordNet distance for multi-word labels (see above). 3. The clusters provided by the bottom-up clustering algorithm. In this case, we have used the minimum distance for multi-word labels, since it provided better results in a pre-evaluation.<marker type="block"/> Each user was shown all 30 resources rotating the view after 10 resources, so every user had to work with all 3 views. The assignment of resources to views was shifted for each user. We asked 10 people to participate in our evaluation. In total, we have analyzed 300 answers of which only 15 were given wrong answers or the user did not find the answer. So only a small number of questions (5 %) could not be answered correctly. The summary of results are depicted in <xref ref-type="table" rid="T2" id="59" class="deo:Reference">table 2</xref>. Although there are always questions that can be solved faster with the baseline view, in total, 17 out of 30<marker type="page" number="6"/><marker type="block"/> questions were answered faster using one of the clustering views; 7 out of 10 for countries, 6 out of 10 for movies, 4 out of 10 for cities. In particular for questions about countries, the k-means algorithm provides the more useful view. Another observation was that clustering did not work well on the city data. One reason is that city data in DBpedia contain many weather observations (minimum, maximum, and average temperature and rain for each month), which are mixed with other data when using the k-means algorithm, and which are grouped into many small clusters when using the bottom-up clustering algorithm. When comparing the median and the average values for the size of groups, it can be observed that there are severe outliers for city and country data, while the clustering of information about movies works much better. In terms of the users’ rating, the bottom-up clustered views are slightly preferred to the other views (while the users were faster using the k-means based view). However, none of the results are statistically significant due to the small number of users in this preliminary study.</region>
        <region class="DoCO:FigureBox" id="F1">
          <image class="DoCO:Figure" src="ee.page_005.image_01.png" thmb="ee.page_005.image_01-thumb.png"/>
          <caption class="deo:Caption" id="56" page="5" column="1">Fig. 1. Screenshot of the Semantic Browser Application</caption>
        </region>
        <region class="unknown" id="62" page="6" column="1">Algorithm Baseline k-means Bottom-up avg. (median) number of groups Cities 5.6 (4) 12.4 (13.0) 17.9 (17.5) Countries 5.1 (5.5) 12.0 (12.0) 17.4 (15.5) Movies 3.2 (3) 7.3 (7.3) 11.7 (12.0) Ø group size Cities 184 (37) 104.0 (12.5) 71.4 (8.0) Countries 95.8 (22.5) 41.1 (8.0) 26.5 (6.5) Movies 31.8 (30.5) 13.1 (12.5) 8.0 (8.0) avg. (median) algorithm runtime (in seconds) Cities &lt; 1 (&lt; 1) 14.1 (4.6) 15.4 (5.1) Countries &lt; 1 (&lt; 1) 3.9 (1.6) 4.3 (1.7) Movies &lt; 1 (&lt; 1) 0.5 (0.4) 0.4 (0.4) avg. (median) user task completion time (in seconds) Cities 33.6 (25.1) 65.0 (51.6) 40.3 (36.1) Countries 54.5 (40.0) 47.7 (42.7) 60.0 (51.1) Movies 33.0 (31.1) 36.1 (27.4) 37.0 (32.0) User rating (1=best, 6=worst) 3.0 3.4 2.9 <xref ref-type="table" rid="T2" id="61" class="deo:Reference">Table 2</xref>. Summary of evaluation results</region>
      </section>
      <section class="deo:Conclusion">
        <h1 class="DoCO:SectionTitle" id="64" page="6" column="1">4 Conclusion and Future Work</h1>
        <region class="DoCO:TextChunk" id="66" page="6" column="1">In this paper, we have discussed an approach for enabling semantic exploration of Linked Open Data. The preliminary user study has shown that it is possible to use existing linked open data together in conjunction with external linguistic resources such as WordNet to generate a more intuitive user interface for viewing RDF data sets. <marker type="page" number="7"/><marker type="block"/> There are many possible extensions of this work, from using other semantic distance measures to implementing more different clustering algorithms. Other options include clustering not only of predicates, but also of instances connected by those predicates in case there are many of such instances (for example, many people born in one city).</region>
      </section>
      <section class="deo:Acknowledgements">
        <h1 class="DoCO:SectionTitle" id="67" confidence="possible" page="7" column="1">Acknowledgements</h1>
        <region class="DoCO:TextChunk" id="68" page="7" column="1">The authors would like to thank Chinara Mammadova, Dominik Stengler, Jan Wienand, Peter Klöckner and Melanie Weiland for their support in implementing the browser framework.</region>
      </section>
      <section class="DoCO:Bibliography">
        <h1 class="DoCO:SectionTitle" id="69" page="7" column="1">References</h1>
        <ref-list class="DoCO:BiblioGraphicReferenceList">
          <ref rid="R1" class="deo:BibliographicReference" id="70" page="7" column="1">1. Auer, S., Bizer, C., Kobilarov, G., Lehmann, J., Cyganiak, R., Ives, Z.: DBpedia: A Nucleus for a Web of Open Data. (2007)</ref>
          <ref rid="R2" class="deo:BibliographicReference" id="71" page="7" column="1">2. Berners-Lee, T., Chen, Y., Chilton, L., Connolly, D., Dhanaraj, R., Hollenbach, J., Lerer, A., , Sheets, D.: Tabulator: Exploring and Analyzing linked data on the Semantic Web. (2006)</ref>
          <ref rid="R3" class="deo:BibliographicReference" id="73" page="7" column="1">3. Bizer, C., Gauß, T.: Disco - Hyperdata Browser: A simple browser for navigating the Semantic Web, <ext-link ext-link-type="uri" href="http://www4.wiwiss.fu-berlin.de/bizer/ng4j/disco/." id="72">http://www4.wiwiss.fu-berlin.de/bizer/ng4j/disco/.</ext-link> (2007)</ref>
          <ref rid="R4" class="deo:BibliographicReference" id="74" page="7" column="1">4. Budanitsky, A., Hirst, G.: Semantic distance in WordNet: An experimental, application-oriented evaluation of five measures, University of Toronto. (2001)</ref>
          <ref rid="R5" class="deo:BibliographicReference" id="75" page="7" column="1">5. Fellbaum, C., Miller, G.: WordNet - An Electronic Lexical Database. MIT Press, Cambridge (1998)</ref>
          <ref rid="R6" class="deo:BibliographicReference" id="76" page="7" column="1">6. Hastie, T., Tibshirani, R., Friedman, J.: The Elements of Statistical Learning Data Mining, Inference, and Prediction, Second Edition. 2nd ed. 2009. corr. 3rd printing 5th printing. edn. Springer, Berlin, Heidelberg (2009)</ref>
          <ref rid="R7" class="deo:BibliographicReference" id="78" page="7" column="1">7. Klyne, G., Carroll, J.J.: Resource description framework (rdf): Concepts and ab- stract syntax (2004) <ext-link ext-link-type="uri" href="http://www.w3.org/TR/rdf-concepts/." id="77">http://www.w3.org/TR/rdf-concepts/.</ext-link></ref>
          <ref rid="R8" class="deo:BibliographicReference" id="79" page="7" column="1">8. Miller, G.A.: The magical number seven, plus or minus two: Some limits on our capacity for processing information., Harvard University. (1956) Psychological Re- view.</ref>
          <ref rid="R9" class="deo:BibliographicReference" id="80" page="7" column="1">9. Nuzzolese, A.G., Gangemi, A., Presutti, V., Ciancarini, P.: Encyclopedic Knowl- edge Patterns from Wikipedia Links. (2011)</ref>
          <ref rid="R10" class="deo:BibliographicReference" id="81" page="7" column="1">10. Witten, I.H., Frank, E., Hall, M.A.: Data Mining - Practical Machine Learning Tools and Techniques. Elsevier, Amsterdam (2005)</ref>
        </ref-list>
      </section>
      <section class="DoCO:Section">
        <h1 class="DoCO:SectionTitle" id="82" page="8" column="1">Appendix</h1>
        <region class="DoCO:TextChunk" id="83" confidence="possible" page="8" column="1">This appendix describes how our submission meets the challenge criteria.</region>
      </section>
      <section class="DoCO:Section">
        <h1 class="DoCO:SectionTitle" id="84" confidence="possible" page="8" column="1">Minimal Requirements</h1>
        <region class="DoCO:TextChunk" id="86" page="8" column="1">End-user Application The application is a Linked Open Data browser tar- geted at users of the semantic web. It provides additional value for browsing the semantic web. <marker type="block"/> Information Sources The approach is generic and works with any kind of Semantic Web data, following elementary standards such as RDF. Furthermore, WordNet is used as an external linguistic resource.</region>
      </section>
      <section class="DoCO:Section">
        <h1 class="DoCO:SectionTitle" id="87" confidence="possible" page="8" column="1">Meaning of Data</h1>
        <region class="DoCO:TextChunk" id="88" confidence="possible" page="8" column="1">The meaning of data in Linked Open Data is an essential</region>
        <region class="DoCO:TextChunk" id="89" confidence="possible" page="8" column="1">focus of our work.</region>
      </section>
      <section class="DoCO:Section">
        <h1 class="DoCO:SectionTitle" id="90" confidence="possible" page="8" column="1">Additional Desirable Features</h1>
        <region class="DoCO:TextChunk" id="92" page="8" column="1">Web Interface The application provides a functional web interface, which we hope is attractive. <marker type="block"/> Scalability The application only works on subset of Linked Open Data (i.e., the portion that is viewed by the user). The evaluations in the paper show that for most datasets, real-time processing of the data is feasible.</region>
      </section>
      <section class="deo:Evaluation">
        <h1 class="DoCO:SectionTitle" id="93" confidence="possible" page="8" column="1">Evaluation</h1>
        <region class="DoCO:TextChunk" id="94" confidence="possible" page="8" column="1">The paper contains an evaluation w.r.t. to user satisfaction.</region>
        <region class="DoCO:TextChunk" id="95" page="8" column="1">Functionality different from or beyond pure information retrieval By providing semantic clustering of results, the interface is more than just an information retrieval interface.</region>
      </section>
    </body>
  </article>
</pdfx>
