<?xml version='1.0' encoding='UTF-8'?>
<pdfx xmlns:xsi="http://www.w3.org/2001/XMLSchema-instance" xsi:noNamespaceSchemaLocation="http://pdfx.cs.man.ac.uk/static/article-schema.xsd">
  <meta>
    <job>7a0a6469d261e6a15676d491f4990968242af198490b1a1ec32d6994f866300f</job>
    <base_name>e2</base_name>
    <doi>http://dx.doi.org/10.2498/cit.1002030</doi>
    <warning>Name identification was not possible. </warning>
  </meta>
  <article>
    <front class="DoCO:FrontMatter">
      <outsider class="DoCO:TextBox" type="page_nr" id="1">239</outsider>
      <outsider class="DoCO:TextBox" type="header" id="2">Journal of Computing and Information Technology - CIT 19, 2011, 4, 239–245 doi:10.2498 /cit.1002030</outsider>
      <title-group>
        <article-title class="DoCO:Title" id="3">A System for Publishing Sensor Data on the Semantic Web</article-title>
      </title-group>
      <region class="unknown" id="4">Alexandra Moraru 1 , Carolina Fortuna 2 and Dunja Mladenic 1 1 Artificial Intelligence Laboratory, J. Stefan Institute, Ljubljana, Slovenia 2 Department of Communication Systems, J. Stefan Institute, Ljubljana, Slovenia</region>
      <abstract class="DoCO:Abstract" id="5" confidence="possible">The development of sensor technologies in the last years offers support for new applications for the Internet of Things. The availability of the data resulting from sensor networks deployed in different environments is important for a number of advanced services, such as traffic flow prediction and power consumption monitoring. We propose a system for publishing sensor data following the linked data principles and providing hereby integra- tion with the Semantic Web. The main components are the Semantic Enrichment component and the Data Publishing component, while for storing sensor data we use a relational database. Keywords: semantic web, linked data, sensor web</abstract>
    </front>
    <body class="DoCO:BodyMatter">
      <section class="deo:Introduction">
        <h1 class="DoCO:SectionTitle" id="6" page="1" column="1">1. Introduction</h1>
      </section>
      <region class="DoCO:TextChunk" id="19" page="1" column="1">The Internet of Things is gaining popularity with the development of the Internet towards a network of interconnected objects. From mo- bile phones to transportation cargos, to electri- cal appliances and to any type of sensing de- vices new applications are finding their way to daily life. This development will provide new services and will enable new directions for com- munication. (i.e. “things-to-persons” or “thing- to-thing”) [ <xref ref-type="bibr" rid="R1" id="7" class="deo:Reference">1</xref>]. A major role in the development of Internet of Things is played by “web accessible sen- sor networks and archived sensor data that can be discovered and accessed using standard pro- tocols and application program interfaces” [<xref ref-type="bibr" rid="R2" id="8" class="deo:Reference">2</xref>], defined as Sensor Web by the Open Geospatial Consortium (OGC). However, for obtaining the maximum impact that Sensor Webs can have on the development of Internet of Thing, chal- lenges have appeared not only for the physical<marker type="column" number="2"/><marker type="block"/> infrastructures, but also for data management and processing, as the amount of data that sen- sors can produce is significant [<xref ref-type="bibr" rid="R3" id="10" class="deo:Reference">3</xref>]. Traditional approach applied for handling ex- isting sensor data (i.e., measurements collected by a sensor network) is to store it in a database and process it at a later time. Recent research in the context of relational databases is tackling problems such as prioritization in case of lim- ited bandwidth, modeling and cleaning of sen- sor readings, uncertain data management [<xref ref-type="bibr" rid="R4" id="11" class="deo:Reference">4</xref>]. In data mining and machine learning communities, technology has been developed to process and build models based on streams of data [<xref ref-type="bibr" rid="R5" id="12" class="deo:Reference">5</xref>], there- fore being able to build real-time applications based on such streams (e.g., intrusion detection systems using stream mining). Up to this point, the systems are built in such a way that the integration of sensor data from two different systems is non-trivial to achieve. By describing the meanings of data streams and the context under which these data were collected in a computer understandable manner, truly large scale distributed sensing systems can be built. This is where the semantic web protocol stack and semantic technologies can play a key role. Extending Sensor Web towards applying se- mantic technologies leads to the development of Semantic Sensor Web (SSW) [<xref ref-type="bibr" rid="R6" id="13" class="deo:Reference">6</xref>] enabling the integration of different systems. Some of the directions adopted for achieving such inte- gration are related to Linked Open Data (LOD) (including Linked sensor data [7][8][<xref ref-type="bibr" rid="R9" id="14" class="deo:Reference">9</xref>]), or to semantic annotation and composition of web services [<xref ref-type="bibr" rid="R10" id="15" class="deo:Reference">10</xref>]. In this paper, we propose and implement a<marker type="page" number="2"/><marker type="column" number="1"/><marker type="block"/> system for publishing real-world sensor data collected from a sensor network that includes sensing devices for monitoring environmental conditions such as temperature, humidity, lumi- nance and pressure. A semantic layer is added for enriching the sensor data (measurements ob- tained from sensors) and metadata (properties of sensors including location and observed phe- nomena). The semantic enrichment is based on mapping rules that are connecting the database that stores the sensor data and metadata to a standardized ontology in the sensor network do- main. The output of the system is a dataset of semantic sensor descriptions and real-time mea- surements, published following the principles of linked open data and therefore web accessible. The rest of this paper is structured as follows. Section 2 describes related work and puts the proposed system in the perspective of the exist- ing research. Section 3 discusses requirements for publishing real world data on the semantic web. In Section 4 we describe the proposed system, while in Section 5 we present an imple- mentation for publishing enriched sensor data. Section 6 gives an example of possible interac- tion with the system and we conclude the paper in Section 7.</region>
      <outsider class="DoCO:TextBox" type="page_nr" id="17" page="2" column="1">240</outsider>
      <outsider class="DoCO:TextBox" type="header" id="18" page="2" column="1">A System for Publishing Sensor Data on the Semantic Web</outsider>
      <section class="deo:RelatedWork">
        <h1 class="DoCO:SectionTitle" id="20" page="2" column="1">2. Related Work</h1>
        <region class="DoCO:TextChunk" id="27" page="2" column="1">One way of making sensor descriptions and measurements available on the Web is to pub- lish them on LOD cloud. The advantages and challenges of Linked Sensor Data are discussed by Keßler and Janowicz [ <xref ref-type="bibr" rid="R9" id="21" class="deo:Reference">9</xref>]. Integrating the de- scriptions of sensors into LOD can provide bet- ter sensor data accessibility without introduc- ing very high complexity. The paper stresses the importance of finding the appropriate links between different datasets from LOD and pro- poses a semiautomatic way for generating them. Patni et al. [<xref ref-type="bibr" rid="R7" id="22" class="deo:Reference">7</xref>] were the first to add to the LOD cloud a large dataset of sensor descriptions and measurement, by first representing it in Obser- vation and Measurements (O&amp;M) standard and then converting it to a standard representation in Resource Description Framework (RDF). Bar- naghi and Presser [<xref ref-type="bibr" rid="R8" id="23" class="deo:Reference">8</xref>] propose a platform for publishing linked sensor data defined by spatial, temporal and thematic attributes. The platform offers an interface for publishing linked sensor<marker type="column" number="2"/><marker type="block"/> data without requiring from the users a semantic technological background. However, the user is requested to manually enter relevant keywords that describe the sensors for obtaining a list of suggested concepts from on-line repositories. In contrast, in our work we propose manually mapping structured sensor data and metadata from a database to semantic concepts. In ad- dition, we chose a W3C standardized ontology that contains the semantic concepts needed. The advantage of using a standardized ontology is that it can offer mediation between different rep- resentations of sensor descriptions. While we do not cover the problem of database popula- tion, we assume it can be automatized through different protocols [<xref ref-type="bibr" rid="R11" id="25" class="deo:Reference">11</xref>]. Similar to our work, Le-Phouc et al. [<xref ref-type="bibr" rid="R12" id="26" class="deo:Reference">12</xref>] pro- pose a system for publishing sensor data based on D2R Server and linking it to existing on- tologies. In addition, the authors approach the problem of having multiple sensor sources and suggest using specialized wrappers for every different format of sensor data. In our work, we focus on a single sensor source and optimize the semantic enrichment using a standardized ontology.</region>
      </section>
      <section class="DoCO:Section">
        <h1 class="DoCO:SectionTitle" id="28" page="2" column="2">3. Integration of Sensor Data in the Semantic Web</h1>
        <region class="DoCO:TextChunk" id="35" page="2" column="2">The Semantic Web [ <xref ref-type="bibr" rid="R13" id="29" class="deo:Reference">13</xref>], uses representation lan- guages such as RDF and OWL to provide a for- mal description of data and knowledge. The purpose of the Sematic Web is to provide a machine understandable representation of data, while creating links in these data makes it easier to discover and allows reasoning. One of the requirements for building the SSW refers to knowledge representation. The advan- tages that semantic technologies bring in know- ledge representation are better scalability and interoperability, since adding or changing new information to a set of programs that use the same model resumes to changing the external model, while the design of those programs can remain the same, without the need of human in- volvement [<xref ref-type="bibr" rid="R14" id="30" class="deo:Reference">14</xref>]. The model used for knowledge representation, from the point of view of SSW, must be suitable for capturing all the seman- tics required for enrichment of sensor data and must also provide a shared vocabulary used for<marker type="page" number="3"/><marker type="column" number="1"/><marker type="block"/> publishing such data. One of the categories of knowledge representation appropriated for the model required is by means of ontologies. With the development of semantic sensor net- works a number of ontologies describing the sensor networks domain have been brought forth in the last years. A detailed survey is provided in [<xref ref-type="bibr" rid="R15" id="34" class="deo:Reference">15</xref>], where eleven sensor network ontologies are analyzed. Therefore, considering the need of standardization regarding sensor networks ontologies, an incubator group from W3C has been formed with the purpose of developing on- tologies for sensor networks – referred to as Semantic Sensor Network (SSN) ontology 1 – and search for appropriate methods for enhancing available standards with semantic technologies.</region>
        <outsider class="DoCO:TextBox" type="header" id="32" page="3" column="1">A System for Publishing Sensor Data on the Semantic Web</outsider>
        <outsider class="DoCO:TextBox" type="page_nr" id="33" page="3" column="1">241</outsider>
      </section>
      <section class="DoCO:Section">
        <h1 class="DoCO:SectionTitle" id="36" page="3" column="1">4. System Description</h1>
        <region class="DoCO:TextChunk" id="47" page="3" column="1">The process of publishing sensor data on the web involves several steps and poses different challenges. Starting with storing the data from the sensing devices and resulting with public datasets containing semantically enriched mea- surements and the related metadata, various methods can be applied in the process. We present a system that includes all the steps of the publishing process. Although this is not the <marker type="column" number="2"/><marker type="block"/> only way to treat the problem of storing and pub- lishing linked sensor data, the proposed system offers an efficient and user friendly way of solv- ing it, being optimized for a real deployment of a sensor network. <xref ref-type="fig" rid="F1" id="43" class="deo:Reference">Figure 1</xref> illustrates the proposed system show- ing the main components of the system and the relation between them. The sensor data results from a sensor network deployed in the envi- ronmental domain which sends streams of raw measurements and metadata to an intermediate server. Next, a relational database is updated when the server receives new messages. The main components are the Semantic En- richment component and Data Publishing com- ponent. The first component contains mod- ules which allow semantic enrichment of meta- data and measurements. This component uses vocabularies (i.e. ontologies) and mapping rules for defining the relationships between and within the data and metadata from the database. The Data Publishing component contains mod- ules which permit exposing the sensor infor- mation on the Web. We have used a publicly available D2R Server 2 as an implementation of this component, as it offers an interface to the database and does not require replicating the database content into a separate RDF triple- store. In order to provide semantic meaning<marker type="page" number="4"/><marker type="column" number="1"/><marker type="block"/> for the sensor data and metadata contained in the database, we have used existing ontologies for editing the mapping file used by the D2R Server. Finally, the database content can be accessed by different web services, SPARQL clients or browsed using a HTML interface.</region>
        <region class="DoCO:FigureBox" id="F1">
          <image class="DoCO:Figure" src="e2.page_003.image_01.png" thmb="e2.page_003.image_01-thumb.png"/>
          <caption class="deo:Caption" id="39" page="3" column="1">Figure 1. Architecture of the proposed system</caption>
        </region>
        <region class="unknown" id="42" page="3" column="1">1 <ext-link ext-link-type="uri" href="http://purl.oclc.org/NET/ssnx/ssn" id="40">http://purl.oclc.org/NET/ssnx/ssn</ext-link> 2 <ext-link ext-link-type="uri" href="http://www4.wiwiss.fu-berlin.de/bizer/d2r-server/" id="41">http://www4.wiwiss.fu-berlin.de/bizer/d2r-server/</ext-link></region>
        <outsider class="DoCO:TextBox" type="page_nr" id="45" page="4" column="1">242</outsider>
        <outsider class="DoCO:TextBox" type="header" id="46" page="4" column="1">A System for Publishing Sensor Data on the Semantic Web</outsider>
      </section>
      <section class="DoCO:Section">
        <h1 class="DoCO:SectionTitle" id="48" page="4" column="1">5. Publishing Semantically Enriched Sensor Data</h1>
        <region class="DoCO:TextChunk" id="50" page="4" column="1">Making sensor data available for a large num- ber of users enables the development of new and useful applications. The methods for publishing sensor data can vary from standardized web ser- vices, such as OGS’s Sensor Observation Ser- vice (SOS), to applications specific methods, as the ones used by Pachube 3 or Sensorpedia 4 . However, such methods require prior know- ledge of the infrastructures used, while Linked Sensor Data would enable better accessibility. Moreover, the support for integration with exist- ing knowledge would increase also the usability of data. Properly exposing and linking data is essen- tial for the success of the Semantic Web. Ac- cording to the principles of Linked Data, each entity should have at least three correspond- ing dereferenceable URIs [<xref ref-type="bibr" rid="R17" id="49" class="deo:Reference">17</xref>]: one URI for the real-world object itself and two more URIs for related information resources that describes the real-world object and have a HTML and a RDF/XML representation.</region>
        <region class="DoCO:FigureBox" id="F2">
          <image class="DoCO:Figure" src="e2.page_004.image_02.png" thmb="e2.page_004.image_02-thumb.png"/>
          <caption class="deo:Caption" id="52" page="4" column="1">Figure 2. Subset of concepts and relationships from SSN ontology</caption>
        </region>
        <region class="unknown" id="55" page="4" column="1">3 <ext-link ext-link-type="uri" href="http://www.pachube.com/" id="53">http://www.pachube.com/</ext-link> 4 <ext-link ext-link-type="uri" href="http://www.sensorpedia.com/" id="54">http://www.sensorpedia.com/</ext-link></region>
      </section>
      <section class="DoCO:Section">
        <h1 class="DoCO:SectionTitle" id="56" page="4" column="2">5.1. Semantic Vocabulary</h1>
        <region class="DoCO:TextChunk" id="61" page="4" column="2">In order to provide meaning for the data pub- lished, we have chosen representative concepts from related ontologies. The majority of the concepts used are described in the SSN ontol- ogy, which is a sensor network specific ontol- ogy. Its alignment with the DOLCE Ultra Lite upper ontology helps in describing linked data resources. As our experimentation work required just a subset of the SSN ontology concepts and rela- tionships, we will provide details just on those concepts, as they are illustrated in <xref ref-type="fig" rid="F2" id="57" class="deo:Reference">Figure 2</xref>. The class System represents a sensing infrastructure and its sub-systems can be represented using the predicate hasSubSystem. The physical location of a system is represented by the class Platform, which can have multiple systems attached. The class Sensor is used to represent concrete sensing objects and the predicate observes and indicates the Property observed by a sensor (e.g. temperature, humidity). In order to rep- resent sensor devices, the class SensingDevice can be used, which inherits all the properties of the classes Sensor and Device. For rep- resenting sensor measurements we have used three classes: Observation, SensorOutput and ObservationValue. An observation represents a situation in which a value of a property is esti- mated by a sensor. The result of an observation is a sensor output which has a specific value.<marker type="page" number="5"/><marker type="column" number="1"/><marker type="block"/> For the geographical location of the platforms on which the sensors are attached we have used concepts from other ontologies that are also part of linked data cloud. For latitude and longitude coordinates we have used the Basic GeoWGS84 Vocabulary 5 , which provides the namespace for representing the coordinates. In addition, for geographical names we have used GeoNames 6 database, in RDF format, and links to platforms were represented using the based near predicate from FOAF ontology 7 . Each platform was linked to the nearby location, based on geo- graphical coordinates and determined using the findNearbyPlaceName web service provided by GeoNames.</region>
        <outsider class="DoCO:TextBox" type="header" id="59" page="5" column="1">A System for Publishing Sensor Data on the Semantic Web</outsider>
        <outsider class="DoCO:TextBox" type="page_nr" id="60" page="5" column="1">243</outsider>
      </section>
      <section class="DoCO:Section">
        <h1 class="DoCO:SectionTitle" id="62" page="5" column="1">5.2. Mapping Rules for Semantic Enrichment</h1>
        <region class="DoCO:TextChunk" id="81" page="5" column="1">For the mapping between the database content and the corresponding semantic concepts we have used the D2RQ language [ <xref ref-type="bibr" rid="R16" id="63" class="deo:Reference">16</xref>]. The map- ping was done respecting the SSN ontology and not the database structure, therefore some of the instances in the database were mapped to more than one concept, as it will be explained further. The information about the systems deployed in the network and the sensing devices attached, were represented in separate tables. Each row of a table was describing an instance, which was uniquely identified by the primary key of the table. Therefore, these instances were mapped directly to System, respectively to the subclasses of SensingDevice classes. However for the con- crete instances of the Platform class, represent- ing the physical objects to which the systems are attached, there is no unique identifier in the database. Therefore, we used the geographical coordinates to identify the platforms, with the assumption that at one exact point in space there cannot be more than one platform. The D2RQ mapping corresponding is represented in Fig- ure 3. It can be observed that the platforms are defined as individuals of the LightPole class, which is then defined as a subclass of Platform and SpatialThing (the latter class is from the GeoWGS84 Vocabulary) classes. The creation of the LightPole class is related to the real world scenario of the deployment used. 5 <ext-link ext-link-type="uri" href="http://www.w3.org/2003/01/geo/" id="64">http://www.w3.org/2003/01/geo/</ext-link> 6 <ext-link ext-link-type="uri" href="http://www.geonames.org/" id="65">http://www.geonames.org/</ext-link> 7 <ext-link ext-link-type="uri" href="http://xmlns.com/foaf/0.1/" id="66">http://xmlns.com/foaf/0.1/</ext-link><marker type="column" number="2"/><marker type="block"/> Another piece of information stored in the data- base is the type of the sensing device placed on a sensor node. We have extracted types of sens- ing devices from a table of the database, which were mapped as subclasses of the SensingDe- vice class of SSN ontology and next used for specifying the type of individuals from sensing devices, using the “join” command from D2RQ language (<xref ref-type="fig" rid="F4" id="72" class="deo:Reference">Figure 4</xref>).<marker type="page" number="6"/><marker type="column" number="1"/><marker type="block"/> For the content related to sensor observations the unique ids from the database were used to identify all the individuals corresponding to Ob- servation, SensorOutput and ObservationValue. The sensor measurements registered over the last day are mapped one by one, while for the past measurements average of the last hour is calculated in a separate view of the database and then mapped to RDF representation.<marker type="block"/> The D2R Server manages the URIs created for the RDF representation of the database content and allows data to be browsed and searched us- ing web browsers or SPARQL endpoints. All the classes can be browsed for listing their in- stances, as it can be observed in <xref ref-type="fig" rid="F5" id="79" class="deo:Reference">Figure 5</xref>, and also they can be checked at <ext-link ext-link-type="uri" href="http://sensorlab" id="80">http://sensorlab</ext-link> .ijs.si:2020/ .</region>
        <region class="DoCO:FigureBox" id="F3">
          <image class="DoCO:Figure" src="e2.page_005.image_03.png" thmb="e2.page_005.image_03-thumb.png"/>
          <caption class="deo:Caption" id="69" page="5" column="2">Figure 3. Platfrom mapping using D2RQ</caption>
        </region>
        <region class="DoCO:FigureBox" id="F4">
          <image class="DoCO:Figure" src="e2.page_005.image_04.png" thmb="e2.page_005.image_04-thumb.png"/>
          <caption class="deo:Caption" id="71" page="5" column="2">Figure 4. Sensing Device subclasses using D2RQ</caption>
        </region>
        <outsider class="DoCO:TextBox" type="page_nr" id="74" page="6" column="1">244</outsider>
        <outsider class="DoCO:TextBox" type="header" id="75" page="6" column="1">A System for Publishing Sensor Data on the Semantic Web</outsider>
        <region class="DoCO:FigureBox" id="F5">
          <image class="DoCO:Figure" src="e2.page_006.image_05.png" thmb="e2.page_006.image_05-thumb.png"/>
          <caption class="deo:Caption" id="78" page="6" column="1">Figure 5. Web Interface of the D2R Server presenting all the classes used in mapping</caption>
        </region>
      </section>
      <section class="deo:Conclusion">
        <h1 class="DoCO:SectionTitle" id="82" page="6" column="1">6. Conclusions</h1>
        <region class="DoCO:TextChunk" id="84" page="6" column="1">Following the LOD principles is a promising approach for making sensor data available on the Web, as it addresses users from diverse do- mains of interest – through the openness of the format – which can access and process it. Also, by facilitating the integration with other exist- ing knowledge already represented in LOD, it provides the means for a more complete and detailed description of the data published. The proposed system facilitates publishing sen- sor data on the Semantic Web, contributing also to the development of the Internet of Things. It follows the principles of LOD and uses stan- dardized vocabularies for describing the data. The sensor data is stored in a relational database, while access to the RDF representation of data- base content is provided using a publicly avail- able tool. The semantic enrichment of sensor data is done through mapping rules and the meaning of data is mainly represented using <marker type="column" number="2"/><marker type="block"/> the SSN ontology. The system presents also the advantage of publishing real time data for the last day, while for the archived data averages for each hour are made available.</region>
      </section>
      <section class="deo:Acknowledgements">
        <h1 class="DoCO:SectionTitle" id="85" page="6" column="2">7. Acknowledgments</h1>
        <region class="DoCO:TextChunk" id="86" page="6" column="2">We would like to thank all our colleagues in Sen- sorLab who contributed indirectly to this work. This work was supported by the Slovenian Re- search Agency and the IST Programme of the EC under PASCAL2 (IST-NoE-216886), EN- VISION (IST-2009-249120) and PlanetData (IST-NoE-257641).</region>
      </section>
      <section class="DoCO:Bibliography">
        <h1 class="DoCO:SectionTitle" id="87" page="6" column="2">References</h1>
        <ref-list class="DoCO:BiblioGraphicReferenceList">
          <ref rid="R1" class="deo:BibliographicReference" id="88" page="6" column="2">[1] Commission of the European Communities. Internet of Things — An action plan for Europe. Commu- nication from the Commission to the European Parliament, the Council, the European Economic and Social Committee and the Committee of the Regions; 2009 June 18; Brussels.</ref>
          <ref rid="R2" class="deo:BibliographicReference" id="89" page="6" column="2">[2] M. B OTTS ET AL ., OGC White Paper OGC Sen- sor Web Enablement: Overview and High Level Architecture. White Paper. OpenGIS. 2007.</ref>
          <ref rid="R3" class="deo:BibliographicReference" id="90" page="6" column="2">[3] A sea of sensors. The Economist. The Economist Newspaper Limited 2010 Nov 4; London.</ref>
          <ref rid="R4" class="deo:BibliographicReference" id="91" page="6" column="2">[4] S. M ADDEN , Database Abstractions for Managing Sensor Network Data. Proceedings of the IEEE 2010; 98(11): 1879–1886.</ref>
          <ref rid="R5" class="deo:BibliographicReference" id="92" page="6" column="2">[5] M. G. M OHAMED , A. Z ASLAVSKY , S. K RISH NASWAMY , Mining data streams: a review. SIGMOD Rec. 2005; 34(2): 18–26.</ref>
          <ref rid="R6" class="deo:BibliographicReference" id="93" page="6" column="2">[6] A. S HETH , C. H ENSON , S. S. S AHOO , Semantic Sen- sor Web. IEEE Internet Computing 2008; 12(4): 78–83.</ref>
          <ref rid="R7" class="deo:BibliographicReference" id="94" page="6" column="2">[7] H. P ATNI , C. H ENSON , A. S HETH , Linked sensor data. In 2010 International Symposium on Collabo- rative Technologies and Systems; 2010 May 17–21; Chicago, IL,USA. p. 362–370.</ref>
          <ref rid="R8" class="deo:BibliographicReference" id="95" page="6" column="2">[8] P. B ARNAGHI , M. P RESSER , Publishing Linked Sen- sor Data. In Proceedings of the 3rd International Workshop on Semantic Sensor Networks; 2010 November.</ref>
          <ref rid="R9" class="deo:BibliographicReference" id="96" page="6" column="2">[9] C. K ESSLER , K. J ANOWICZ , Linking Sensor data – Why, to What and How? In Proceedings of the 3rd International Workshop on Semantic Sensor Networks; 2010 November.</ref>
          <ref rid="R10" class="deo:BibliographicReference" id="98" page="6" column="2">[10] Envision EU Project, <ext-link ext-link-type="uri" href="http://www.envision" id="97">http://www.envision</ext-link>- project.eu/ [02/15/2011]</ref>
          <ref rid="R11" class="deo:BibliographicReference" id="101" page="7" column="1">[11] A. M ORARU ET AL ., Exposing Real World Informa- tion for the Web of Things. In Proceedings of the 8th International Workshop on Information Integration on the Web, 2011 March 28, Hyderabad, India.</ref>
          <ref rid="R12" class="deo:BibliographicReference" id="102" page="7" column="1">[12] D. L E -P HUOC ET AL ., Live linked open sensor database. In Proceedings of the 6th International Conference on Semantic Systems. New York, NY, USA: ACM, Article 46, 4 pages.</ref>
          <ref rid="R13" class="deo:BibliographicReference" id="103" page="7" column="1">[13] G. A NTONIU , F. VAN H ARMELEN , A Semantic Web Primer. The MIT Press; March 31 2008.</ref>
          <ref rid="R14" class="deo:BibliographicReference" id="104" page="7" column="1">[14] T. B ERNERS -L EE , J. H ENDLER , O. L ASSILA , The se- mantic web a new form of web content that is meaningful to computers will unleash a revolution of new possibilities, Scientific American; 2001 May 17.</ref>
          <ref rid="R15" class="deo:BibliographicReference" id="105" page="7" column="1">[15] M. C OMPTON ET AL ., A Survey of the Semantic Specification of Sensors. In Proceedings of the 2nd International Workshop on Semantic Sensor Networks; 2009 October.</ref>
          <ref rid="R16" class="deo:BibliographicReference" id="107" page="7" column="1">[16] C. B IZER ET AL ., The D2RQ Platform v 0.7 – Treating Non-RDF Relational Databases as Virtual Graphs. <ext-link ext-link-type="uri" href="http://www4.wiwiss.fu" id="106">http://www4.wiwiss.fu</ext-link>- berlin.de/bizer/d2rq/spec/ [02/01/2011]</ref>
          <ref rid="R17" class="deo:BibliographicReference" id="111" page="7" column="1">[17] T. H EATH , C. B IZER , Linked Data: Evolving the Web into a Global Data Space. Morgan &amp; Claypool 2011. ISBN 978-1608454303. Received: June, 2011 Accepted: November, 2011 Contact addresses: Alexandra Moraru Artificial Intelligence Laboratory J. Stefan Institute Jamova 39 Ljubljana Slovenia e-mail: <email id="108">alexandra.moraru@ijs.si</email> Carolina Fortuna Department of Communication Systems J. Stefan Institute Jamova 39 Ljubljana Slovenia e-mail: <email id="109">carolina.fortuna@ijs.si</email> Dunja Mladenić Artificial Intelligence Laboratory J. Stefan Institute Jamova 39 Ljubljana Slovenia e-mail: <email id="110">dunja.mladenic@ijs.si</email></ref>
        </ref-list>
        <outsider class="DoCO:TextBox" type="header" id="99" page="7" column="1">A System for Publishing Sensor Data on the Semantic Web</outsider>
        <outsider class="DoCO:TextBox" type="page_nr" id="100" page="7" column="1">245</outsider>
        <region class="DoCO:TextChunk" id="112" confidence="possible" page="7" column="1">A LEXANDRA M ORARU is a PhD student at the J. Stefan International Postgraduate School in the Information and Communication Technolo- gies program. She received her BSc in computer science from the Technical University of Cluj-Napoca in 2009 and her MSc in infor- mation and communication technology from the J. Stefan International Postgraduate School in 2011. She started her collaboration with J. Ste- fan Institute in 2008, with a 2 months internship program, and since 2009 she has been a student there. Her general research interests are in the area of Semantic Web and semantic technologies, more specifically, the applicability of semantics in sensor networks.</region>
        <region class="DoCO:TextChunk" id="113" confidence="possible" page="7" column="2">C AROLINA F ORTUNA is a senior research assistant and a PhD student working at the Department of Communication Systems, Jozef Stefan Institute. She received her BSc in electrical engineering from the Technical University of Cluj-Napoca, Romania. Her research is in- terdisciplinary focusing on semantic technologies with applications in modelling of communication and sensor systems and on combining semantic technologies, statistical learning and networks for analyzing large datasets. She has published papers in refereed conferences and journals, served in the program committee of conferences such as ICC, Globecom and WCNC. She has also been to industry internships at Bloomberg LP and Siemens PSE. D UNJA M LADENI C  ́ is an expert on study and development of machine learning, data/text mining, semantic technology techniques and their application in real-world problems. She has been associated with the J. Stefan Institute since 1987, first as a student and since 1992 em- ployed as a researcher. She is leading Artificial Intelligence Laboratory of the J. Stefan Institute since 2011. She received her MSc and PhD degrees in computer science from the University of Ljubljana in 1995 and 1998 respectively. She was a visiting researcher at the School of Computer Science, Carnegie Mellon University, USA in 1996-1997 and in 2000-2001. She has published papers in refereed conferences and journals, served in the program committee of international confer- ences and organized international events in the area of text mining, link analysis and data mining. She is co-editor of several books including “Data Mining and Decision Support: Integration and Collaboration”, Kluwer Academic Publishers 2003, “Semantic Knowledge Manage- ment: Integrating Ontology Management, Knowledge Discovery, and Human Language Technologies” Springer 2008, “Web Mining: from Web to Semantic Web”, Springer 2004, “Semantics, Web and Mining” Springer 2006, “From Web to Social Web: discovering and deploy- ing user and content profiles”, Springer 2007, “Knowledge Discovery Enhanced with Semantic and Social Information” , Springer 2009.</region>
      </section>
    </body>
  </article>
</pdfx>
