<?xml version='1.0' encoding='UTF-8'?>
<pdfx xmlns:xsi="http://www.w3.org/2001/XMLSchema-instance" xsi:noNamespaceSchemaLocation="http://pdfx.cs.man.ac.uk/static/article-schema.xsd">
  <meta>
    <job>6b68ac39a5cf84d906d07a81bc7587dbab291196f9397d9aaf43d470edea40ba</job>
    <base_name>e8</base_name>
    <doi>http://dx.doi.org/10.1007/978-3-642-13489-0_26</doi>
    <warning>Name identification was not possible. </warning>
  </meta>
  <article>
    <front class="DoCO:FrontMatter">
      <title-group>
        <article-title class="DoCO:Title" id="1">Publishing Math Lecture Notes as Linked Data</article-title>
      </title-group>
      <region class="DoCO:TextChunk" id="4" confidence="possible">Catalin David 1 , Michael Kohlhase 1 , Christoph Lange 1 , Florian Rabe 1 , Nikita Zhiltsov 2 and Vyacheslav Zholudev 1 1 Computer Science, Jacobs University Bremen, Germany <email id="2">{c.david,m.kohlhase,ch.lange,f.rabe,v.zholudev}@jacobs-university.de</email> 2 Mathematics, Kazan State University, Russia, <email id="3">nikita.zhiltsov@gmail.com</email></region>
      <abstract class="DoCO:Abstract" id="5">We mark up a corpus of L A TEX lecture notes semantically and expose them as Linked Data in XHTML+MathML+RDFa. Our application makes the resulting documents interactively browsable for students. Our ontology helps to answer queries from students and lecturers, and paves the path towards an integration of our corpus with external sites.</abstract>
    </front>
    <body class="DoCO:BodyMatter">
      <section class="DoCO:Section">
        <h1 class="DoCO:SectionTitle" id="6" page="1" column="1">1 Application: Computer Science Lecture Notes</h1>
      </section>
      <region class="DoCO:TextChunk" id="11" page="1" column="1">Over the last seven years, the second author has accumulated a large corpus of teaching materials, comprising more than 2,000 slides, about 1,000 home- work problems, and hundreds of pages of course notes, all written in L A TEX. The material covers a general first-year introduction to computer science, graduate lectures on logics, and research talks on mathematical knowledge management. This situation is typical for educators and researchers and represents the state of the art in mathematics, physics, computer science, and engineering: L A TEX has proven suitable for writing high-quality lecture notes and publishing them as PDF. However, in our educational setting, we would like to benefit from the much larger degree of interactivity that screen reading and e-books support. For example, while reading notes students want to directly look up the meaning of a symbol (e. g. ) in a formula, or examples for a difficult concept (e. g. structural induction). They may want to select advanced material for self-study from the whole body of lecture notes, based on the topics covered in the lecture. They want to use a search engine to find related material in other universities’ online course notes, on mathematical web sites, or Wikipedia. Lecturers want to query their repository for document parts reusable in an upcoming lecture, given the prerequisites students are expected to meet and the material that has already been covered. In a course for a special audience, e. g. mathematics for physicists, they want to draw examples from that domain even though they are less familiar with it. They also want to locate didactic gaps, such as concepts without examples, or unjustified proof steps. These services require semantic annotations in the lecture notes that are understandable for external search engines. Plain L A TEX is barely usable for anything beyond on-screen reading and printing. Even simple semantic annotations are uncommon, rare exceptions are the \title command making its meaning explicit or \frac{a}{b} focusing on functional structure instead of visual layout. This is especially problematic for symbols in <marker type="page" number="2"/><marker type="block"/> formulæ, which are often overloaded with multiple definitions or presentable in different notations. n can be a vector or a binomial coefficient, and a French or k Russian would write the latter as C n k . Therefore, we have developed a semantic representation of mathematical knowledge in L A TEX and a presentation process that preserves these semantic structures as Linked Data in the output, exposing them to mashups for interactive exploration, as well as semantic searching and querying. These are based on an ontology for mathematical knowledge so that mathematical content can be linked across different repositories.</region>
      <outsider class="DoCO:TextBox" type="footer" id="8" page="1" column="1">The final publication is available at www.springerlink.com L. Aroyo et al. (Eds.): ESWC 2010, LNCS 6089, pp. 370–374, 2010. c Springer-Verlag Berlin Heidelberg 2010</outsider>
      <outsider class="DoCO:TextBox" type="header" id="9" page="2" column="1">Publishing Math Lecture Notes as Linked Data</outsider>
      <outsider class="DoCO:TextBox" type="page_nr" id="10" page="2" column="1">371</outsider>
      <section class="DoCO:Section">
        <h1 class="DoCO:SectionTitle" id="12" page="2" column="1">2 Research Background and Related Work</h1>
        <region class="DoCO:TextChunk" id="24" page="2" column="1">L A TEX’s importance in scientific authoring and its extensibility by macros have led to semantic extensions enabling modern publishing workflows. SALT (semantically annotated L A TEX [<xref ref-type="bibr" rid="R8" id="13" class="deo:Reference">8</xref>]) marks up rhetorical structures and fine-grained citations in scientific documents. Its markup is not sufficiently fine-grained for formulæ, and its vocabulary is limited to rhetorics and citations and not extensible. Our own sTEX offers macros for introducing new mathematical symbols and using arbitrary metadata vocabularies. Some math e-learning systems, such as ActiveMath [<xref ref-type="bibr" rid="R1" id="14" class="deo:Reference">1</xref>] or MathDox [<xref ref-type="bibr" rid="R17" id="15" class="deo:Reference">17</xref>], use semantic representations of formulæ and higher-level structures, e. g. proof steps or course module dependencies, in the standard XML languages OpenMath [<xref ref-type="bibr" rid="R5" id="16" class="deo:Reference">5</xref>] and OMDoc [<xref ref-type="bibr" rid="R11" id="17" class="deo:Reference">11</xref>]. They utilize semantic structures but do not publish them in a standard representation like RDF, which would promote general-purpose queries beyond the built-in services and integration with other systems on the web. The Linking Open Data movement promotes best practices for publishing data on the web [<xref ref-type="bibr" rid="R9" id="18" class="deo:Reference">9</xref>], as standalone RDF or embedded into HTML documents as RDFa [<xref ref-type="bibr" rid="R2" id="19" class="deo:Reference">2</xref>]. Applications include Sindice, an engine that crawls and indexes Linked Data [<xref ref-type="bibr" rid="R19" id="20" class="deo:Reference">19</xref>], and the Sparks O 3 Browser, a mashup that utilizes RDFa annotations in HTML for interactive browsing [<xref ref-type="bibr" rid="R20" id="21" class="deo:Reference">20</xref>]. Our interactive documents work similarly but additionally support annotations in MathML formulæ. MathML has pioneered embedded annotations long before RDFa, albeit with a more limited scope. Its parallel markup interlinks the rendered appearance and the semantic structure of mathematical expressions; the meaning of mathematical symbols is usually defined in lightweight ontologies called OpenMath content dictionaries [<xref ref-type="bibr" rid="R4" id="22" class="deo:Reference">4</xref>]. HELM (Hypertext Electronic Library of Mathematics [<xref ref-type="bibr" rid="R3" id="23" class="deo:Reference">3</xref>]) pioneered representing structures of mathematical knowledge in RDF, e. g. what mathematical theory introduces a symbol, what of its properties have been declared or asserted, and how the latter are proved. The HELM ontology has not gained wide acceptance, though. At the time of its de- velopment, there was no RDFa-like way of embedding RDF into web documents.</region>
      </section>
      <section class="DoCO:Section">
        <h1 class="DoCO:SectionTitle" id="25" page="2" column="1">3 Architecture and Demo</h1>
        <region class="DoCO:TextChunk" id="43" page="2" column="1">Our architecture publishes semantically enriched L A TEX lecture notes as XHTML+ MathML+RDFa Linked Data. We kept L A TEX as an input language, as it is familiar to authors and well supported by editors, and as high-quality PDF can <marker type="page" number="3"/><marker type="block"/> be obtained from it. With sTEX (semantically enhanced TEX), we have intro- duced L A TEX macros for marking up the semantic structure of formulæ and documents [<xref ref-type="bibr" rid="R12" id="29" class="deo:Reference">12</xref>] and manually annotated our complete corpus using the sTEX plugin for the Emacs editor. One can, e. g., declare a symbol union, formally define it, and make its semantic representation \union{A,B,C} expand to A\cup B\cup C for human-readable rendering. There are environments for mathematical state- ments and theories, e. g. \begin{example}[for=union]. L A TEXML transforms this into a semantically equivalent intermediate XML representation, using the standard XML languages OpenMath for formulæ [<xref ref-type="bibr" rid="R5" id="30" class="deo:Reference">5</xref>] and OMDoc for higher-level structures [<xref ref-type="bibr" rid="R11" id="31" class="deo:Reference">11</xref>]. Finally, our JOMDoc rendering library [<xref ref-type="bibr" rid="R10" id="32" class="deo:Reference">10</xref>] generates human- readable output from this XML – an output that still contains the full semantic structure as annotations. A custom Java implementation renders formulæ as parallel markup of Presentation MathML annotated with OpenMath 3 ; rendering higher-level structures as XHTML+RDFa [<xref ref-type="bibr" rid="R2" id="33" class="deo:Reference">2</xref>] is implemented in XSLT. RDF is extracted from XML by our Krextor XML→RDF library [<xref ref-type="bibr" rid="R15" id="34" class="deo:Reference">15</xref>], which generates URIs for all mathematical objects in a document. It uses our OMDoc ontology (cf. [<xref ref-type="bibr" rid="R14" id="35" class="deo:Reference">14</xref>]) as a vocabulary for representing all mathematical structures (e. g. “d is a definition, e is an example for d”) plus full text, inspired by HELM and designed as a more expressive counterpart of the OMDoc XML schema. The whole transformation process is integrated into our versioned XML database TNTBase [<xref ref-type="bibr" rid="R22" id="36" class="deo:Reference">22</xref>]; see <ext-link ext-link-type="uri" href="http://kwarc.info/LinkedLectures." id="37">http://kwarc.info/LinkedLectures.</ext-link> TNTBase has a Subversion-compatible interface making it suitable as a lecture notes repository. The TEX→XML and XML→RDF transformations are automatically trig- gered by a hook upon committing a new revision of an sTEX lecture module. If the generated OMDoc+OpenMath is not schema-valid, the commit is rejected. On the other hand, it follows Linked Data best practices and, depending on the MIME type an HTTP client requests, serves a document as OMDoc, as RDF (only a structural outline, not the full text and formulæ), or as XHTML+ MathML+RDFa. The latter contains JavaScript code from our JOBAD library for interactive documents [13,<xref ref-type="bibr" rid="R7" id="38" class="deo:Reference">7</xref>, <xref ref-type="bibr" rid="R13" id="39" class="deo:Reference">13</xref>,7], which operationalizes the annotations – Linked Data and other – in the rendered documents. JOBAD’s definition lookup deter- mines the OpenMath annotation of the Presentation MathML symbol the user clicked on, from that obtains the URI of the symbol, and then requests XHTML from that URI (resulting in the symbol’s declaration and definition), which is then displayed in a popup. The RDFa annotations are used for making parts of a document (e. g. steps of a structured proof) foldable, and for displaying the local neighborhood in the RDF graph (e. g. related examples) in popups; this is implemented using the rdfQuery library [<xref ref-type="bibr" rid="R18" id="40" class="deo:Reference">18</xref>], relying on the Linked Data structure in the latter case. Further third-party services can be integrated in a mashup style; we have demonstrated this for a unit conversion service [13,<xref ref-type="bibr" rid="R7" id="41" class="deo:Reference">7</xref>, <xref ref-type="bibr" rid="R13" id="42" class="deo:Reference">13</xref>,7]. Besides enabling JOBAD’s services, we have implemented machinery to load the extracted</region>
        <outsider class="DoCO:TextBox" type="page_nr" id="27" page="3" column="1">372</outsider>
        <outsider class="DoCO:TextBox" type="header" id="28" page="3" column="1">David, Kohlhase, Lange, Rabe, Zhiltsov, Zholudev</outsider>
        <region class="DoCO:TextChunk" id="45" confidence="possible" page="3" column="1">3 A proposal for fully representing formulæ in RDF [<xref ref-type="bibr" rid="R16" id="44" class="deo:Reference">16</xref>] has not gained wide acceptance. RDF-based reasoners are often limited to decidable first order logic subsets, which is insufficient for mathematical applications, and XML has a straightforward notion of order (e. g. of the arguments of an operator or of a set constructor).</region>
        <outsider class="DoCO:TextBox" type="header" id="46" page="4" column="1">Publishing Math Lecture Notes as Linked Data</outsider>
        <outsider class="DoCO:TextBox" type="page_nr" id="47" page="4" column="1">373</outsider>
        <region class="DoCO:TextChunk" id="50" page="4" column="1">RDF into a triple store and query it using SPARQL. We also provide a widget for formulating queries without knowing SPARQL and the OMDoc ontology. It allows to ask some non-trivial queries, e. g. “find examples for all concepts from graph theory (about which I’m planning a lecture), assuming as prerequisites the concepts from formal languages (and their prerequisites)”. This would yield the parse tree of a context-free language as an example for the concept “tree” – as operating systems were not among the prerequisites. <marker type="block"/> Our demo shows the complete pipeline in action: (i) annotating a document with our sTEX Emacs mode, (ii) committing it to TNTBase, (iii) automatic translation to OMDoc, schema validation, and RDF extraction,(iv) loading the extracted RDF data into a triple store, (v) retrieving the document in different representations, (vi) browsing the XHTML+MathML+RDFa rendering, (vii) in- teracting with the Linked Data in it, (viii) and querying a triple store. Addition- ally, we will demonstrate the generation of PDF from the sTEX sources.</region>
        <region class="DoCO:FigureBox" id="Fx49">
          <image class="DoCO:Figure" src="e8.page_004.image_01.png" thmb="e8.page_004.image_01-thumb.png"/>
        </region>
      </section>
      <section class="deo:Conclusion">
        <h1 class="DoCO:SectionTitle" id="51" page="4" column="1">4 Conclusion and Outlook</h1>
        <region class="DoCO:TextChunk" id="57" page="4" column="1">Our architecture makes legacy L A TEX lecture notes available as Linked Data. We expose these data to external clients but have also implemented services for interactively exploring the XHTML+MathML+RDFa presentation of our data. We are also working on preserving some of the semantics in the PDF output, as SALT does. Evaluation of our enriched lecture notes by the student end users is planned for the next semester. To the best of our knowledge, we are the first provider of RDF-based Linked Data in the domain of mathematics and among the first to operationalize the Linked Data structures of formula markup. Having successfully transformed more than 300,000 normal, non-semantic L A TEX documents from arxiv.org to XHTML+Presentation MathML [ <xref ref-type="bibr" rid="R21" id="52" class="deo:Reference">21</xref>] and working on machinery for automatically annotating them using natural language processing, we will soon be able to expose even more mathematical knowledge as Linked Open Data; however, due to the inherent complexity of mathematical knowledge, with a less formal semantics than manually annotated documents. Our lecture<marker type="page" number="5"/><marker type="block"/> notes are self-contained so far, but we are now starting to reap the benefits of Linked Data by linking them to other data sets, e. g. DBpedia [<xref ref-type="bibr" rid="R6" id="56" class="deo:Reference">6</xref>], whose mathematical knowledge does not have a semantics as strong as ours, but which provides abundant informal background knowledge, e. g. about the originators of mathematical theories. On the other hand, hardly any well-known mathematical site (e. g. planetmath.org and mathworld.wolfram.com) currently exposes machine-understandable metadata. We promote our technology, starting with lightweight RDFa annotation using the OMDoc ontology, as a migration path towards their integration into a true mathematical Semantic Web.</region>
        <outsider class="DoCO:TextBox" type="page_nr" id="54" page="5" column="1">374</outsider>
        <outsider class="DoCO:TextBox" type="header" id="55" page="5" column="1">David, Kohlhase, Lange, Rabe, Zhiltsov, Zholudev</outsider>
      </section>
      <section class="DoCO:Bibliography">
        <h1 class="DoCO:SectionTitle" id="58" page="5" column="1">References</h1>
        <ref-list class="DoCO:BiblioGraphicReferenceList">
          <ref rid="R1" class="deo:BibliographicReference" id="60" page="5" column="1">1. ActiveMath. <ext-link ext-link-type="uri" href="http://www.activemath.org" id="59">http://www.activemath.org</ext-link></ref>
          <ref rid="R2" class="deo:BibliographicReference" id="61" page="5" column="1">2. RDFa in XHTML: Syntax and processing. Recommendation, W3C, 2008.</ref>
          <ref rid="R3" class="deo:BibliographicReference" id="62" page="5" column="1">3. A. Asperti, L. Padovani, C. Sacerdoti Coen, F. Guidi, and I. Schena. Mathematical knowledge management in HELM. Annals of Mathematics and Artificial Intelligence, Special Issue on Mathematical Knowledge Management, Kluwer, 38(1– 3):27–46, 2003.</ref>
          <ref rid="R4" class="deo:BibliographicReference" id="63" page="5" column="1">4. MathML 3.0. Candidate Recommendation, W3C, 2009.</ref>
          <ref rid="R5" class="deo:BibliographicReference" id="65" page="5" column="1">5. The Open Math standard, version 2.0. Technical report, Open Math Society, 2004. 6. DBpedia. <ext-link ext-link-type="uri" href="http://www.dbpedia.org" id="64">http://www.dbpedia.org</ext-link></ref>
          <ref rid="R7" class="deo:BibliographicReference" id="66" page="5" column="1">7. J. Giceva, C. Lange, and F. Rabe. Integrating web services into active mathematical documents. In MKM/Calculemus, number 5625 in LNAI. Springer, 2009.</ref>
          <ref rid="R8" class="deo:BibliographicReference" id="67" page="5" column="1">8. T. Groza, S. Handschuh, K. Möller, and S. Decker. SALT – semantically annotated L A TEX for scientific publications. In ESWC, number 4519 in LNCS. Springer, 2007.</ref>
          <ref rid="R9" class="deo:BibliographicReference" id="69" page="5" column="1">9. Linked data guides. <ext-link ext-link-type="uri" href="http://linkeddata.org/guides-and-tutorials" id="68">http://linkeddata.org/guides-and-tutorials</ext-link></ref>
          <ref rid="R10" class="deo:BibliographicReference" id="71" page="5" column="1">10. JOMDoc — Java library for OMDoc documents. <ext-link ext-link-type="uri" href="http://jomdoc.omdoc.org" id="70">http://jomdoc.omdoc.org</ext-link>.</ref>
          <ref rid="R11" class="deo:BibliographicReference" id="72" page="5" column="1">11. M. Kohlhase. OMDoc – An open markup format for mathematical documents [Version 1.2]. Number 4180 in LNAI. Springer, 2006.</ref>
          <ref rid="R12" class="deo:BibliographicReference" id="73" page="5" column="1">12. M. Kohlhase. Using L A TEX as a semantic markup format. Mathematics in Computer Science, 2(2):279–304, 2008.</ref>
          <ref rid="R13" class="deo:BibliographicReference" id="74" page="5" column="1">13. M. Kohlhase, J. Giceva, C. Lange, and V. Zholudev. JOBAD – interactive mathematical documents. In AI Mashup Challenge, 2009.</ref>
          <ref rid="R14" class="deo:BibliographicReference" id="75" page="5" column="1">14. C. Lange. SWiM – a semantic wiki for mathematical knowledge management. In ESWC, number 5021 in LNCS. Springer, 2008.</ref>
          <ref rid="R15" class="deo:BibliographicReference" id="76" page="5" column="1">15. C. Lange. Krextor – an extensible XML→RDF extraction framework. In Scripting and Development for the Semantic Web (SFSW2009), 2009.</ref>
          <ref rid="R16" class="deo:BibliographicReference" id="77" page="5" column="1">16. M. Marchiori. The mathematical semantic web. In Mathematical Knowledge Management, MKM, number 2594 in LNCS. Springer, 2003. Keynote.</ref>
          <ref rid="R17" class="deo:BibliographicReference" id="79" page="5" column="1">17. MathDox – interactive mathematics. <ext-link ext-link-type="uri" href="http://www.mathdox.org" id="78">http://www.mathdox.org</ext-link></ref>
          <ref rid="R18" class="deo:BibliographicReference" id="81" page="5" column="1">18. rdfQuery – RDF processing in browser. <ext-link ext-link-type="uri" href="http://code.google.com/p/rdfquery/" id="80">http://code.google.com/p/rdfquery/</ext-link></ref>
          <ref rid="R19" class="deo:BibliographicReference" id="83" page="5" column="1">19. Sindice – the semantic web index. <ext-link ext-link-type="uri" href="http://sindice.com" id="82">http://sindice.com</ext-link></ref>
          <ref rid="R20" class="deo:BibliographicReference" id="85" page="5" column="1">20. Sparks O 3 browser: Enlighten the web. <ext-link ext-link-type="uri" href="http://oak.dcs.shef.ac.uk/sparks/" id="84">http://oak.dcs.shef.ac.uk/sparks/</ext-link></ref>
          <ref rid="R21" class="deo:BibliographicReference" id="86" page="5" column="1">21. H. Stamerjohanns, M. Kohlhase, D. Ginev, C. David, and B. Miller. Transform- ing large collections of scientific publications to XML. Mathematics in Computer Science, 2010.</ref>
          <ref rid="R22" class="deo:BibliographicReference" id="87" page="5" column="1">22. V. Zholudev, M. Kohlhase, and F. Rabe. A [insert xml format] database for [insert cool application]. In Proceedings of XML Prague, 2010.</ref>
        </ref-list>
      </section>
    </body>
  </article>
</pdfx>
