<?xml version='1.0' encoding='UTF-8'?>
<pdfx xmlns:xsi="http://www.w3.org/2001/XMLSchema-instance" xsi:noNamespaceSchemaLocation="http://pdfx.cs.man.ac.uk/static/article-schema.xsd">
  <meta>
    <job>c97f2c51c0dcefb11aac610b13608a6d32ef9f3192bb036db40054283df95e14</job>
    <base_name>gh</base_name>
    <doi>http://dx.doi.org/10.1007/978-3-540-89903-7_6</doi>
    <warning>Name identification was not possible. </warning>
  </meta>
  <article>
    <front class="DoCO:FrontMatter">
      <region class="unknown" id="1">Semantic Interoperability *</region>
      <title-group>
        <article-title class="DoCO:Title" id="12" confidence="possible">forming   service   chains.   The   interface   description   guarantees   syntactic   interoperability,   i.e.,   the </article-title>
      </title-group>
    </front>
    <body class="DoCO:BodyMatter">
      <region class="DoCO:TextChunk" id="11" page="1" column="1">With Geographic Information Systems (GIS) moving away from monolithic software to distributed <marker type="block"/> network services, the question of how to ensure that these services operate with each other gains in <marker type="block"/> importance. Typically, these services encapsulate a particular functionality exposed through a Web<marker type="block"/> based interface for communication as proposed by the Open Geospatial Consortium (OGC). The <marker type="block"/> Service Oriented Architecture  (SOA) describes the interaction between the service provider, the <marker type="block"/> service broker and the user. The provider registers the service at a registry maintained by the service <marker type="block"/> broker. The broker publishes the service interface, and hence, allows the service to be retrieved and <marker type="block"/> finally executed by the user. The interface describes how to access the service and which data, if <marker type="block"/> any, is exchanged. Besides human users, other services can also request a service via its interface <marker type="block"/> forming   service   chains.   The   interface   description   guarantees   syntactic   interoperability,   i.e.,   the </region>
      <region class="DoCO:TextChunk" id="22" page="1" column="1">possibility  to  exchange data on a technical level. Besides the used internet protocol and access <marker type="block"/> restrictions, this especially includes the used data types. For instance, an interface of a Webbased <marker type="block"/> gazetteer may announce that it requires a place name as input and delivers the place type and spatial <marker type="block"/> footprint as results. The place name and place type would be specified as text strings, while the <marker type="block"/> footprint would be defined according to a particular spatial reference system. What a place type <marker type="block"/> (such as lake or canal) means, i.e., what is required for a particular place to be classified as lake or <marker type="block"/> canal, is not covered by the interface description. This is a serious shortcoming as users accessing <marker type="block"/> the   service   may   assume   that   the   services'   conceptualization   of   the   place   type   fits   their   own. <marker type="block"/> Consequently, relying only on the names and data types of service parameters is not sufficient. This <marker type="block"/> is especially important for service chains where one service relies on the adequate output of another </region>
      <region class="DoCO:TextChunk" id="23" confidence="possible" page="1" column="1">service without manual control by a human user.  In   contrast,   to   avoid   misunderstandings,   semantic   interoperability   requires   a   shared </region>
      <region class="DoCO:TextChunk" id="37" page="1" column="1">understanding   of   the   meaning   of   the   exchanged   data,   such   as   the   place   types   in   the   gazetteer <marker type="page" number="2"/><marker type="block"/> example. To achieve this, unambiguous specifications of the service functionality, as well as the <marker type="block"/> meaning of the input and output parameters are necessary. These specifications have to be readable <marker type="block"/> to both human users and machines, and also have to be published in a service registry to support <marker type="block"/> discovery. With respect to the gazetteer, the service needs to provide the specifications for the place <marker type="block"/> types. For instance, lakes can be defined as natural bodies of water inside of a landmass. Based on <marker type="block"/> such   definitions,   users   (or   other   services)   can   decide   whether   the   requested   service   fits   their <marker type="block"/> requirements. In information science the technology to specify such conceptualization is called an <marker type="block"/> ontology. Ontologies support logical reasoning which is a prerequisite for information retrieval and <marker type="block"/> interpretation.   To   achieve   semantic   interoperability   between   services   their   ontologies,   called <marker type="block"/> application ontologies, are compared to analyze whether the service parameters are based on the <marker type="block"/> same conceptualization. Such analysis, however, requires a common base vocabulary used for the </region>
      <region class="unknown" id="25" page="1" column="1">* This is a draft version of Janowicz, K. (2009; forthcoming): Semantic Interoperability. In: Encyclopedia of </region>
      <outsider class="DoCO:TextBox" type="footer" id="26" page="1" column="1">Geography. B. Warf (Ed.). SAGE Publications.</outsider>
      <region class="DoCO:TextChunk" id="38" confidence="possible" page="2" column="1">specifications.  An   analogy   to   explain   the   need   for   a   base   vocabulary   and   the   comparison   of </region>
      <region class="DoCO:TextChunk" id="46" page="2" column="1">conceptualizations in application ontologies are Semantic Reference Systems (SRS). Same as spatial <marker type="block"/> reference   systems,   semantic   reference   systems   define   a   multidimensional   (semantic)   coordinate <marker type="block"/> system and operations within such a system. One of these operations is semantic similarity which is <marker type="block"/> defined as the inverse distance between two conceptualizations. It is analog to the distance between <marker type="block"/> coordinates   in  a spatial reference  system. Consequently, while  the  distance between two places <marker type="block"/> represented in a gazetteer service can be measured based on their spatial footprints, the semantic <marker type="block"/> similarity   of   the   place   types   can   be   computed   based   on   their   formal   specifications.   While   the <marker type="block"/> question   how   to   achieve   semantic   interoperability   remains   an   open   research   challenge,   two </region>
      <region class="DoCO:TextChunk" id="47" confidence="possible" page="2" column="1">approaches can be distinguished. TopLevel Ontology</region>
      <region class="DoCO:TextChunk" id="60" page="2" column="1">A toplevel ontology contains the commonly agreed upon base vocabulary independent from an <marker type="block"/> application   specific   perspective,   e.g.,   a   particular   service.   For   instance,   a   toplevel   ontology <marker type="page" number="3"/><marker type="block"/> distinguishes   between   abstract   and   physical   objects   and   defines   units   of   measure.   These <marker type="block"/> specifications are then used as building blocks for domain ontologies which specify the vocabulary <marker type="block"/> shared by a particular domain such as hydrology or geography. The domain ontology itself is used <marker type="block"/> by   the   service   provider   to   develop   the   application   centric   ontology   necessary   for   the   service <marker type="block"/> interface. In case of the gazetteer service, the provider specifies what is categorized as lake using <marker type="block"/> definitions from the domain ontology, such as the topological insiderelationship or the concept of <marker type="block"/> water body. The mathematical notion of a relationship is defined in the toplevel ontology. Based on <marker type="block"/> this topdown approach, the specifications used by particular services can be compared as they rely <marker type="block"/> on the same base vocabulary. This also allows for computer aided search in service repositories and <marker type="block"/> enables users to find services which fit their needs. Semantic similarity is such a technology to <marker type="block"/> support retrieval based on comparing the specifications for overlap and a step towards establishing </region>
      <region class="DoCO:TextChunk" id="61" confidence="possible" page="3" column="1">semantic interoperability. Folksonomies</region>
      <region class="DoCO:TextChunk" id="68" page="3" column="1">While   the   definition   and   maintenance   of   toplevel   and   domain   ontologies   is   up   to   computer <marker type="block"/> scientists   and   domain   experts,   socalled   folksonomies   are   a   bottomup   approach   to   establish   a <marker type="block"/> common understanding of the used vocabulary. Folksonomies are a crucial part of the Web 2.0 <marker type="block"/> where users are actively contributing content instead of passively consuming it. By assigning labels <marker type="block"/> (tags), users categorize content on the Web. For instance, in a Web 2.0 gazetteer users might assign <marker type="block"/> tags as place types to mark particular places on a map. Technologies to analyze these tags and hence <marker type="block"/> establish   a   common   understanding   based   on   user   provided   information   are   a   promising   new </region>
      <region class="DoCO:TextChunk" id="69" confidence="possible" page="3" column="1">research direction. Krzysztof Janowicz, Institute for Geoinformatics, University of Münster</region>
      <region class="DoCO:TextChunk" id="70" page="3" column="1">See also Interoperability and Spatial Data Standards, Web Service Architectures for GIS, Semantic </region>
      <section class="DoCO:Section">
        <h1 class="DoCO:SectionTitle" id="71" confidence="possible" page="4" column="1">Reference Systems, Ontological Foundations for Geographical Data</h1>
        <ref-list class="DoCO:BiblioGraphicReferenceList">
          <ref rid="R1" class="deo:BibliographicReference" id="72" confidence="possible" page="4" column="1">Further Readings Janowicz, K., Keßler, C., Schwarz, M., Wilkes, M., Panov, I., Espeter, M., and Bäumer, B. (2007).  Algorithm, Implementation and Application of the SIMDL Similarity Server. Second International  Conference on GeoSpatial Semantics (GeoS 2007). Mexico City, Mexico,. Springer  Lecture Notes </ref>
          <ref class="deo:BibliographicReference" id="73" confidence="possible" page="4" column="1">in Computer Science,. 4853: 128145. Kuhn, W. (2005). Geospatial Semantics: Why, of What, and How? Journal on Data Semantics,  Special Issue on Semanticbased Geographical Information Systems. Lecture Notes in Computer  Science, 3534: 124.</ref>
          <ref class="deo:BibliographicReference" id="74" confidence="possible" page="4" column="1">MacKenzie, C. M., Laskey, K., McCabe, F., Brown, P. F. and Metz, R. (2006). OASIS Reference </ref>
          <ref class="deo:BibliographicReference" id="75" confidence="possible" page="4" column="1">Model for Service Oriented Architectures 1.0 – Committee Specification 1, 2 August 2006.</ref>
        </ref-list>
      </section>
    </body>
  </article>
</pdfx>
