<?xml version='1.0' encoding='UTF-8'?>
<pdfx xmlns:xsi="http://www.w3.org/2001/XMLSchema-instance" xsi:noNamespaceSchemaLocation="http://pdfx.cs.man.ac.uk/static/article-schema.xsd">
  <meta>
    <job>72d347284302e3abb4f1cfc7c559eaa3257dcb58ffa9b0cb0f93654dadd484eb</job>
    <base_name>gi</base_name>
    <doi>http://dx.doi.org/10.1201/b13877-3</doi>
    <warning>Name identification was not possible. </warning>
    <warning>The font used for 'body text' does not predominate across pages. Output quality may be degraded.</warning>
  </meta>
  <article>
    <front class="DoCO:FrontMatter">
      <title-group>
        <article-title class="DoCO:Title" id="1" confidence="possible">Semantic Web and Linked Data</article-title>
      </title-group>
    </front>
    <body class="DoCO:BodyMatter">
      <region class="DoCO:TextChunk" id="6" confidence="possible" page="1" column="1">Based on slides by: Ivan Herman (W3C), Herbert Van de Sompel (LANL), Antoine Isaac (UvA), Joshua Shinavier (RPI) Original slides at: <ext-link ext-link-type="uri" href="http://www.w3.org/2010/Talks/0728-TheHague-IH/" id="2">http://www.w3.org/2010/Talks/0728-TheHague-IH/</ext-link> <ext-link ext-link-type="uri" href="http://bit.ly/8YWhgy" id="3">http://bit.ly/8YWhgy</ext-link> <ext-link ext-link-type="uri" href="http://www.few.vu.nl/" id="4">http://www.few.vu.nl/</ext-link>~aisaac/talks/Isaac-DANS10.ppt <ext-link ext-link-type="uri" href="http://www.slideshare.net/joshsh/the-state-of-the-art-in-linked-" id="5">http://www.slideshare.net/joshsh/the-state-of-the-art-in-linked-</ext-link> data</region>
      <region class="unknown" id="7" page="2" column="1">The Music site of the BBC</region>
      <region class="DoCO:FigureBox" id="Fx8">
        <image class="DoCO:Figure" src="gi.page_002.image_01.png" thmb="gi.page_002.image_01-thumb.png"/>
      </region>
      <region class="DoCO:TextChunk" id="9" confidence="possible" page="2" column="1">Presented by Herbert Van de Sompel at TICER 2010, Tilburg, The Netherlands</region>
      <region class="DoCO:FigureBox" id="Fx10">
        <image class="DoCO:Figure" src="gi.page_002.image_02.png" thmb="gi.page_002.image_02-thumb.png"/>
      </region>
      <region class="unknown" id="11" page="3" column="1">The Music site of the BBC</region>
      <region class="DoCO:FigureBox" id="Fx12">
        <image class="DoCO:Figure" src="gi.page_003.image_03.png" thmb="gi.page_003.image_03-thumb.png"/>
      </region>
      <region class="DoCO:TextChunk" id="13" confidence="possible" page="3" column="1">Presented by Herbert Van de Sompel at TICER 2010, Tilburg, The Netherlands</region>
      <region class="DoCO:FigureBox" id="Fx14">
        <image class="DoCO:Figure" src="gi.page_003.image_04.png" thmb="gi.page_003.image_04-thumb.png"/>
      </region>
      <region class="DoCO:TextChunk" id="15" confidence="possible" page="4" column="1">Site editors roam the Web for new facts</region>
      <region class="unknown" id="16" page="4" column="1">How to build such a site 1.   may discover further links while roaming  </region>
      <region class="DoCO:TextChunk" id="17" confidence="possible" page="4" column="1">They update the site manually And the site gets soon out-of-date</region>
      <region class="DoCO:FigureBox" id="Fx18">
        <image class="DoCO:Figure" src="gi.page_004.image_05.png" thmb="gi.page_004.image_05-thumb.png"/>
      </region>
      <region class="unknown" id="19" page="4" column="3">Presented by Herbert Van de Sompel at TICER 2010, Tilburg, The Netherlands</region>
      <region class="DoCO:FigureBox" id="Fx20">
        <image class="DoCO:Figure" src="gi.page_004.image_06.png" thmb="gi.page_004.image_06-thumb.png"/>
      </region>
      <region class="DoCO:TextChunk" id="21" confidence="possible" page="5" column="1">How to build such a site 2.  Editors roam the Web for new data published on Web sites  “Scrape” the sites with a program to extract the information</region>
      <region class="DoCO:FigureBox" id="Fx22">
        <image class="DoCO:Figure" src="gi.page_005.image_07.png" thmb="gi.page_005.image_07-thumb.png"/>
      </region>
      <region class="unknown" id="23" page="5" column="1"> Ie, write some code to incorporate the new data </region>
      <region class="DoCO:TextChunk" id="24" confidence="possible" page="5" column="3">Easily get out of date again...</region>
      <region class="unknown" id="25" page="5" column="3">Presented by Herbert Van de Sompel at TICER 2010, Tilburg, The Netherlands</region>
      <region class="DoCO:FigureBox" id="Fx26">
        <image class="DoCO:Figure" src="gi.page_005.image_08.png" thmb="gi.page_005.image_08-thumb.png"/>
      </region>
      <region class="DoCO:TextChunk" id="27" confidence="possible" page="6" column="1">How to build such a site 3.  Editors roam the Web for new data via APIs Understand those...</region>
      <region class="unknown" id="28" page="6" column="1">  input, output arguments, datatypes used, etc </region>
      <region class="DoCO:FigureBox" id="Fx29">
        <image class="DoCO:Figure" src="gi.page_006.image_09.png" thmb="gi.page_006.image_09-thumb.png"/>
      </region>
      <region class="unknown" id="30" page="6" column="1"></region>
      <region class="DoCO:TextChunk" id="31" confidence="possible" page="6" column="1">Write some code to incorporate the new data Easily get out of date again...</region>
      <region class="unknown" id="32" page="6" column="3">Presented by Herbert Van de Sompel at TICER 2010, Tilburg, The Netherlands</region>
      <region class="DoCO:FigureBox" id="Fx33">
        <image class="DoCO:Figure" src="gi.page_006.image_10.png" thmb="gi.page_006.image_10-thumb.png"/>
      </region>
      <region class="DoCO:TextChunk" id="34" confidence="possible" page="7" column="1">The choice of the BBC  Use external, public datasets  Wikipedia, MusicBrainz, ...  They are available as data  not API-s or hidden on a Web site  data can be extracted using, eg, HTTP requests or standard queries</region>
      <region class="unknown" id="35" page="7" column="3">Presented by Herbert Van de Sompel at TICER 2010, Tilburg, The Netherlands</region>
      <region class="DoCO:FigureBox" id="Fx36">
        <image class="DoCO:Figure" src="gi.page_007.image_11.png" thmb="gi.page_007.image_11-thumb.png"/>
      </region>
      <region class="DoCO:TextChunk" id="37" confidence="possible" page="8" column="1">In short...  Use the Web of Data as a Content Management System  Use the community at large as content editors</region>
      <region class="unknown" id="38" page="8" column="3">Presented by Herbert Van de Sompel at TICER 2010, Tilburg, The Netherlands</region>
      <region class="DoCO:FigureBox" id="Fx39">
        <image class="DoCO:Figure" src="gi.page_008.image_12.png" thmb="gi.page_008.image_12-thumb.png"/>
      </region>
      <region class="unknown" id="40" page="9" column="1">And this is no secret...</region>
      <region class="DoCO:FigureBox" id="Fx41">
        <image class="DoCO:Figure" src="gi.page_009.image_13.png" thmb="gi.page_009.image_13-thumb.png"/>
      </region>
      <region class="DoCO:TextChunk" id="42" confidence="possible" page="9" column="1">Presented by Herbert Van de Sompel at TICER 2010, Tilburg, The Netherlands</region>
      <region class="DoCO:FigureBox" id="Fx43">
        <image class="DoCO:Figure" src="gi.page_009.image_14.png" thmb="gi.page_009.image_14-thumb.png"/>
      </region>
      <region class="DoCO:TextChunk" id="44" confidence="possible" page="10" column="1">Data on the Web  There are more an more data on the Web  government data, health related data, general knowledge, company information, flight information, restaurants,...  More and more applications rely on the availability of that data  But data is often in silos, not connected  Like a document Web without links</region>
      <region class="unknown" id="45" page="10" column="3">Presented by Herbert Van de Sompel at TICER 2010, Tilburg, The Netherlands</region>
      <region class="DoCO:FigureBox" id="Fx46">
        <image class="DoCO:Figure" src="gi.page_010.image_15.png" thmb="gi.page_010.image_15-thumb.png"/>
      </region>
      <region class="DoCO:TextChunk" id="47" confidence="possible" page="11" column="1">Aim for Web-scale data integration  Make the data independent of its internal representation...  Publish it on the Web  Merge the resulting data  Start making queries on the whole!  queries not possible on the individual data sets</region>
      <region class="unknown" id="48" page="11" column="3">Presented by Herbert Van de Sompel at TICER 2010, Tilburg, The Netherlands</region>
      <region class="DoCO:FigureBox" id="Fx49">
        <image class="DoCO:Figure" src="gi.page_011.image_16.png" thmb="gi.page_011.image_16-thumb.png"/>
      </region>
      <region class="DoCO:TextChunk" id="50" confidence="possible" page="12" column="1">Data integration requires shared abstractions  We need a proper infrastructure for a real Web of Data  make data available on the Web  resources in data identified using global identifiers - URIs  expressed using common data model - RDF  accessible via standard Web technologies - HTTP  data are interlinked over the Web  ie, data can be integrated over the Web</region>
      <region class="unknown" id="51" page="12" column="2">Presented by Herbert Van de Sompel at TICER 2010, Tilburg, The Netherlands</region>
      <region class="DoCO:FigureBox" id="Fx52">
        <image class="DoCO:Figure" src="gi.page_012.image_17.png" thmb="gi.page_012.image_17-thumb.png"/>
      </region>
      <region class="DoCO:TextChunk" id="53" confidence="possible" page="13" column="1">Resource Identification via URIs  On the Web as we know it, URIs are for documents  On the semantic web, things are also given URIs  real-world objects, e.g. a person, a car, a star, etc.  concepts, ideas, abstractions, ...</region>
      <region class="unknown" id="54" page="13" column="3">Presented by Herbert Van de Sompel at TICER 2010, Tilburg, The Netherlands</region>
      <region class="DoCO:FigureBox" id="Fx55">
        <image class="DoCO:Figure" src="gi.page_013.image_18.png" thmb="gi.page_013.image_18-thumb.png"/>
      </region>
      <region class="DoCO:TextChunk" id="56" confidence="possible" page="14" column="1">Linked Data: Semantic Web over HTTP  Tim Berner-Lee‟s Linked Data principles:  use URIs as names for things  use HTTP URIs so that people can look up those names  when someone looks up a URI provide useful information  include links to other URIs. So that they can discover more things. </region>
      <region class="DoCO:TextChunk" id="57" confidence="possible" page="14" column="3">But: How to distinguish between HTTP URI for document and for thing? Presented by Herbert Van de Sompel at TICER 2010, Tilburg, The Netherlands</region>
      <region class="DoCO:FigureBox" id="Fx58">
        <image class="DoCO:Figure" src="gi.page_014.image_19.png" thmb="gi.page_014.image_19-thumb.png"/>
      </region>
      <region class="unknown" id="59" page="15" column="1">Cool URIs for the Semantic Web</region>
      <region class="DoCO:FigureBox" id="Fx60">
        <image class="DoCO:Figure" src="gi.page_015.image_20.png" thmb="gi.page_015.image_20-thumb.png"/>
      </region>
      <region class="DoCO:TextChunk" id="61" confidence="possible" page="15" column="1">Presented by Herbert Van de Sompel at TICER 2010, Tilburg, The Netherlands</region>
      <region class="DoCO:FigureBox" id="Fx62">
        <image class="DoCO:Figure" src="gi.page_015.image_21.png" thmb="gi.page_015.image_21-thumb.png"/>
      </region>
      <region class="unknown" id="63" page="16" column="1">Cool URIs for the Semantic Web</region>
      <region class="DoCO:FigureBox" id="Fx64">
        <image class="DoCO:Figure" src="gi.page_016.image_22.png" thmb="gi.page_016.image_22-thumb.png"/>
      </region>
      <region class="DoCO:TextChunk" id="65" confidence="possible" page="16" column="1">Presented by Herbert Van de Sompel at TICER 2010, Tilburg, The Netherlands</region>
      <region class="DoCO:FigureBox" id="Fx66">
        <image class="DoCO:Figure" src="gi.page_016.image_23.png" thmb="gi.page_016.image_23-thumb.png"/>
      </region>
      <region class="unknown" id="67" page="17" column="1">Cool URIs for the Semantic Web</region>
      <region class="DoCO:FigureBox" id="Fx68">
        <image class="DoCO:Figure" src="gi.page_017.image_24.png" thmb="gi.page_017.image_24-thumb.png"/>
      </region>
      <region class="DoCO:TextChunk" id="69" confidence="possible" page="17" column="1">Presented by Herbert Van de Sompel at TICER 2010, Tilburg, The Netherlands</region>
      <region class="DoCO:FigureBox" id="Fx70">
        <image class="DoCO:Figure" src="gi.page_017.image_25.png" thmb="gi.page_017.image_25-thumb.png"/>
      </region>
      <region class="unknown" id="71" page="18" column="1">Cool URIs for the Semantic Web</region>
      <region class="DoCO:FigureBox" id="Fx72">
        <image class="DoCO:Figure" src="gi.page_018.image_26.png" thmb="gi.page_018.image_26-thumb.png"/>
      </region>
      <region class="DoCO:TextChunk" id="73" confidence="possible" page="18" column="1">Presented by Herbert Van de Sompel at TICER 2010, Tilburg, The Netherlands</region>
      <region class="DoCO:FigureBox" id="Fx74">
        <image class="DoCO:Figure" src="gi.page_018.image_27.png" thmb="gi.page_018.image_27-thumb.png"/>
      </region>
      <region class="unknown" id="75" page="19" column="1">Resource Description Framework</region>
      <region class="DoCO:FigureBox" id="Fx76">
        <image class="DoCO:Figure" src="gi.page_019.image_28.png" thmb="gi.page_019.image_28-thumb.png"/>
      </region>
      <region class="DoCO:TextChunk" id="77" confidence="possible" page="19" column="1">Presented by Herbert Van de Sompel at TICER 2010, Tilburg, The Netherlands</region>
      <region class="DoCO:FigureBox" id="Fx78">
        <image class="DoCO:Figure" src="gi.page_019.image_29.png" thmb="gi.page_019.image_29-thumb.png"/>
      </region>
      <region class="unknown" id="79" page="20" column="1">Resource Description Framework</region>
      <region class="DoCO:FigureBox" id="Fx80">
        <image class="DoCO:Figure" src="gi.page_020.image_30.png" thmb="gi.page_020.image_30-thumb.png"/>
      </region>
      <region class="DoCO:TextChunk" id="81" confidence="possible" page="20" column="1">Presented by Herbert Van de Sompel at TICER 2010, Tilburg, The Netherlands</region>
      <region class="DoCO:FigureBox" id="Fx82">
        <image class="DoCO:Figure" src="gi.page_020.image_31.png" thmb="gi.page_020.image_31-thumb.png"/>
      </region>
      <region class="unknown" id="83" page="21" column="1">Resource Description Framework</region>
      <region class="DoCO:FigureBox" id="Fx84">
        <image class="DoCO:Figure" src="gi.page_021.image_32.png" thmb="gi.page_021.image_32-thumb.png"/>
      </region>
      <region class="DoCO:TextChunk" id="85" confidence="possible" page="21" column="1">Presented by Herbert Van de Sompel at TICER 2010, Tilburg, The Netherlands</region>
      <region class="DoCO:FigureBox" id="Fx86">
        <image class="DoCO:Figure" src="gi.page_021.image_33.png" thmb="gi.page_021.image_33-thumb.png"/>
      </region>
      <region class="unknown" id="87" page="22" column="1">Resource Description Framework</region>
      <region class="DoCO:FigureBox" id="Fx88">
        <image class="DoCO:Figure" src="gi.page_022.image_34.png" thmb="gi.page_022.image_34-thumb.png"/>
      </region>
      <region class="DoCO:TextChunk" id="89" confidence="possible" page="22" column="2">R1 hasChapter R2 R1 hasChapter R3 R3 follows R2 R1 createdBy “Herbert” Presented by Herbert Van de Sompel at TICER 2010, Tilburg, The Netherlands</region>
      <region class="DoCO:FigureBox" id="Fx90">
        <image class="DoCO:Figure" src="gi.page_022.image_35.png" thmb="gi.page_022.image_35-thumb.png"/>
      </region>
      <region class="DoCO:TextChunk" id="91" confidence="possible" page="23" column="1">In what follows...  We will use a simplistic example to introduce the main Semantic Web concepts</region>
      <region class="unknown" id="92" page="23" column="3">Presented by Herbert Van de Sompel at TICER 2010, Tilburg, The Netherlands</region>
      <region class="DoCO:FigureBox" id="Fx93">
        <image class="DoCO:Figure" src="gi.page_023.image_36.png" thmb="gi.page_023.image_36-thumb.png"/>
      </region>
      <region class="unknown" id="94" page="24" column="1">We start with a book...</region>
      <region class="DoCO:FigureBox" id="Fx95">
        <image class="DoCO:Figure" src="gi.page_024.image_37.png" thmb="gi.page_024.image_37-thumb.png"/>
      </region>
      <region class="DoCO:TextChunk" id="96" confidence="possible" page="24" column="1">Presented by Herbert Van de Sompel at TICER 2010, Tilburg, The Netherlands</region>
      <region class="DoCO:FigureBox" id="Fx97">
        <image class="DoCO:Figure" src="gi.page_024.image_38.png" thmb="gi.page_024.image_38-thumb.png"/>
      </region>
      <region class="DoCO:TextChunk" id="99" confidence="possible" page="25" column="1">A simplified bookstore data (dataset “A”) ID Author Title Publisher Year ISBN 0-00-6511409-X id_xyz The Glass Palace id_qpr 2000 ID Name Homepage id_xyz Ghosh, Amitav <ext-link ext-link-type="uri" href="http://www.amitavghosh.com" id="98">http://www.amitavghosh.com</ext-link> ID Publisher’s name City id_qpr Harper Collins London</region>
      <region class="unknown" id="100" page="25" column="3">Presented by Herbert Van de Sompel at TICER 2010, Tilburg, The Netherlands</region>
      <region class="DoCO:FigureBox" id="Fx101">
        <image class="DoCO:Figure" src="gi.page_025.image_39.png" thmb="gi.page_025.image_39-thumb.png"/>
      </region>
      <region class="DoCO:TextChunk" id="102" confidence="possible" page="26" column="1">1 st : export your data as a set of relations</region>
      <region class="DoCO:FigureBox" id="Fx103">
        <image class="DoCO:Figure" src="gi.page_026.image_40.png" thmb="gi.page_026.image_40-thumb.png"/>
        <image class="DoCO:Figure" src="gi.page_026.image_41.png" thmb="gi.page_026.image_41-thumb.png"/>
        <image class="DoCO:Figure" src="gi.page_026.image_42.png" thmb="gi.page_026.image_42-thumb.png"/>
        <image class="DoCO:Figure" src="gi.page_026.image_43.png" thmb="gi.page_026.image_43-thumb.png"/>
      </region>
      <region class="unknown" id="104" page="26" column="1">a:author</region>
      <region class="DoCO:FigureBox" id="Fx105">
        <image class="DoCO:Figure" src="gi.page_026.image_44.png" thmb="gi.page_026.image_44-thumb.png"/>
        <image class="DoCO:Figure" src="gi.page_026.image_45.png" thmb="gi.page_026.image_45-thumb.png"/>
        <image class="DoCO:Figure" src="gi.page_026.image_46.png" thmb="gi.page_026.image_46-thumb.png"/>
      </region>
      <region class="unknown" id="106" page="26" column="1">a:name a:homepage</region>
      <region class="DoCO:FigureBox" id="Fx107">
        <image class="DoCO:Figure" src="gi.page_026.image_47.png" thmb="gi.page_026.image_47-thumb.png"/>
        <image class="DoCO:Figure" src="gi.page_026.image_48.png" thmb="gi.page_026.image_48-thumb.png"/>
      </region>
      <region class="unknown" id="108" page="26" column="1">Presented by Herbert Van de Sompel at TICER 2010, Tilburg, The Netherlands</region>
      <region class="DoCO:FigureBox" id="Fx109">
        <image class="DoCO:Figure" src="gi.page_026.image_49.png" thmb="gi.page_026.image_49-thumb.png"/>
      </region>
      <region class="unknown" id="110" page="27" column="1">Same book in French...</region>
      <region class="DoCO:FigureBox" id="Fx111">
        <image class="DoCO:Figure" src="gi.page_027.image_50.png" thmb="gi.page_027.image_50-thumb.png"/>
      </region>
      <region class="DoCO:TextChunk" id="112" confidence="possible" page="27" column="1">Presented by Herbert Van de Sompel at TICER 2010, Tilburg, The Netherlands</region>
      <region class="DoCO:FigureBox" id="Fx113">
        <image class="DoCO:Figure" src="gi.page_027.image_51.png" thmb="gi.page_027.image_51-thumb.png"/>
      </region>
      <region class="DoCO:TextChunk" id="114" confidence="possible" page="28" column="1">Another bookstore data (dataset “F”) A B C D 1 ID Titre Traducteur Original 2 ISBN 2020286682 3 4 5 6 ID 7 ISBN 0-00-6511409-X 8 9 10 Nom 11 Ghosh, Amitav 12 Besse, Christianne</region>
      <region class="DoCO:TextChunk" id="115" confidence="possible" page="28" column="2">Le Palais des Miroirs $A12$ ISBN 0-00-6511409-X Auteur $A11$</region>
      <region class="unknown" id="116" page="28" column="2">Presented by Herbert Van de Sompel at TICER 2010, Tilburg, The Netherlands</region>
      <region class="DoCO:FigureBox" id="Fx117">
        <image class="DoCO:Figure" src="gi.page_028.image_52.png" thmb="gi.page_028.image_52-thumb.png"/>
      </region>
      <region class="unknown" id="118" page="29" column="1">2 nd : export your second set of data</region>
      <region class="DoCO:TextChunk" id="119" confidence="possible" page="29" column="1">http://...isbn/000651409X</region>
      <region class="DoCO:FigureBox" id="Fx120">
        <image class="DoCO:Figure" src="gi.page_029.image_53.png" thmb="gi.page_029.image_53-thumb.png"/>
        <image class="DoCO:Figure" src="gi.page_029.image_54.png" thmb="gi.page_029.image_54-thumb.png"/>
      </region>
      <region class="DoCO:TextChunk" id="121" confidence="possible" page="29" column="1">Le palais des miroirs</region>
      <region class="DoCO:TextChunk" id="122" confidence="possible" page="29" column="1">f:auteur</region>
      <region class="DoCO:TextChunk" id="123" confidence="possible" page="29" column="1">http://...isbn/2020386682</region>
      <region class="DoCO:FigureBox" id="Fx124">
        <image class="DoCO:Figure" src="gi.page_029.image_55.png" thmb="gi.page_029.image_55-thumb.png"/>
      </region>
      <region class="DoCO:TextChunk" id="125" confidence="possible" page="29" column="1">f:traducteur</region>
      <region class="DoCO:FigureBox" id="Fx126">
        <image class="DoCO:Figure" src="gi.page_029.image_56.png" thmb="gi.page_029.image_56-thumb.png"/>
      </region>
      <region class="DoCO:TextChunk" id="127" confidence="possible" page="29" column="1">f:nom</region>
      <region class="DoCO:FigureBox" id="Fx128">
        <image class="DoCO:Figure" src="gi.page_029.image_57.png" thmb="gi.page_029.image_57-thumb.png"/>
      </region>
      <region class="DoCO:TextChunk" id="129" confidence="possible" page="29" column="1">f:nom</region>
      <region class="DoCO:TextChunk" id="130" confidence="possible" page="29" column="1">Ghosh, Amitav</region>
      <region class="DoCO:FigureBox" id="Fx131">
        <image class="DoCO:Figure" src="gi.page_029.image_58.png" thmb="gi.page_029.image_58-thumb.png"/>
        <image class="DoCO:Figure" src="gi.page_029.image_59.png" thmb="gi.page_029.image_59-thumb.png"/>
      </region>
      <region class="DoCO:TextChunk" id="132" confidence="possible" page="29" column="1">Besse, Christianne</region>
      <region class="unknown" id="133" page="29" column="3">Presented by Herbert Van de Sompel at TICER 2010, Tilburg, The Netherlands</region>
      <region class="DoCO:FigureBox" id="Fx134">
        <image class="DoCO:Figure" src="gi.page_029.image_60.png" thmb="gi.page_029.image_60-thumb.png"/>
      </region>
      <region class="unknown" id="135" page="30" column="1">3 rd : start merging your data</region>
      <region class="DoCO:TextChunk" id="136" confidence="possible" page="30" column="1">http://...isbn/000651409X</region>
      <region class="DoCO:FigureBox" id="Fx137">
        <image class="DoCO:Figure" src="gi.page_030.image_62.png" thmb="gi.page_030.image_62-thumb.png"/>
        <image class="DoCO:Figure" src="gi.page_030.image_61.png" thmb="gi.page_030.image_61-thumb.png"/>
        <image class="DoCO:Figure" src="gi.page_030.image_64.png" thmb="gi.page_030.image_64-thumb.png"/>
      </region>
      <region class="DoCO:TextChunk" id="138" confidence="possible" page="30" column="1">a:author</region>
      <region class="DoCO:FigureBox" id="Fx139">
        <image class="DoCO:Figure" src="gi.page_030.image_63.png" thmb="gi.page_030.image_63-thumb.png"/>
        <image class="DoCO:Figure" src="gi.page_030.image_65.png" thmb="gi.page_030.image_65-thumb.png"/>
      </region>
      <region class="DoCO:TextChunk" id="140" confidence="possible" page="30" column="1">a:name</region>
      <region class="DoCO:TextChunk" id="141" confidence="possible" page="30" column="1">http://...isbn/000651409X</region>
      <region class="DoCO:TextChunk" id="142" confidence="possible" page="30" column="1">a:homepage</region>
      <region class="DoCO:FigureBox" id="Fx143">
        <image class="DoCO:Figure" src="gi.page_030.image_66.png" thmb="gi.page_030.image_66-thumb.png"/>
      </region>
      <region class="DoCO:TextChunk" id="144" confidence="possible" page="30" column="1">Le palais des miroirs</region>
      <region class="DoCO:FigureBox" id="Fx145">
        <image class="DoCO:Figure" src="gi.page_030.image_67.png" thmb="gi.page_030.image_67-thumb.png"/>
      </region>
      <region class="DoCO:TextChunk" id="146" confidence="possible" page="30" column="1">Ghosh, Amitav</region>
      <region class="DoCO:FigureBox" id="Fx147">
        <image class="DoCO:Figure" src="gi.page_030.image_68.png" thmb="gi.page_030.image_68-thumb.png"/>
      </region>
      <region class="DoCO:TextChunk" id="149" confidence="possible" page="30" column="1"> <ext-link ext-link-type="uri" href="http://www.amitavghosh.com" id="148">http://www.amitavghosh.com</ext-link></region>
      <region class="DoCO:FigureBox" id="Fx150">
        <image class="DoCO:Figure" src="gi.page_030.image_69.png" thmb="gi.page_030.image_69-thumb.png"/>
      </region>
      <region class="DoCO:TextChunk" id="151" confidence="possible" page="30" column="1">f:auteur</region>
      <region class="DoCO:TextChunk" id="152" confidence="possible" page="30" column="1">http://...isbn/2020386682</region>
      <region class="DoCO:FigureBox" id="Fx153">
        <image class="DoCO:Figure" src="gi.page_030.image_70.png" thmb="gi.page_030.image_70-thumb.png"/>
        <image class="DoCO:Figure" src="gi.page_030.image_71.png" thmb="gi.page_030.image_71-thumb.png"/>
      </region>
      <region class="DoCO:TextChunk" id="154" confidence="possible" page="30" column="1">f:traducteu r</region>
      <region class="DoCO:TextChunk" id="155" confidence="possible" page="30" column="1">f:nom</region>
      <region class="DoCO:TextChunk" id="156" confidence="possible" page="30" column="1">Ghosh, Amitav</region>
      <region class="DoCO:FigureBox" id="Fx157">
        <image class="DoCO:Figure" src="gi.page_030.image_73.png" thmb="gi.page_030.image_73-thumb.png"/>
        <image class="DoCO:Figure" src="gi.page_030.image_72.png" thmb="gi.page_030.image_72-thumb.png"/>
      </region>
      <region class="DoCO:TextChunk" id="158" confidence="possible" page="30" column="3">f:nom</region>
      <region class="DoCO:TextChunk" id="159" confidence="possible" page="30" column="3">Besse, Christianne</region>
      <region class="DoCO:FigureBox" id="Fx160">
        <image class="DoCO:Figure" src="gi.page_030.image_74.png" thmb="gi.page_030.image_74-thumb.png"/>
      </region>
      <region class="unknown" id="161" page="30" column="3">Presented by Herbert Van de Sompel at TICER 2010, Tilburg, The Netherlands</region>
      <region class="DoCO:FigureBox" id="Fx162">
        <image class="DoCO:Figure" src="gi.page_030.image_75.png" thmb="gi.page_030.image_75-thumb.png"/>
      </region>
      <region class="unknown" id="163" page="31" column="1">3 rd : start merging your data (cont)</region>
      <region class="DoCO:TextChunk" id="164" confidence="possible" page="31" column="1">http://...isbn/000651409X</region>
      <region class="DoCO:FigureBox" id="Fx165">
        <image class="DoCO:Figure" src="gi.page_031.image_77.png" thmb="gi.page_031.image_77-thumb.png"/>
        <image class="DoCO:Figure" src="gi.page_031.image_76.png" thmb="gi.page_031.image_76-thumb.png"/>
      </region>
      <region class="unknown" id="166" page="31" column="1">Same URI!</region>
      <region class="DoCO:FigureBox" id="Fx167">
        <image class="DoCO:Figure" src="gi.page_031.image_79.png" thmb="gi.page_031.image_79-thumb.png"/>
      </region>
      <region class="DoCO:TextChunk" id="168" confidence="possible" page="31" column="1">a:author</region>
      <region class="DoCO:FigureBox" id="Fx169">
        <image class="DoCO:Figure" src="gi.page_031.image_78.png" thmb="gi.page_031.image_78-thumb.png"/>
        <image class="DoCO:Figure" src="gi.page_031.image_80.png" thmb="gi.page_031.image_80-thumb.png"/>
      </region>
      <region class="DoCO:TextChunk" id="170" confidence="possible" page="31" column="1">a:name</region>
      <region class="DoCO:TextChunk" id="171" confidence="possible" page="31" column="1">http://...isbn/000651409X</region>
      <region class="DoCO:TextChunk" id="172" confidence="possible" page="31" column="1">a:homepage</region>
      <region class="DoCO:FigureBox" id="Fx173">
        <image class="DoCO:Figure" src="gi.page_031.image_81.png" thmb="gi.page_031.image_81-thumb.png"/>
      </region>
      <region class="DoCO:TextChunk" id="174" confidence="possible" page="31" column="1">Le palais des miroirs</region>
      <region class="DoCO:FigureBox" id="Fx175">
        <image class="DoCO:Figure" src="gi.page_031.image_82.png" thmb="gi.page_031.image_82-thumb.png"/>
      </region>
      <region class="DoCO:TextChunk" id="176" confidence="possible" page="31" column="1">Ghosh, Amitav</region>
      <region class="DoCO:FigureBox" id="Fx177">
        <image class="DoCO:Figure" src="gi.page_031.image_83.png" thmb="gi.page_031.image_83-thumb.png"/>
      </region>
      <region class="DoCO:TextChunk" id="179" confidence="possible" page="31" column="1"> <ext-link ext-link-type="uri" href="http://www.amitavghosh.com" id="178">http://www.amitavghosh.com</ext-link></region>
      <region class="DoCO:FigureBox" id="Fx180">
        <image class="DoCO:Figure" src="gi.page_031.image_84.png" thmb="gi.page_031.image_84-thumb.png"/>
      </region>
      <region class="DoCO:TextChunk" id="181" confidence="possible" page="31" column="1">f:auteur</region>
      <region class="DoCO:TextChunk" id="182" confidence="possible" page="31" column="1">http://...isbn/2020386682</region>
      <region class="DoCO:FigureBox" id="Fx183">
        <image class="DoCO:Figure" src="gi.page_031.image_85.png" thmb="gi.page_031.image_85-thumb.png"/>
        <image class="DoCO:Figure" src="gi.page_031.image_86.png" thmb="gi.page_031.image_86-thumb.png"/>
      </region>
      <region class="DoCO:TextChunk" id="184" confidence="possible" page="31" column="1">f:traducteu r</region>
      <region class="DoCO:TextChunk" id="185" confidence="possible" page="31" column="1">f:nom</region>
      <region class="DoCO:TextChunk" id="186" confidence="possible" page="31" column="1">Ghosh, Amitav</region>
      <region class="DoCO:FigureBox" id="Fx187">
        <image class="DoCO:Figure" src="gi.page_031.image_88.png" thmb="gi.page_031.image_88-thumb.png"/>
        <image class="DoCO:Figure" src="gi.page_031.image_87.png" thmb="gi.page_031.image_87-thumb.png"/>
      </region>
      <region class="DoCO:TextChunk" id="188" confidence="possible" page="31" column="3">f:nom</region>
      <region class="DoCO:TextChunk" id="189" confidence="possible" page="31" column="3">Besse, Christianne</region>
      <region class="DoCO:FigureBox" id="Fx190">
        <image class="DoCO:Figure" src="gi.page_031.image_89.png" thmb="gi.page_031.image_89-thumb.png"/>
      </region>
      <region class="unknown" id="191" page="31" column="3">Presented by Herbert Van de Sompel at TICER 2010, Tilburg, The Netherlands</region>
      <region class="DoCO:FigureBox" id="Fx192">
        <image class="DoCO:Figure" src="gi.page_031.image_90.png" thmb="gi.page_031.image_90-thumb.png"/>
      </region>
      <region class="unknown" id="193" page="32" column="1">3 rd : start merging your data</region>
      <region class="DoCO:TextChunk" id="194" confidence="possible" page="32" column="1">http://...isbn/000651409X</region>
      <region class="DoCO:FigureBox" id="Fx195">
        <image class="DoCO:Figure" src="gi.page_032.image_92.png" thmb="gi.page_032.image_92-thumb.png"/>
        <image class="DoCO:Figure" src="gi.page_032.image_91.png" thmb="gi.page_032.image_91-thumb.png"/>
        <image class="DoCO:Figure" src="gi.page_032.image_94.png" thmb="gi.page_032.image_94-thumb.png"/>
      </region>
      <region class="DoCO:TextChunk" id="196" confidence="possible" page="32" column="1">a:author</region>
      <region class="DoCO:FigureBox" id="Fx197">
        <image class="DoCO:Figure" src="gi.page_032.image_93.png" thmb="gi.page_032.image_93-thumb.png"/>
      </region>
      <region class="DoCO:TextChunk" id="198" confidence="possible" page="32" column="1">f:original</region>
      <region class="DoCO:FigureBox" id="Fx199">
        <image class="DoCO:Figure" src="gi.page_032.image_95.png" thmb="gi.page_032.image_95-thumb.png"/>
      </region>
      <region class="DoCO:TextChunk" id="200" confidence="possible" page="32" column="1">a:name</region>
      <region class="DoCO:TextChunk" id="201" confidence="possible" page="32" column="1">f:auteur</region>
      <region class="DoCO:TextChunk" id="202" confidence="possible" page="32" column="1">a:homepage</region>
      <region class="DoCO:TextChunk" id="203" confidence="possible" page="32" column="1">Le palais des miroirs</region>
      <region class="DoCO:FigureBox" id="Fx204">
        <image class="DoCO:Figure" src="gi.page_032.image_96.png" thmb="gi.page_032.image_96-thumb.png"/>
      </region>
      <region class="DoCO:TextChunk" id="205" confidence="possible" page="32" column="1">Ghosh, Amitav</region>
      <region class="DoCO:FigureBox" id="Fx206">
        <image class="DoCO:Figure" src="gi.page_032.image_97.png" thmb="gi.page_032.image_97-thumb.png"/>
      </region>
      <region class="DoCO:TextChunk" id="208" confidence="possible" page="32" column="1"> <ext-link ext-link-type="uri" href="http://www.amitavghosh.com" id="207">http://www.amitavghosh.com</ext-link></region>
      <region class="DoCO:FigureBox" id="Fx209">
        <image class="DoCO:Figure" src="gi.page_032.image_98.png" thmb="gi.page_032.image_98-thumb.png"/>
      </region>
      <region class="DoCO:TextChunk" id="210" confidence="possible" page="32" column="1">http://...isbn/2020386682</region>
      <region class="DoCO:FigureBox" id="Fx211">
        <image class="DoCO:Figure" src="gi.page_032.image_99.png" thmb="gi.page_032.image_99-thumb.png"/>
        <image class="DoCO:Figure" src="gi.page_032.image_100.png" thmb="gi.page_032.image_100-thumb.png"/>
      </region>
      <region class="DoCO:TextChunk" id="212" confidence="possible" page="32" column="1">f:traducteu r</region>
      <region class="DoCO:TextChunk" id="213" confidence="possible" page="32" column="1">f:nom</region>
      <region class="DoCO:TextChunk" id="214" confidence="possible" page="32" column="1">Ghosh, Amitav</region>
      <region class="DoCO:FigureBox" id="Fx215">
        <image class="DoCO:Figure" src="gi.page_032.image_102.png" thmb="gi.page_032.image_102-thumb.png"/>
        <image class="DoCO:Figure" src="gi.page_032.image_101.png" thmb="gi.page_032.image_101-thumb.png"/>
      </region>
      <region class="DoCO:TextChunk" id="216" confidence="possible" page="32" column="3">f:nom</region>
      <region class="DoCO:TextChunk" id="217" confidence="possible" page="32" column="3">Besse, Christianne</region>
      <region class="DoCO:FigureBox" id="Fx218">
        <image class="DoCO:Figure" src="gi.page_032.image_103.png" thmb="gi.page_032.image_103-thumb.png"/>
      </region>
      <region class="unknown" id="219" page="32" column="3">Presented by Herbert Van de Sompel at TICER 2010, Tilburg, The Netherlands</region>
      <region class="DoCO:FigureBox" id="Fx220">
        <image class="DoCO:Figure" src="gi.page_032.image_104.png" thmb="gi.page_032.image_104-thumb.png"/>
      </region>
      <region class="DoCO:TextChunk" id="221" confidence="possible" page="33" column="1">Start making queries...  User of data “F” can now ask queries like:  “give me the title of the original”  well, ... « donnes-moi le titre de l‟original »  This information is not in the dataset “F”...  ...but can be retrieved by merging with dataset “A”!</region>
      <region class="DoCO:FigureBox" id="Fx222">
        <image class="DoCO:Figure" src="gi.page_033.image_105.png" thmb="gi.page_033.image_105-thumb.png"/>
      </region>
      <region class="unknown" id="223" page="33" column="3">Presented by Herbert Van de Sompel at TICER 2010, Tilburg, The Netherlands</region>
      <region class="DoCO:FigureBox" id="Fx224">
        <image class="DoCO:Figure" src="gi.page_033.image_106.png" thmb="gi.page_033.image_106-thumb.png"/>
      </region>
      <region class="DoCO:TextChunk" id="225" confidence="possible" page="34" column="1">However, more can be achieved...  We “feel” that a:author and f:auteur should be the same  But an automatic merge doest not know that!  Let us add some extra information to the merged data:  a:author same as f:auteur  both identify a “Person”  a term that a community may have already defined:  a “Person” is uniquely identified by his/her name and, say, homepage Presented  by it Herbert can Van be de used Sompel at as TICER a “category” 2010, Tilburg, The Netherlands for certain type of</region>
      <region class="DoCO:FigureBox" id="Fx226">
        <image class="DoCO:Figure" src="gi.page_034.image_107.png" thmb="gi.page_034.image_107-thumb.png"/>
      </region>
      <region class="unknown" id="227" page="35" column="1">3 rd revisited: use the extra knowledge</region>
      <region class="DoCO:TextChunk" id="228" confidence="possible" page="35" column="1">http://...isbn/000651409X</region>
      <region class="DoCO:FigureBox" id="Fx229">
        <image class="DoCO:Figure" src="gi.page_035.image_109.png" thmb="gi.page_035.image_109-thumb.png"/>
        <image class="DoCO:Figure" src="gi.page_035.image_108.png" thmb="gi.page_035.image_108-thumb.png"/>
      </region>
      <region class="DoCO:TextChunk" id="230" confidence="possible" page="35" column="1">Le palais des miroirs</region>
      <region class="DoCO:TextChunk" id="231" confidence="possible" page="35" column="1">f:original</region>
      <region class="DoCO:FigureBox" id="Fx232">
        <image class="DoCO:Figure" src="gi.page_035.image_110.png" thmb="gi.page_035.image_110-thumb.png"/>
        <image class="DoCO:Figure" src="gi.page_035.image_112.png" thmb="gi.page_035.image_112-thumb.png"/>
      </region>
      <region class="DoCO:TextChunk" id="233" confidence="possible" page="35" column="1">http://...isbn/2020386682</region>
      <region class="DoCO:FigureBox" id="Fx234">
        <image class="DoCO:Figure" src="gi.page_035.image_111.png" thmb="gi.page_035.image_111-thumb.png"/>
      </region>
      <region class="DoCO:TextChunk" id="235" confidence="possible" page="35" column="1">a:author f:auteur</region>
      <region class="DoCO:FigureBox" id="Fx236">
        <image class="DoCO:Figure" src="gi.page_035.image_113.png" thmb="gi.page_035.image_113-thumb.png"/>
        <image class="DoCO:Figure" src="gi.page_035.image_114.png" thmb="gi.page_035.image_114-thumb.png"/>
      </region>
      <region class="DoCO:TextChunk" id="237" confidence="possible" page="35" column="1">r:type</region>
      <region class="DoCO:TextChunk" id="238" confidence="possible" page="35" column="1">f:traducteu r:type r</region>
      <region class="DoCO:TextChunk" id="239" confidence="possible" page="35" column="1">a:name f:nom</region>
      <region class="DoCO:TextChunk" id="240" confidence="possible" page="35" column="1">a:homepage</region>
      <region class="DoCO:TextChunk" id="241" confidence="possible" page="35" column="1">http://...foaf/Person</region>
      <region class="DoCO:FigureBox" id="Fx242">
        <image class="DoCO:Figure" src="gi.page_035.image_115.png" thmb="gi.page_035.image_115-thumb.png"/>
        <image class="DoCO:Figure" src="gi.page_035.image_116.png" thmb="gi.page_035.image_116-thumb.png"/>
      </region>
      <region class="DoCO:TextChunk" id="243" confidence="possible" page="35" column="1">f:nom</region>
      <region class="DoCO:FigureBox" id="Fx244">
        <image class="DoCO:Figure" src="gi.page_035.image_117.png" thmb="gi.page_035.image_117-thumb.png"/>
      </region>
      <region class="DoCO:TextChunk" id="245" confidence="possible" page="35" column="1">Besse, Christianne</region>
      <region class="DoCO:TextChunk" id="246" confidence="possible" page="35" column="1">Ghosh, Amitav</region>
      <region class="DoCO:FigureBox" id="Fx247">
        <image class="DoCO:Figure" src="gi.page_035.image_118.png" thmb="gi.page_035.image_118-thumb.png"/>
      </region>
      <region class="DoCO:TextChunk" id="249" confidence="possible" page="35" column="1"> <ext-link ext-link-type="uri" href="http://www.amitavghosh.com" id="248">http://www.amitavghosh.com</ext-link></region>
      <region class="DoCO:FigureBox" id="Fx250">
        <image class="DoCO:Figure" src="gi.page_035.image_119.png" thmb="gi.page_035.image_119-thumb.png"/>
        <image class="DoCO:Figure" src="gi.page_035.image_120.png" thmb="gi.page_035.image_120-thumb.png"/>
      </region>
      <region class="unknown" id="251" page="35" column="3">Presented by Herbert Van de Sompel at TICER 2010, Tilburg, The Netherlands</region>
      <region class="DoCO:FigureBox" id="Fx252">
        <image class="DoCO:Figure" src="gi.page_035.image_121.png" thmb="gi.page_035.image_121-thumb.png"/>
      </region>
      <region class="DoCO:TextChunk" id="253" confidence="possible" page="36" column="1">User of dataset “F” can now query:</region>
      <region class="DoCO:TextChunk" id="254" confidence="possible" page="36" column="1">The information is not in datasets “F” or “A”... ...but was made available by:</region>
      <region class="DoCO:FigureBox" id="Fx255">
        <image class="DoCO:Figure" src="gi.page_036.image_122.png" thmb="gi.page_036.image_122-thumb.png"/>
        <image class="DoCO:Figure" src="gi.page_036.image_123.png" thmb="gi.page_036.image_123-thumb.png"/>
        <image class="DoCO:Figure" src="gi.page_036.image_124.png" thmb="gi.page_036.image_124-thumb.png"/>
      </region>
      <region class="unknown" id="256" page="36" column="1">Start making richer queries!   “donnes-moi la page d‟accueil de l‟auteur de l‟original”  well... “give me the home page of the original‟s „auteur‟”    merging datasets “A” and datasets “F”  adding three simple extra “glue”</region>
      <region class="DoCO:FigureBox" id="Fx257">
        <image class="DoCO:Figure" src="gi.page_036.image_125.png" thmb="gi.page_036.image_125-thumb.png"/>
        <image class="DoCO:Figure" src="gi.page_036.image_126.png" thmb="gi.page_036.image_126-thumb.png"/>
        <image class="DoCO:Figure" src="gi.page_036.image_128.png" thmb="gi.page_036.image_128-thumb.png"/>
        <image class="DoCO:Figure" src="gi.page_036.image_127.png" thmb="gi.page_036.image_127-thumb.png"/>
        <image class="DoCO:Figure" src="gi.page_036.image_129.png" thmb="gi.page_036.image_129-thumb.png"/>
        <image class="DoCO:Figure" src="gi.page_036.image_130.png" thmb="gi.page_036.image_130-thumb.png"/>
      </region>
      <region class="unknown" id="258" page="36" column="3">Presented by Herbert Van de Sompel at TICER 2010, Tilburg, The Netherlands</region>
      <region class="DoCO:FigureBox" id="Fx259">
        <image class="DoCO:Figure" src="gi.page_036.image_131.png" thmb="gi.page_036.image_131-thumb.png"/>
      </region>
      <region class="DoCO:TextChunk" id="260" confidence="possible" page="37" column="1">Combine with different datasets  Using, e.g., the “Person”, the dataset can be combined with other sources  For example, data in Wikipedia can be extracted using dedicated tools  e.g., the “dbpedia” project can extract the “infobox” information from Wikipedia already...</region>
      <region class="unknown" id="261" page="37" column="3">Presented by Herbert Van de Sompel at TICER 2010, Tilburg, The Netherlands</region>
      <region class="DoCO:FigureBox" id="Fx262">
        <image class="DoCO:Figure" src="gi.page_037.image_132.png" thmb="gi.page_037.image_132-thumb.png"/>
      </region>
      <region class="unknown" id="263" page="38" column="1">Merge with Wikipedia data</region>
      <region class="DoCO:TextChunk" id="264" confidence="possible" page="38" column="1">http://...isbn/000651409X</region>
      <region class="DoCO:FigureBox" id="Fx265">
        <image class="DoCO:Figure" src="gi.page_038.image_134.png" thmb="gi.page_038.image_134-thumb.png"/>
        <image class="DoCO:Figure" src="gi.page_038.image_133.png" thmb="gi.page_038.image_133-thumb.png"/>
      </region>
      <region class="DoCO:TextChunk" id="266" confidence="possible" page="38" column="1">Le palais des miroirs</region>
      <region class="DoCO:TextChunk" id="267" confidence="possible" page="38" column="1">f:original</region>
      <region class="DoCO:FigureBox" id="Fx268">
        <image class="DoCO:Figure" src="gi.page_038.image_135.png" thmb="gi.page_038.image_135-thumb.png"/>
        <image class="DoCO:Figure" src="gi.page_038.image_137.png" thmb="gi.page_038.image_137-thumb.png"/>
      </region>
      <region class="DoCO:TextChunk" id="269" confidence="possible" page="38" column="1">http://...isbn/2020386682</region>
      <region class="DoCO:FigureBox" id="Fx270">
        <image class="DoCO:Figure" src="gi.page_038.image_136.png" thmb="gi.page_038.image_136-thumb.png"/>
      </region>
      <region class="DoCO:TextChunk" id="271" confidence="possible" page="38" column="1">a:author f:auteur</region>
      <region class="DoCO:FigureBox" id="Fx272">
        <image class="DoCO:Figure" src="gi.page_038.image_138.png" thmb="gi.page_038.image_138-thumb.png"/>
        <image class="DoCO:Figure" src="gi.page_038.image_139.png" thmb="gi.page_038.image_139-thumb.png"/>
      </region>
      <region class="DoCO:TextChunk" id="273" confidence="possible" page="38" column="1">r:type</region>
      <region class="DoCO:TextChunk" id="274" confidence="possible" page="38" column="1">f:traducteu r r:type</region>
      <region class="DoCO:TextChunk" id="275" confidence="possible" page="38" column="1">a:homepage</region>
      <region class="DoCO:TextChunk" id="276" confidence="possible" page="38" column="1">http://...foaf/Person</region>
      <region class="DoCO:TextChunk" id="277" confidence="possible" page="38" column="1">a:name f:no m</region>
      <region class="DoCO:FigureBox" id="Fx278">
        <image class="DoCO:Figure" src="gi.page_038.image_140.png" thmb="gi.page_038.image_140-thumb.png"/>
        <image class="DoCO:Figure" src="gi.page_038.image_141.png" thmb="gi.page_038.image_141-thumb.png"/>
      </region>
      <region class="DoCO:TextChunk" id="279" confidence="possible" page="38" column="1">r:type</region>
      <region class="DoCO:TextChunk" id="280" confidence="possible" page="38" column="1">f:nom</region>
      <region class="DoCO:FigureBox" id="Fx281">
        <image class="DoCO:Figure" src="gi.page_038.image_142.png" thmb="gi.page_038.image_142-thumb.png"/>
      </region>
      <region class="DoCO:TextChunk" id="282" confidence="possible" page="38" column="1">Besse, Christianne</region>
      <region class="DoCO:TextChunk" id="283" confidence="possible" page="38" column="1">Ghosh, Amitav</region>
      <region class="DoCO:TextChunk" id="285" confidence="possible" page="38" column="1"> <ext-link ext-link-type="uri" href="http://www.amitavghosh.com" id="284">http://www.amitavghosh.com</ext-link></region>
      <region class="DoCO:FigureBox" id="Fx286">
        <image class="DoCO:Figure" src="gi.page_038.image_143.png" thmb="gi.page_038.image_143-thumb.png"/>
        <image class="DoCO:Figure" src="gi.page_038.image_144.png" thmb="gi.page_038.image_144-thumb.png"/>
      </region>
      <region class="DoCO:TextChunk" id="287" confidence="possible" page="38" column="1">foaf:name</region>
      <region class="DoCO:TextChunk" id="288" confidence="possible" page="38" column="1">w:reference</region>
      <region class="DoCO:TextChunk" id="290" confidence="possible" page="38" column="1"> <ext-link ext-link-type="uri" href="http://dbpedia.org/../Amitav_Ghosh" id="289">http://dbpedia.org/../Amitav_Ghosh</ext-link></region>
      <region class="DoCO:FigureBox" id="Fx291">
        <image class="DoCO:Figure" src="gi.page_038.image_145.png" thmb="gi.page_038.image_145-thumb.png"/>
      </region>
      <region class="unknown" id="292" page="38" column="3">Presented by Herbert Van de Sompel at TICER 2010, Tilburg, The Netherlands</region>
      <region class="DoCO:FigureBox" id="Fx293">
        <image class="DoCO:Figure" src="gi.page_038.image_146.png" thmb="gi.page_038.image_146-thumb.png"/>
      </region>
      <region class="unknown" id="294" page="39" column="1">Merge with Wikipedia data</region>
      <region class="DoCO:TextChunk" id="295" confidence="possible" page="39" column="1">http://...isbn/000651409X</region>
      <region class="DoCO:FigureBox" id="Fx296">
        <image class="DoCO:Figure" src="gi.page_039.image_148.png" thmb="gi.page_039.image_148-thumb.png"/>
        <image class="DoCO:Figure" src="gi.page_039.image_147.png" thmb="gi.page_039.image_147-thumb.png"/>
      </region>
      <region class="DoCO:TextChunk" id="297" confidence="possible" page="39" column="1">Le palais des miroirs</region>
      <region class="DoCO:TextChunk" id="298" confidence="possible" page="39" column="1">f:original</region>
      <region class="DoCO:FigureBox" id="Fx299">
        <image class="DoCO:Figure" src="gi.page_039.image_149.png" thmb="gi.page_039.image_149-thumb.png"/>
        <image class="DoCO:Figure" src="gi.page_039.image_151.png" thmb="gi.page_039.image_151-thumb.png"/>
      </region>
      <region class="DoCO:TextChunk" id="300" confidence="possible" page="39" column="1">http://...isbn/2020386682</region>
      <region class="DoCO:FigureBox" id="Fx301">
        <image class="DoCO:Figure" src="gi.page_039.image_150.png" thmb="gi.page_039.image_150-thumb.png"/>
      </region>
      <region class="DoCO:TextChunk" id="302" confidence="possible" page="39" column="1">a:author f:auteur</region>
      <region class="DoCO:FigureBox" id="Fx303">
        <image class="DoCO:Figure" src="gi.page_039.image_152.png" thmb="gi.page_039.image_152-thumb.png"/>
        <image class="DoCO:Figure" src="gi.page_039.image_153.png" thmb="gi.page_039.image_153-thumb.png"/>
      </region>
      <region class="DoCO:TextChunk" id="304" confidence="possible" page="39" column="1">r:type</region>
      <region class="DoCO:TextChunk" id="305" confidence="possible" page="39" column="1">f:traducteu r r:type</region>
      <region class="DoCO:TextChunk" id="306" confidence="possible" page="39" column="1">a:name f:nom</region>
      <region class="DoCO:TextChunk" id="307" confidence="possible" page="39" column="1">a:homepage</region>
      <region class="DoCO:TextChunk" id="308" confidence="possible" page="39" column="1">http://...foaf/Person</region>
      <region class="DoCO:FigureBox" id="Fx309">
        <image class="DoCO:Figure" src="gi.page_039.image_154.png" thmb="gi.page_039.image_154-thumb.png"/>
        <image class="DoCO:Figure" src="gi.page_039.image_155.png" thmb="gi.page_039.image_155-thumb.png"/>
      </region>
      <region class="DoCO:TextChunk" id="310" confidence="possible" page="39" column="1">r:type</region>
      <region class="DoCO:TextChunk" id="311" confidence="possible" page="39" column="1">f:nom</region>
      <region class="DoCO:TextChunk" id="312" confidence="possible" page="39" column="1">w:isbn</region>
      <region class="DoCO:FigureBox" id="Fx313">
        <image class="DoCO:Figure" src="gi.page_039.image_156.png" thmb="gi.page_039.image_156-thumb.png"/>
      </region>
      <region class="DoCO:TextChunk" id="314" confidence="possible" page="39" column="1">Besse, Christianne</region>
      <region class="DoCO:TextChunk" id="315" confidence="possible" page="39" column="1">Ghosh, Amitav</region>
      <region class="DoCO:TextChunk" id="317" confidence="possible" page="39" column="1"> <ext-link ext-link-type="uri" href="http://www.amitavghosh.com" id="316">http://www.amitavghosh.com</ext-link></region>
      <region class="DoCO:FigureBox" id="Fx318">
        <image class="DoCO:Figure" src="gi.page_039.image_157.png" thmb="gi.page_039.image_157-thumb.png"/>
        <image class="DoCO:Figure" src="gi.page_039.image_158.png" thmb="gi.page_039.image_158-thumb.png"/>
      </region>
      <region class="DoCO:TextChunk" id="319" confidence="possible" page="39" column="1">foaf:name</region>
      <region class="DoCO:TextChunk" id="320" confidence="possible" page="39" column="1">w:reference</region>
      <region class="DoCO:TextChunk" id="322" confidence="possible" page="39" column="1"> <ext-link ext-link-type="uri" href="http://dbpedia.org/../The_Glass_Palace" id="321">http://dbpedia.org/../The_Glass_Palace</ext-link></region>
      <region class="DoCO:FigureBox" id="Fx323">
        <image class="DoCO:Figure" src="gi.page_039.image_159.png" thmb="gi.page_039.image_159-thumb.png"/>
      </region>
      <region class="DoCO:TextChunk" id="324" confidence="possible" page="39" column="1">w:author_of</region>
      <region class="DoCO:TextChunk" id="326" confidence="possible" page="39" column="1"> <ext-link ext-link-type="uri" href="http://dbpedia.org/../Amitav_Ghosh" id="325">http://dbpedia.org/../Amitav_Ghosh</ext-link></region>
      <region class="DoCO:FigureBox" id="Fx327">
        <image class="DoCO:Figure" src="gi.page_039.image_160.png" thmb="gi.page_039.image_160-thumb.png"/>
      </region>
      <region class="DoCO:TextChunk" id="328" confidence="possible" page="39" column="1">w:author_of</region>
      <region class="DoCO:TextChunk" id="330" confidence="possible" page="39" column="1"> <ext-link ext-link-type="uri" href="http://dbpedia.org/../The_Hungry_Tide" id="329">http://dbpedia.org/../The_Hungry_Tide</ext-link></region>
      <region class="DoCO:FigureBox" id="Fx331">
        <image class="DoCO:Figure" src="gi.page_039.image_161.png" thmb="gi.page_039.image_161-thumb.png"/>
      </region>
      <region class="DoCO:TextChunk" id="332" confidence="possible" page="39" column="3">w:author_of</region>
      <region class="DoCO:TextChunk" id="334" confidence="possible" page="39" column="3"> <ext-link ext-link-type="uri" href="http://dbpedia.org/../The_Calcutta_Chromosome" id="333">http://dbpedia.org/../The_Calcutta_Chromosome</ext-link></region>
      <region class="unknown" id="335" page="39" column="3">Tilburg, The Netherlands</region>
      <region class="DoCO:FigureBox" id="Fx336">
        <image class="DoCO:Figure" src="gi.page_039.image_162.png" thmb="gi.page_039.image_162-thumb.png"/>
      </region>
      <region class="unknown" id="337" page="40" column="1">Merge with Wikipedia data</region>
      <region class="DoCO:TextChunk" id="338" confidence="possible" page="40" column="1">http://...isbn/000651409X</region>
      <region class="DoCO:FigureBox" id="Fx339">
        <image class="DoCO:Figure" src="gi.page_040.image_164.png" thmb="gi.page_040.image_164-thumb.png"/>
        <image class="DoCO:Figure" src="gi.page_040.image_163.png" thmb="gi.page_040.image_163-thumb.png"/>
      </region>
      <region class="DoCO:TextChunk" id="340" confidence="possible" page="40" column="1">Le palais des miroirs</region>
      <region class="DoCO:TextChunk" id="341" confidence="possible" page="40" column="1">f:original</region>
      <region class="DoCO:FigureBox" id="Fx342">
        <image class="DoCO:Figure" src="gi.page_040.image_165.png" thmb="gi.page_040.image_165-thumb.png"/>
        <image class="DoCO:Figure" src="gi.page_040.image_167.png" thmb="gi.page_040.image_167-thumb.png"/>
      </region>
      <region class="DoCO:TextChunk" id="343" confidence="possible" page="40" column="1">http://...isbn/2020386682</region>
      <region class="DoCO:FigureBox" id="Fx344">
        <image class="DoCO:Figure" src="gi.page_040.image_166.png" thmb="gi.page_040.image_166-thumb.png"/>
      </region>
      <region class="DoCO:TextChunk" id="345" confidence="possible" page="40" column="1">a:author f:auteur</region>
      <region class="DoCO:FigureBox" id="Fx346">
        <image class="DoCO:Figure" src="gi.page_040.image_168.png" thmb="gi.page_040.image_168-thumb.png"/>
        <image class="DoCO:Figure" src="gi.page_040.image_169.png" thmb="gi.page_040.image_169-thumb.png"/>
      </region>
      <region class="DoCO:TextChunk" id="347" confidence="possible" page="40" column="1">r:type</region>
      <region class="DoCO:TextChunk" id="348" confidence="possible" page="40" column="1">f:traducteu r r:type</region>
      <region class="DoCO:TextChunk" id="349" confidence="possible" page="40" column="1">a:name f:nom</region>
      <region class="DoCO:TextChunk" id="350" confidence="possible" page="40" column="1">a:homepage</region>
      <region class="DoCO:TextChunk" id="351" confidence="possible" page="40" column="1">http://...foaf/Person</region>
      <region class="DoCO:FigureBox" id="Fx352">
        <image class="DoCO:Figure" src="gi.page_040.image_170.png" thmb="gi.page_040.image_170-thumb.png"/>
        <image class="DoCO:Figure" src="gi.page_040.image_171.png" thmb="gi.page_040.image_171-thumb.png"/>
      </region>
      <region class="DoCO:TextChunk" id="353" confidence="possible" page="40" column="1">r:type</region>
      <region class="DoCO:TextChunk" id="354" confidence="possible" page="40" column="1">w:isbn</region>
      <region class="DoCO:FigureBox" id="Fx355">
        <image class="DoCO:Figure" src="gi.page_040.image_172.png" thmb="gi.page_040.image_172-thumb.png"/>
      </region>
      <region class="DoCO:TextChunk" id="356" confidence="possible" page="40" column="1">f:no m Besse, Christianne</region>
      <region class="DoCO:TextChunk" id="357" confidence="possible" page="40" column="1">Ghosh, Amitav</region>
      <region class="DoCO:TextChunk" id="359" confidence="possible" page="40" column="1"> <ext-link ext-link-type="uri" href="http://www.amitavghosh.com" id="358">http://www.amitavghosh.com</ext-link></region>
      <region class="DoCO:FigureBox" id="Fx360">
        <image class="DoCO:Figure" src="gi.page_040.image_173.png" thmb="gi.page_040.image_173-thumb.png"/>
        <image class="DoCO:Figure" src="gi.page_040.image_174.png" thmb="gi.page_040.image_174-thumb.png"/>
      </region>
      <region class="DoCO:TextChunk" id="361" confidence="possible" page="40" column="1">foaf:name</region>
      <region class="DoCO:TextChunk" id="362" confidence="possible" page="40" column="1">w:reference</region>
      <region class="DoCO:TextChunk" id="364" confidence="possible" page="40" column="1"> <ext-link ext-link-type="uri" href="http://dbpedia.org/../The_Glass_Palace" id="363">http://dbpedia.org/../The_Glass_Palace</ext-link></region>
      <region class="DoCO:FigureBox" id="Fx365">
        <image class="DoCO:Figure" src="gi.page_040.image_175.png" thmb="gi.page_040.image_175-thumb.png"/>
      </region>
      <region class="DoCO:TextChunk" id="366" confidence="possible" page="40" column="1">w:author_of</region>
      <region class="DoCO:TextChunk" id="368" confidence="possible" page="40" column="1"> <ext-link ext-link-type="uri" href="http://dbpedia.org/../Amitav_Ghosh" id="367">http://dbpedia.org/../Amitav_Ghosh</ext-link></region>
      <region class="DoCO:FigureBox" id="Fx369">
        <image class="DoCO:Figure" src="gi.page_040.image_176.png" thmb="gi.page_040.image_176-thumb.png"/>
      </region>
      <region class="DoCO:TextChunk" id="370" confidence="possible" page="40" column="1">w:born_in</region>
      <region class="DoCO:TextChunk" id="371" confidence="possible" page="40" column="1">w:author_of</region>
      <region class="DoCO:TextChunk" id="373" confidence="possible" page="40" column="1"> <ext-link ext-link-type="uri" href="http://dbpedia.org/../Kolkata" id="372">http://dbpedia.org/../Kolkata</ext-link></region>
      <region class="DoCO:TextChunk" id="375" confidence="possible" page="40" column="1"> <ext-link ext-link-type="uri" href="http://dbpedia.org/../The_Hungry_Tide" id="374">http://dbpedia.org/../The_Hungry_Tide</ext-link></region>
      <region class="DoCO:FigureBox" id="Fx376">
        <image class="DoCO:Figure" src="gi.page_040.image_178.png" thmb="gi.page_040.image_178-thumb.png"/>
      </region>
      <region class="DoCO:TextChunk" id="377" confidence="possible" page="40" column="1">w:long</region>
      <region class="DoCO:FigureBox" id="Fx378">
        <image class="DoCO:Figure" src="gi.page_040.image_177.png" thmb="gi.page_040.image_177-thumb.png"/>
      </region>
      <region class="DoCO:TextChunk" id="379" confidence="possible" page="40" column="3">w:lat</region>
      <region class="DoCO:TextChunk" id="380" confidence="possible" page="40" column="3">w:author_of</region>
      <region class="DoCO:TextChunk" id="382" confidence="possible" page="40" column="3"> <ext-link ext-link-type="uri" href="http://dbpedia.org/../The_Calcutta_Chromosome" id="381">http://dbpedia.org/../The_Calcutta_Chromosome</ext-link></region>
      <region class="unknown" id="383" page="40" column="3">Tilburg, The Netherlands</region>
      <region class="DoCO:FigureBox" id="Fx384">
        <image class="DoCO:Figure" src="gi.page_040.image_179.png" thmb="gi.page_040.image_179-thumb.png"/>
      </region>
      <region class="DoCO:TextChunk" id="385" confidence="possible" page="41" column="1">And it becomes more powerful  Exploiting semantic links in vocabularies  Rijksmuseum thesaurus:  Concept “Giza” narrower than concept “Egypte”  Mapping/alignment between vocabularies  Louvre‟s “Égypte” equivalent to Rijksmuseum‟s “Egypte”  Enrichment of existing metadata  The string “Egypt” in a metadata record indicates the concept of Egypt defined in Rijksmuseum thesaurus Presented by Herbert Van de Sompel at TICER 2010, Tilburg, The Netherlands</region>
      <region class="DoCO:FigureBox" id="Fx386">
        <image class="DoCO:Figure" src="gi.page_041.image_180.png" thmb="gi.page_041.image_180-thumb.png"/>
      </region>
      <region class="DoCO:TextChunk" id="387" confidence="possible" page="42" column="1">Linking Open Data Vision • “bootstrap” the data web with large, interconnected data sets to reach a critical mass of semantic information • Strict adherence to W3C standards • Transition of the web from a distributed document repository into a universal, ubiquitous database</region>
      <region class="unknown" id="388" page="42" column="3">Presented by Herbert Van de Sompel at TICER 2010, Tilburg, The Netherlands</region>
      <region class="DoCO:FigureBox" id="Fx389">
        <image class="DoCO:Figure" src="gi.page_042.image_181.png" thmb="gi.page_042.image_181-thumb.png"/>
      </region>
      <region class="unknown" id="390" page="43" column="1">LoD Cloud 2008</region>
      <region class="DoCO:FigureBox" id="Fx391">
        <image class="DoCO:Figure" src="gi.page_043.image_182.png" thmb="gi.page_043.image_182-thumb.png"/>
      </region>
      <region class="DoCO:TextChunk" id="392" confidence="possible" page="43" column="1">Presented by Herbert Van de Sompel at TICER 2010, Tilburg, The Netherlands</region>
      <region class="DoCO:FigureBox" id="Fx393">
        <image class="DoCO:Figure" src="gi.page_043.image_183.png" thmb="gi.page_043.image_183-thumb.png"/>
      </region>
      <region class="unknown" id="394" page="44" column="1">LoD Cloud 2009</region>
      <region class="DoCO:FigureBox" id="Fx395">
        <image class="DoCO:Figure" src="gi.page_044.image_184.png" thmb="gi.page_044.image_184-thumb.png"/>
      </region>
      <region class="DoCO:TextChunk" id="396" confidence="possible" page="44" column="1">Presented by Herbert Van de Sompel at TICER 2010, Tilburg, The Netherlands</region>
      <region class="DoCO:FigureBox" id="Fx397">
        <image class="DoCO:Figure" src="gi.page_044.image_185.png" thmb="gi.page_044.image_185-thumb.png"/>
      </region>
      <region class="unknown" id="398" page="45" column="1">LoD Cloud: Data Sets</region>
      <region class="DoCO:FigureBox" id="Fx399">
        <image class="DoCO:Figure" src="gi.page_045.image_186.png" thmb="gi.page_045.image_186-thumb.png"/>
      </region>
      <region class="DoCO:TextChunk" id="400" confidence="possible" page="45" column="3">Growing interest for scholarly data, cf SDMX in RDF -</region>
      <region class="unknown" id="401" page="45" column="3">Presented by Herbert Van de Sompel at TICER 2010, Tilburg, The Netherlands</region>
      <region class="DoCO:FigureBox" id="Fx402">
        <image class="DoCO:Figure" src="gi.page_045.image_187.png" thmb="gi.page_045.image_187-thumb.png"/>
      </region>
      <region class="unknown" id="403" page="46" column="1">LoD Cloud: Interlinking of datasets</region>
      <region class="DoCO:FigureBox" id="Fx404">
        <image class="DoCO:Figure" src="gi.page_046.image_188.png" thmb="gi.page_046.image_188-thumb.png"/>
      </region>
      <region class="DoCO:TextChunk" id="405" confidence="possible" page="46" column="2">Description of linked datasets via VoiD -</region>
      <region class="unknown" id="406" page="46" column="2">Herbert Van de Sompel at TICER 2010, Tilburg, The Netherlands</region>
      <region class="DoCO:FigureBox" id="Fx407">
        <image class="DoCO:Figure" src="gi.page_046.image_189.png" thmb="gi.page_046.image_189-thumb.png"/>
      </region>
      <region class="unknown" id="410" page="47" column="1">Care for some RDF/XML? The RDF/XML description of The Hague in DBpedia: <ext-link ext-link-type="uri" href="http://dbpedia.org/data/Netherlands" id="408">http://dbpedia.org/data/Netherlands</ext-link> <ext-link ext-link-type="uri" href="http://dbpedia.org/resource/Netherla" id="409">http://dbpedia.org/resource/Netherla</ext-link> nds</region>
      <region class="DoCO:TextChunk" id="411" confidence="possible" page="47" column="3">HTTP 303 redirect with content negotiation</region>
      <region class="DoCO:TextChunk" id="412" confidence="possible" page="47" column="3">txt/html wins</region>
      <region class="DoCO:TextChunk" id="413" confidence="possible" page="47" column="3">application/rdf+xml wins</region>
      <region class="DoCO:FigureBox" id="Fx414">
        <image class="DoCO:Figure" src="gi.page_047.image_190.png" thmb="gi.page_047.image_190-thumb.png"/>
      </region>
      <region class="unknown" id="416" page="47" column="3"> <ext-link ext-link-type="uri" href="http://dbpedia.org/data/Netherlan" id="415">http://dbpedia.org/data/Netherlan</ext-link> Tilburg, The Netherlands ds</region>
      <region class="DoCO:TextChunk" id="418" confidence="possible" page="48" column="1">Use these slides for more ... Joshua Shinavier – The state of the art in Linked Data <ext-link ext-link-type="uri" href="http://www.slideshare.net/joshsh/the-state-of-the-art-in-linked-" id="417">http://www.slideshare.net/joshsh/the-state-of-the-art-in-linked-</ext-link> data • Information about: • Co-Reference • Navigating • Examples of LOD sets • User-driven Linked Data • Indexing and Searching • Link discovery</region>
      <region class="unknown" id="419" page="48" column="1">Presented by Herbert Van de Sompel at TICER 2010, Tilburg, The Netherlands</region>
      <region class="DoCO:FigureBox" id="Fx420">
        <image class="DoCO:Figure" src="gi.page_048.image_191.png" thmb="gi.page_048.image_191-thumb.png"/>
      </region>
      <region class="DoCO:TextChunk" id="422" confidence="possible" page="49" column="1">Use these slides for more ... Antoine Isaac – Linked Data for Cultural Heritage (Europeana) <ext-link ext-link-type="uri" href="http://www.few.vu.nl/" id="421">http://www.few.vu.nl/</ext-link>~aisaac/talks/Isaac-DANS10.ppt • Information about: • Practical information on converting/leveraging existing metadata in a Linked Data context; • SKOS for interlinking thesauri; • Challenges; • Europeana Data Model</region>
      <region class="unknown" id="423" page="49" column="3">Presented by Herbert Van de Sompel at TICER 2010, Tilburg, The Netherlands</region>
      <region class="DoCO:FigureBox" id="Fx424">
        <image class="DoCO:Figure" src="gi.page_049.image_192.png" thmb="gi.page_049.image_192-thumb.png"/>
      </region>
      <region class="DoCO:TextChunk" id="426" confidence="possible" page="50" column="1">Use these slides for more ... Jindrich Mynarz – Linked Data as Library Data Platform <ext-link ext-link-type="uri" href="http://www.slideshare.net/jindrichmynarz/linked-data-as-a-" id="425">http://www.slideshare.net/jindrichmynarz/linked-data-as-a-</ext-link> library-data-platform-4464958 • Information about: • Isolation of Library Data • A Linked Data view on MARC records</region>
      <region class="unknown" id="427" page="50" column="3">Presented by Herbert Van de Sompel at TICER 2010, Tilburg, The Netherlands</region>
      <region class="DoCO:FigureBox" id="Fx428">
        <image class="DoCO:Figure" src="gi.page_050.image_193.png" thmb="gi.page_050.image_193-thumb.png"/>
      </region>
      <region class="DoCO:TextChunk" id="433" confidence="possible" page="51" column="1">And also of interest ... • Linked Data Patterns <ext-link ext-link-type="uri" href="http://patterns.dataincubator.org/book/" id="429">http://patterns.dataincubator.org/book/</ext-link> • W3C Provenance Incubator (shared concern for LOD and scholarly community) <ext-link ext-link-type="uri" href="http://www.w3.org/2005/Incubator/prov/wiki/W3C_Proven" id="430">http://www.w3.org/2005/Incubator/prov/wiki/W3C_Proven</ext-link> ance_Incubator_Group_Wiki • Dataset dynamics working group (links with Memento and OAI-PMH) <ext-link ext-link-type="uri" href="http://esw.w3.org/DatasetDynamics" id="431">http://esw.w3.org/DatasetDynamics</ext-link> • W3C Library Linked Data Incubator <ext-link ext-link-type="uri" href="http://www.w3.org/2001/sw/wiki/LLD" id="432">http://www.w3.org/2001/sw/wiki/LLD</ext-link> Presented by Herbert Van de Sompel at TICER 2010, Tilburg, The Netherlands</region>
      <region class="DoCO:FigureBox" id="Fx434">
        <image class="DoCO:Figure" src="gi.page_051.image_194.png" thmb="gi.page_051.image_194-thumb.png"/>
      </region>
    </body>
  </article>
</pdfx>
