<?xml version='1.0' encoding='UTF-8'?>
<pdfx xmlns:xsi="http://www.w3.org/2001/XMLSchema-instance" xsi:noNamespaceSchemaLocation="http://pdfx.cs.man.ac.uk/static/article-schema.xsd">
  <meta>
    <job>0fe40e9bed080a0ee2bb2210d1c6f982fe3bc958a85c59263589c2c6450e91bd</job>
    <base_name>ea</base_name>
    <doi>http://dx.doi.org/10.4018/978-1-4666-2827-4.ch005</doi>
    <warning>Name identification was not possible. </warning>
  </meta>
  <article>
    <front class="DoCO:FrontMatter">
      <title-group>
        <article-title class="DoCO:Title" id="1">Publishing XBRL as Linked Open Data</article-title>
      </title-group>
      <region class="unknown" id="3">Roberto García Universitat de Lleida Jaume II, 69 25001 Lleida, Spain +34 973 702 742 <email id="2">rgarcia@diei.udl.cat</email></region>
      <abstract class="DoCO:Abstract" id="4">The XML Business Reporting Language (XBRL) is a standard for business and financial information reporting. It is based on XML so instance documents based on XBRL, e.g. a quarterly report, are highly constrained by the XML document-oriented nature. This makes more difficult to perform queries that mix information from filings from different dates, companies, or accounting principles than with a formalism based on a graph model instead of a tree model. Semantic Web technologies provide a graph model that facilitates mashing-up different XBRL sources. We have put into practice this approach mapping the XBRL filings available from the SEC’s EDGAR program to Resource Description Framework (RDF) and the XML Schema taxonomies these filings are based on to Web Ontology Language (OWL). The resulting semantic metadata, though highly tied to the XML structure it is mapped from, benefits from Semantic Web technologies and tools in order to facilitate integration and cross- querying, even together with other parts of the Web of Linked Data.</abstract>
      <section class="DoCO:Section">
        <h2 class="DoCO:SectionTitle" id="5" confidence="possible" page="1" column="1">Keywords</h2>
      </section>
    </front>
    <body class="DoCO:BodyMatter">
      <region class="DoCO:TextChunk" id="6" page="1" column="1">Business, reporting, Semantic Web, Linked Data, Web 3.0, accounting, finance, interoperability.</region>
      <section class="deo:Introduction">
        <h1 class="DoCO:SectionTitle" id="7" page="1" column="1">1. INTRODUCTION</h1>
      </section>
      <region class="DoCO:TextChunk" id="9" page="1" column="1">XBRL (eXtensible Business Reporting Language) is an XML language intended for modeling, exchanging and automatically processing business and financial information. XBRL is starting to be deployed in many different scenarios. For instance, there is the EDGAR [<xref ref-type="bibr" rid="R1" id="8" class="deo:Reference">1</xref>] program promoted by the U.S Securities and Exchange Commission (SEC). It performs automated collection, validation, indexing, acceptance and forwarding of submissions by companies and others who are required by law to file forms with the SEC. Filers may choose to voluntarily submit documents in XBRL format to accompany certain official filings. Three dozen companies, representing more than $1 trillion of market value, have joined the SEC's XBRL test group. However, we have observed limited support for cross analysis of financial information in XBRL tools and applications, as it is detailed in the Related Work Section. This is not just among data based on different accounting principles, which are represented in XBRL using taxonomies. It even happens when comparing filings</region>
      <region class="DoCO:TextChunk" id="10" confidence="possible" page="1" column="1">Copyright is held by the author/owner(s). LDOW2009, April 20, 2009, Madrid, Spain .</region>
      <region class="unknown" id="12" page="1" column="2">Rosa Gil Universitat de Lleida Jaume II, 69 25001 Lleida, Spain +34 973 702 742 <email id="11">rgil@diei.udl.cat</email></region>
      <region class="DoCO:TextChunk" id="15" page="1" column="2">for different companies based on the same taxonomies or filings for the same company based on different versions of the taxonomies. We argue that this limitation is inherited from the technologies underlying XBRL, especially XML. XML takes a document- oriented approach, where each document presents a tree structure. This makes it difficult for XML-based tools to provide functionalities that blur this separation into documents and that overcome the limitations of a tree structure when mashing-up data from different sources. Moreover, XBRL does not provide formal semantics that might help to integrate different taxonomies by using logic reasoners. In any case, the integration of data contained in XBRL into comparable information is a strong requirement for the analysis of business and financial information at the global level. This might increase the efficiency and effectiveness of the decision making processes relying on this kind of information. For instance, bankruptcy prediction and other tasks related to the assessment of the solvency of a firm, a business sector or set of interrelated companies. Many have already pointed to this issue and proposed Semantic Web technologies as a natural choice for XBRL data integration, cf. the Related Work Section. However, we think that this is not enough. Semantic Web provides the technologies for data integration but some principles are required that facilitate Web- wide deployment of highly interlinked XBRL data. Linked Data [<xref ref-type="bibr" rid="R2" id="13" class="deo:Reference">2</xref>] provides these principles to publish data in the World Wide Web in a way that helps making it easily discoverable through the links that connect it to other pieces of data. Despite these benefits, currently, financial and business data is being produced using XBRL and it seems that more and more XBRL data is going to be available in the future. It is been promoted by regulators and government agencies like the SEC and other entities like the European Union or the Spanish securities commission [<xref ref-type="bibr" rid="R3" id="14" class="deo:Reference">3</xref>]. Consequently, we think that the best approach in order to get financial and business data to the Semantic Web is not to propose an alternative language based on Semantic Web technologies, but to apply methods to map existing XBRL to semantic metadata. This approach, its results and its validations are presented in the following sections, after XBRL is introduced.</region>
      <section class="DoCO:Section">
        <h1 class="DoCO:SectionTitle" id="16" page="1" column="2">2. XBRL</h1>
        <section class="DoCO:Section">
          <h2 class="DoCO:SectionTitle" id="19" page="2" column="1">2.1 Instances</h2>
          <region class="DoCO:TextChunk" id="21" page="2" column="1">More concretely, a XBRL instance document contains business Facts. An example of a Fact could be “sales in the last quarter”. If the Fact is simple valued, like “the long term debt is 350,000” whose value is just a number, it is called Item. If the Fact has a more complex value, like “for the preferred stock, the preferred stock par value per share is 0 and the preferred stock shares authorized is 2000”, it is called Tuple. Items are represented in XBRL as a single XML element with the value as its content while Tuples are represented by XML elements containing nested Items or Tuples, i.e. subelements. However, facts are not isolated entities and it is not enough to provide its value, it is also necessary to contextualize them. Consequently, more entities are introduced in the XBRL model: • Context: it defines the entity (e.g. company or individual) to which the fact applies, the period of time the fact is relevant and an optional scenario. Contexts are referenced from Facts using the “contextRef” attribute, which specifies that the given Fact is valid for the Context entity, period and scenario. • Unit: it defines a unit of measure, such as “USD” or “shares”. They are referenced from Facts using the “unitRef” attribute. • Reference: The kinds of facts under consideration are defined by taxonomies, which specify their meaning. These kinds of facts are then used in instance documents and linked to their definition in the taxonomies, typically through schema references. The a.) row of <xref ref-type="table" rid="T1" id="20" class="deo:Reference">Table 1</xref> shows part of an instance document from the EDGAR program that contains a Context element which defines a company, a time period and the scenario “unaudited”. Then, there is a Fact that holds in that context. The Fact references the Context and its value unit, while their content is the actual numeric value.</region>
        </section>
        <section class="DoCO:Section">
          <h2 class="DoCO:SectionTitle" id="22" page="2" column="1">2.2 Taxonomies</h2>
          <region class="DoCO:TextChunk" id="23" page="2" column="1">Taxonomies are the other kind of XBRL document. A taxonomy defines a hierarchy of concepts, basically kinds of Facts, and captures part of their intended meaning. In XBRL there is a set of base taxonomies that define the core concepts and other ones that extend them in order to particularize these concepts for concrete accounting principles, application domains, etc. Additionally, it is possible to extend existing taxonomies and accommodate them to particular needs. Taxonomies are based on XML Schemas, which provides the taxonomy building primitives and the extension mechanisms. Moreover, there are also the linkbases, which allow establishing links beyond the tree structure of a taxonomy by virtue of their use of XLink.</region>
        </section>
      </section>
      <region class="DoCO:TextChunk" id="18" page="1" column="2">XBRL is based on two kinds of documents, instance documents and taxonomies. Instance documents report business facts and point to a set of taxonomies, which define the meaning of these <marker type="page" number="2"/><marker type="column" number="1"/><marker type="block"/> facts, e.g. under what accounting principles they hold, what other facts they related to or what kind of things do they refer to.</region>
      <section class="deo:RelatedWork">
        <h1 class="DoCO:SectionTitle" id="24" page="2" column="1">3. RELATED WORK</h1>
        <region class="DoCO:TextChunk" id="37" page="2" column="1">The U.S Securities and Exchange Commission (SEC) offers some online tools that allow interacting with the data available in XBRL form. There is a tool called Interactive Financial Reports that allows viewing and charting companies financial information. It also provides some functionality that allows comparing different <marker type="column" number="2"/><marker type="block"/> filings and different companies, thought it is hard to use and prone to even the slightest differences between the compared filing facts, even when there is just a name change for facts from filings of the same company. <xref ref-type="table" rid="T1" id="26" class="deo:Reference">Table 1</xref>. a.) XBRL XML instance data example, b.) OpenLink XBRL sponge mapping and c.) XML2RDF XBRL mapping for the XBRL example a.)  &lt;context id="AsOf20061201_Consolidated_Unaudited"&gt;    &lt;entity&gt;      &lt;identifier scheme="<ext-link ext-link-type="uri" href="http://www.sec.gov/CIK" id="27">http://www.sec.gov/CIK</ext-link>"&gt;796343&lt;/identifier&gt;      &lt;segment&gt;&lt;adbe:Consolidated /&gt;&lt;/segment&gt;    &lt;/entity&gt;    &lt;period&gt;      &lt;instant&gt;2006‐12‐01&lt;/instant&gt;    &lt;/period&gt;    &lt;scenario&gt;&lt;adbe:Unaudited /&gt;&lt;/scenario&gt;  &lt;/context&gt;  ...  &lt;usfr‐pte:CashCashEquivalents decimals="‐3"  contextRef="AsOf20061201_Consolidated_Unaudited"  unitRef="USD"&gt;772500000&lt;/usfr‐pte:CashCashEquivalents&gt;  b.)  &lt;sioc:Container rdf:about=”AsOf20061201_Consolidated_Unaudited”&gt;     &lt;olsw:identifier&gt;796343&lt;/olsw:identifier&gt;    &lt;olsw:scheme rdf:resource=”<ext-link ext-link-type="uri" href="http://www.sec.gov/CIK" id="28">http://www.sec.gov/CIK</ext-link>”/&gt;    &lt;olsw:instant&gt;2006‐12‐01&lt;/olsw:instant&gt;    &lt;olsw:CashCashEquivalents&gt;772500000&lt;/olsw:CashCashEquivalents&gt;  &lt;/sioc:Container&gt;  c.)   &lt;xbrli:contextType  rdf:about="AsOf20061201_Consolidated_Unaudited"&gt;    &lt;xbrli:entity&gt;      &lt;xbrli:contextEntityType rdf:about="&amp;semxbrl;CIK/796343"&gt;        &lt;xbrli:segment&gt;          &lt;xbrli:segmentType&gt;            &lt;adbe20080530:Consolidated rdf:parseType="Resource"&gt;            &lt;/adbe20080530:Consolidated&gt;          &lt;/xbrli:segmentType&gt;        &lt;/xbrli:segment&gt;      &lt;/xbrli:contextEntityType&gt;    &lt;/xbrli:entity&gt;    &lt;xbrli:period&gt;      &lt;xbrli:contextPeriodType&gt;        &lt;xbrli:instant&gt;2006‐12‐01&lt;/xbrli:instant&gt;      &lt;/xbrli:contextPeriodType&gt;    &lt;/xbrli:period&gt;    &lt;xbrli:scenario&gt;      &lt;xbrli:contextScenarioType&gt;        &lt;adbe20080530:Unaudited rdf:parseType="Resource"&gt;         &lt;/adbe20080530:Unaudited&gt;      &lt;/xbrli:contextScenarioType&gt;    &lt;/xbrli:scenario&gt;  &lt;/xbrli:contextType&gt;  ...  &lt;usfr‐pte:CashCashEquivalents&gt;    &lt;xbrli:monetaryItemType&gt;      &lt;xbrli:unitRef rdf:resource="<ext-link ext-link-type="uri" href="http://dbpedia.org/resource/USD" id="29">http://dbpedia.org/resource/USD</ext-link>"/&gt;      &lt;xbrli:decimals&gt;‐3&lt;/xbrli:decimals&gt;      &lt;xbrli:contextRef  rdf:resource="#AsOf20061201_Consolidated_Unaudited"/&gt;      &lt;rdf:value&gt;772500000&lt;/rdf:value&gt;    &lt;/xbrli:monetaryItemType&gt;  &lt;/usfr‐pte:CashCashEquivalents&gt; <marker type="page" number="3"/><marker type="column" number="1"/><marker type="block"/> There is also the Financial Explorer, which presents company financial data through very informative diagrams. In this case, it is just possible to show data from one company at a time. Finally, there is the Executive Compensation tool, which allows comparing just two facts, Public Market Capitalization and Revenue, across all filed companies. Apart from the SEC tools, there are some other XBRL tools, most of them proprietary and with quite high licensing cost. Among them, the Fujitsu XBRL Tools 1 should be highlighted because this is one of the most popular ones and it is available for XBRL Consortium members and academic users. The tools comprise taxonomy and instance editors, viewers and validators. The most powerful tool in this set, though still in beta and with many usability problems, is the Instance Dashboard. This application can consume multiple instance documents and, by specifying base taxonomy, users can perform some comparison analysis. As it has been noted, the main limitation of XBRL tools is their limited support for cross analysis of financial information, not just among data based on different taxonomies, even when comparing filings for different companies based on the same taxonomies. This limitation is inherited from the technologies underlying XBRL, especially XML. XML takes a document oriented approach, where each document presents a tree structure. This makes it difficult for XML-based tools to provide functionalities that blur this separation into documents and that overcome the limitations of a tree structure when mashing-up data from different sources. Consequently, Semantic Web tools are being considered by people like Charles Hoffman, the father of XBRL: “This field [W3C semantic standards] is rich with possibilities and stands as the next logical step in the natural progression of information technology to seek a higher value proposition” [<xref ref-type="bibr" rid="R4" id="31" class="deo:Reference">4</xref>]. This interest is materializing, and the combination of XBRL and the Semantic Web has been receiving some attention in different blogs, mailing lists and web groups [ 5 , 6 , 2 ]. However, it is difficult to find concrete results that put into practice Semantic Web technologies in the XBRL field. Moreover, most of these results are specific for some parts of XBRL. For instance, there is an ontology about financial information based on XBRL that is specific for investment funds [ 7 ] or a tool that maps quarterly and semester accounting information submitted to the Spanish securities commission (CNMV) to Semantic Web technologies [<xref ref-type="bibr" rid="R3" id="32" class="deo:Reference">3</xref>]. Moreover, both approaches are based on procedural code specially developed in order to extract specific patterns from the XBRL data. Consequently, they are difficult to scale to the whole XBRL specification and affected by even slight changes in it. We propose an approach that, instead of directly processing XBRL data, takes profit from the fact that it is expressed using XML and specified using XML Schemas.<marker type="column" number="2"/><marker type="block"/> Finally, there is the work by OpenLink Software 3 based on “sponges” that extract semantic metadata from different kinds of content, among them XBRL. This is a quite recent and relevant work towards making XBRL available as linked open data. Therefore, it has been used in the validation section in order to compare the results obtained by our approach.</region>
        <region class="unknown" id="36" page="3" column="1">1 Fujitsu XBRL Tools, <ext-link ext-link-type="uri" href="http://www.fujitsu.com/global/services/software/interstage/xbrltools/" id="34">http://www.fujitsu.com/global/services/software/interstage/xbrltools/</ext-link> 2 XBRL Ontology Specification Group <ext-link ext-link-type="uri" href="http://groups.google.com/group/xbrl-ontology-specification-group" id="35">http://groups.google.com/group/xbrl-ontology-specification-group</ext-link></region>
      </section>
      <section class="DoCO:Section">
        <h1 class="DoCO:SectionTitle" id="38" page="3" column="2">4. APPROACH</h1>
        <region class="DoCO:TextChunk" id="41" page="3" column="2">In order to move existing XBRL instances and taxonomies to the Semantic Web, and due to the fact that XBRL is based on XML and XML Schema, we have applied the XML Semantics Reuse methodology [ 8 ]. This methodology is implemented as two mappings by the ReDeFer project 4 , the first one from XML Schema to OWL and the second one from XML to RDF. This approach has already shown its usefulness with other quite big XML Schemas, especially in the multimedia metadata domain [<xref ref-type="bibr" rid="R9" id="39" class="deo:Reference">9</xref>], where it has produced the more complete MPEG-7 ontology to date [<xref ref-type="bibr" rid="R10" id="40" class="deo:Reference">10</xref>].</region>
      </section>
      <section class="DoCO:Section">
        <h1 class="DoCO:SectionTitle" id="42" page="3" column="2">4.1 XSD2OWL</h1>
        <section class="DoCO:Section">
          <h2 class="DoCO:SectionTitle" id="43" confidence="possible" page="3" column="2">Mapping</h2>
          <region class="DoCO:TextChunk" id="44" page="3" column="2">The XML Schema to OWL mapping is responsible for capturing the schema semantics. This semantics are determined by the combination of XML Schema constructs. The mapping is based on translating these constructs to the OWL ones that best capture their intended meaning. These translations are detailed in Table 2. Table 2. XSD2OWL translations for the XML Schema constructs and shared semantics with OWL constructs</region>
          <region class="unknown" id="49" page="3" column="2">XML Schema OWL Mapping motivation rdf:Property Named relation between element | attribute owl:DatatypeProperty nodes or nodes and values owl:ObjectProperty Relation can appear in place <email id="45">element@substitutionGroup</email> rdfs:subPropertyOf of a more general one <email id="46">element@type</email> rdfs:range The relation range kind complexType|group | Relations and contextual owl:Class attributeGroup restrictions package Contextualised restriction of complexType//element owl:Restriction a relation <email id="47">extension@base</email> | Package concretises the base rdfs:subClassOf <email id="48">restriction@base</email> package @maxOccurs owl:maxCardinality Restrict the number of @minOccurs owl:minCardinality occurrences of a relation</region>
        </section>
      </section>
      <section class="DoCO:Section">
        <h1 class="DoCO:SectionTitle" id="50" page="3" column="2">4.2 XML2RDF</h1>
        <section class="DoCO:Section">
          <h2 class="DoCO:SectionTitle" id="51" confidence="possible" page="3" column="2">Mapping</h2>
          <region class="DoCO:TextChunk" id="56" page="3" column="2">Once all the metadata XML Schemas are available as mapped OWL ontologies, it is time to map the XML metadata that instantiates them. The mapping is based on modeling the XML structure, i.e. a tree, using RDF. The fundamental translation is between relations, from xsd:elements and xsd:attributes to rdf:Properties. Concretely, owl:ObjectProperties for node to node relations and owl:DatatypeProperties for node to value ones. Values are kept during the translation as simple types and RDF blank nodes are introduced in the RDF model in order to serve as the source and destination for properties. They will remain blank for the moment until they are enriched with semantic information. <marker type="page" number="4"/><marker type="column" number="1"/><marker type="block"/> The resulting RDF graph model contains all that we can obtain from the XML tree. It is already semantically enriched thanks to the rdf:type relation that connects each RDF property to the owl:ObjectProperty or owl:DatatypeProperty it instantiates. It can be enriched further if the blank nodes are related to the owl:Class that defines the package of properties and associated restrictions they contain, i.e. the corresponding xsd:complexType. This semantic decoration of the graph is formalised using rdf:type relations from blank nodes to the corresponding OWL classes.</region>
          <region class="unknown" id="55" page="3" column="2">3 OpenLink Software, <ext-link ext-link-type="uri" href="http://www.openlinksw.com" id="53">http://www.openlinksw.com</ext-link> 4 ReDeFer project, <ext-link ext-link-type="uri" href="http://rhizomik.net/redefer" id="54">http://rhizomik.net/redefer</ext-link></region>
        </section>
      </section>
      <section class="deo:Results">
        <h1 class="DoCO:SectionTitle" id="57" page="4" column="1">5. RESULTS</h1>
        <region class="DoCO:TextChunk" id="61" page="4" column="1">First of all, we have generated an ontological infrastructure for the XBRL core, currently XBRL 2.1. It is composed by the ontologies resulting from mapping the XBRL core XML Schemas using the XSD2OWL mapping: XBRL Instance, XBRL Linkbase, XBRL XL and XBRL XLink. Apart from the previous schemas, the EDGAR Standard Taxonomies schemas have been also mapped in order to be able to map the XBRL data submitted to the XBRL voluntary program EDGAR. Each filing for the companies participating in the EDGAR program contains an XBRL XML file representing the actual financial data and also a specific XML Schema extending the XBRL core. This schema provides specific guides for the corresponding financial data. Both files are mapped using XML2RDF and XSD2OWL respectively. For instance, for Adobe Systems Inc filing on 2008-07-03, there are the adbe-20080616.xml file containing the instance data and the adbe-20080530.xsd schema for data structures specific for this filing. They are mapped, respectively, to the RDF file for instance data adbe-20080616.rdf and the OWL ontology adbe- 20080530.owl for the schema. All the previous ontologies are available from the BizOntos Business Ontologies web page 5 and the semantic data for all the processed filings can be queried and browsed from the Semantic XBRL site 6 . Currently, 489 filings have been processed from EDGAR. The combination of all these filings once mapped to RDF amounts slightly more than 1 million triples, concretely 1,023,929 triples. Part “c.)” of <xref ref-type="table" rid="T1" id="58" class="deo:Reference">Table 1</xref> shows the RDF metadata resulting from applying the XML2RDF mapping to the XBRL context and facts shown in part “a.)” of the same table. The RDF metadata references classes and properties from the OWL ontology resulting from mapping the XML Schemas used in the XML instance. This includes the XBRL schemas and also those specific for the concrete filing being processes. Finally, the generated data is published as Linked Open Data in the World Wide Web. The approach is based on generating XHTML plus RDFa [<xref ref-type="bibr" rid="R11" id="59" class="deo:Reference">11</xref>]. In order to do that, we have used the Rhizomer platform that, apart from encapsulating the metadata store, also provides an RDF to XHTML+RDFa transformation and a RDF to HTML Form transformation that makes it possible for users to interactively edit the published data. The whole architecture is shown in <xref ref-type="fig" rid="F1" id="60" class="deo:Reference">Figure 1</xref>, which apart from the semantic data generation and publishing functionalities also features a linking one described in the next section.</region>
        <region class="unknown" id="64" page="4" column="1">5 BizOntos, <ext-link ext-link-type="uri" href="http://rhizomik.net/ontologies/bizontos" id="62">http://rhizomik.net/ontologies/bizontos</ext-link> 6 SemanticXBRL, <ext-link ext-link-type="uri" href="http://rhizomik.net/semanticxbrl" id="63">http://rhizomik.net/semanticxbrl</ext-link></region>
        <region class="unknown" id="65" page="4" column="2">XBRL Ontologies XBRL Schemas ReDeFer LOD XSD2OWL Linking</region>
        <region class="unknown" id="66" page="4" column="2">EDGAR XBRL filings</region>
        <region class="DoCO:FigureBox" id="Fx67">
          <image class="DoCO:Figure" src="ea.page_004.image_01.png" thmb="ea.page_004.image_01-thumb.png"/>
        </region>
        <region class="unknown" id="68" page="4" column="2">XML2RDF</region>
        <region class="unknown" id="69" page="4" column="2">+1M triples Rhizomer SPARQL</region>
        <region class="unknown" id="70" page="4" column="2">post</region>
        <region class="DoCO:FigureBox" id="Fx71">
          <image class="DoCO:Figure" src="ea.page_004.image_02.png" thmb="ea.page_004.image_02-thumb.png"/>
          <image class="DoCO:Figure" src="ea.page_004.image_03.png" thmb="ea.page_004.image_03-thumb.png"/>
        </region>
        <region class="unknown" id="72" page="4" column="2">get</region>
        <region class="unknown" id="73" page="4" column="2">XHTML+ RDFa</region>
        <region class="unknown" id="74" page="4" column="2">RDF2HTML Rhizomer AJAX RDF2Form</region>
        <region class="DoCO:FigureBox" id="Fx75">
          <image class="DoCO:Figure" src="ea.page_004.image_04.png" thmb="ea.page_004.image_04-thumb.png"/>
        </region>
        <region class="unknown" id="76" page="4" column="2">edit</region>
        <region class="DoCO:FigureBox" id="F1">
          <caption class="deo:Caption" id="77" page="4" column="2">Figure 1. Architecture of the proposed solution for semantic XBRL generation, linking and publishing</caption>
        </region>
        <section class="DoCO:Section">
          <h2 class="DoCO:SectionTitle" id="78" page="4" column="2">5.1 Linking to Linked Open Data</h2>
          <region class="DoCO:TextChunk" id="79" page="4" column="2">The data on the EDGAR program is public. Anyone can access and download this information for free. Consequently, once mapped to RDF, it can be integrated into the Web of Linked Open Data. In order to connect the EDGAR dataset with other ones in the Web of Linked Data, the entities in the XBRL model have been analyzed in order to detect those also described in other datasets. The more prominent and interesting ones are companies, a kind of EntityType present in most EDGAR filings. XBRL data provides an identifier for these entities, the Central Index Key (CIK) number. It is a number given to an individual or company by the U.S. SEC and used to identify the filings of a company, person, or entity in several online databases, including EDGAR. However, there are some EDGAR filings that do not use this identifier and use the “CompanyName” one instead. For most of them it is possible to get the corresponding CIK using EDGAR’s CIK Lookup service 7 . Unfortunately, as the filings are directly submitted by the participant companies, there are some discrepancies between the names in the filings and those in the lookup service. For these, we are still trying to find some algorithm that allows us to relax the query when no results are returned or choose the appropriate one when more than one company is returned. In any case, we can get the appropriate CIK for most of the EDGAR filings. Even when a CIK identifier is available, it might be impossible to directly connect it to company descriptions available in DBPedia because just some of them have the “secCik” property that links them to the company CIK. Due to these inconveniences, we have been able to directly link just 20 of the companies in the EDGAR dataset to DBPedia. Our work concentrates now on using the CIK Lookup service in order to obtain these identifiers for the DBPedia counterparts.</region>
          <region class="unknown" id="81" page="4" column="2">7 Search EDGAR: CIK Lookup, <ext-link ext-link-type="uri" href="http://sec.gov/edgar/searchedgar/cik.htm" id="80">http://sec.gov/edgar/searchedgar/cik.htm</ext-link></region>
        </section>
      </section>
      <section class="deo:Evaluation">
        <h1 class="DoCO:SectionTitle" id="82" page="5" column="1">6. EVALUATION</h1>
        <region class="DoCO:TextChunk" id="85" page="5" column="1">The XSD2OWL and XML2RDF mappings have been validated in different ways. First, we have used OWL validators in order to check the consistency of the resulting ontologies. Once all the ontologies were validated, which also includes checking that all the dependencies among them are met, we proceeded to put them into practice, together with the semantic metadata generated by the XML2RDF mapping. In parallel with our efforts, the ontologies we have generated for XBRL using the XSD2OWL mapping have being also used by OpenLink Software in their XBRL sponge that translates XBRL to RDF. Apart from an independent evaluation of the ontologies, their reuse in the XBRL sponge also facilitates comparing the RDF data it generates with that resulting from the XML2RDF mapping we propose. First of all, there is a significant difference in the number of triples generated by the OpenLink XBRL sponge and XML2RDF. For instance, for the same EDGAR XBRL filing 8 , the XBRL sponge produces 900 triples while XML2RDF produces 4739 triples. One possible reason for this difference is that we have followed quite different approaches relative to how the original XML tree structure is captured in the RDF graph. For instance, <xref ref-type="table" rid="T1" id="83" class="deo:Reference">Table 1</xref> shows in the first row a portion of XBRL XML instance data from the previous filing. The second row contains the RDF generated by the OpenLink sponge. As it can be seen, not all the information in the XBRL is captured and the whole structure is flattened. On the other hand, the “c.)” row in <xref ref-type="table" rid="T1" id="84" class="deo:Reference">Table 1</xref> shows the mapping for the same XBRL XML as generated by the XML2RDF mapping. As it can be seen, the result is much move verbose, even more than the original XBRL. However, it does capture all the original information and keeps the original structure. Even more, the original XBRL does not explicitly refer to the XML Schema complexTypes defined in the schemas and used in the instance data. This information is available in the XML2RDF semantic data and can be used, together with the hierarchical relations among complex types, when resolving semantic queries against this data.</region>
      </section>
      <section class="deo:Conclusion">
        <h1 class="DoCO:SectionTitle" id="86" page="5" column="1">7. CONCLUSIONS AND FUTURE WORK</h1>
        <region class="DoCO:TextChunk" id="87" page="5" column="1">As it has been shown, it is possible to map the XML data for XBRL filings in order to generate RDF semantic data that keeps all the original information and structure. This mapping also includes the involved XML Schemas that structure the XML data, which are mapped to Web ontologies. This approach has been put into practice in the context of the SEC’s EDGAR program that promotes XBRL filings for USA companies. It has been possible to apply the previous XML to RDF and XML Schema to Web ontology mappings to all the EDGAR filings and more than 1 million triples have been obtained. Our approach has been partially adopted by OpenLink Software, a company that is currently using our XBRL ontologies in its own XBRL to RDF mapping product. However, OpenLink does not follow the same XML to RDF mapping approach. Their approach</region>
        <region class="DoCO:TextChunk" id="89" confidence="possible" page="5" column="1">8 Adobe Systems Inc. EDGAR filing 2008-07-03, XBRL file: <ext-link ext-link-type="uri" href="http://www.sec.gov/Archives/edgar/data/796343/000079634308000005/" id="88">http://www.sec.gov/Archives/edgar/data/796343/000079634308000005/</ext-link> adbe-20080616.xml</region>
        <region class="DoCO:TextChunk" id="90" page="5" column="2">has been compared to ours showing that our proposal retains much more of the original XBRL information and structure. We have also have made all this semantic information generated from the EDGAR program available online, so it can be queried and browsed using a Web user interface. The proposed semantic queries illustrate the benefits of the semantic integration available once XBRL data is translated to semantic data. Our work concentrates now on linking the resulting semantic data to the rest of the Web of Linked Open Data, completing the links to companies in DBPedia. Moreover, we are considering restructuring the semantic model resulting from mapping the XBRL XML because it is not intuitive and usable enough from a Semantic Web point of view. For instance, in the current model resulting from directly mapping from XML to RDF, Facts are modeled as properties while it would be more intuitive and easier to query if modeled as resources.</region>
      </section>
      <section class="DoCO:Bibliography">
        <h1 class="DoCO:SectionTitle" id="91" page="5" column="2">REFERENCES</h1>
        <ref-list class="DoCO:BiblioGraphicReferenceList">
          <ref rid="R1" class="deo:BibliographicReference" id="93" page="5" column="2">[1] Electronic Data Gathering, Analysis, and Retrieval system, <ext-link ext-link-type="uri" href="http://www.sec.gov/edgar.shtml" id="92">http://www.sec.gov/edgar.shtml</ext-link></ref>
          <ref rid="R2" class="deo:BibliographicReference" id="94" page="5" column="2">[2] Bizer, C., Heath, T., Idehen, K., Berners-Lee, T. 2008. Linked data on the web (LDOW2008). In Proceeding of the 17th International WWW Conference, ACM, 1265-1266.</ref>
          <ref rid="R3" class="deo:BibliographicReference" id="95" page="5" column="2">[3] Núñez, S., de Andrés, J., Gayo, J. E., and Ordoñez, P. 2008. A Semantic Based Collaborative System for the Interoperability of XBRL Accounting Information. In Emerging Technologies and Information Systems for the Knowledge Society. LNCS Vol. 5288, Springer, 593-599.</ref>
          <ref rid="R4" class="deo:BibliographicReference" id="96" page="5" column="2">[4] Hoffman, C. 2006. Financial Reporting Using XBRL: IFRS and US GAAP Edition. Lulu.com.</ref>
          <ref rid="R5" class="deo:BibliographicReference" id="98" page="5" column="2">[5] DuCharme, B. 2008. Changing my mind about XBRL again. In Bob DuCharme's weblog, bobdc.blog. <ext-link ext-link-type="uri" href="http://www.snee.com/bobdc.blog/2008/08/changing_my_min" id="97">http://www.snee.com/bobdc.blog/2008/08/changing_my_min</ext-link> d_about_xbrl_ag.html</ref>
          <ref rid="R6" class="deo:BibliographicReference" id="100" page="5" column="2">[6] Raggett, D. 2008. XBRL and RDF. Dave Raggett’s Blog. <ext-link ext-link-type="uri" href="http://people.w3.org/" id="99">http://people.w3.org/</ext-link>~dsr/blog/?p=8</ref>
          <ref rid="R7" class="deo:BibliographicReference" id="101" page="5" column="2">[7] Lara, R., Cantador, I., and Castells, P. 2008. Semantic Web Technologies For The Financial Domain. In J. Cardoso and M. Lytras (Eds.), The Semantic Web: Real-World Applications from Industry. Springer, 41-74.</ref>
          <ref rid="R8" class="deo:BibliographicReference" id="103" page="5" column="2">[8] García, R. 2006. XML Semantics Reuse. Chapter 7 in A Semantic Web Approach to Digital Rights Management, PhD Thesis, Universitat Pompeu Fabra, Barcelona, Spain. <ext-link ext-link-type="uri" href="http://rhizomik.net/" id="102">http://rhizomik.net/</ext-link>~roberto/thesis</ref>
          <ref rid="R9" class="deo:BibliographicReference" id="104" page="5" column="2">[9] García, R., Perdrix, F., Gil, R., and Oliva, M. 2008. The Semantic Web as a Newspaper Media Convergence Facilitator. Journal of Web Semantics 6, 2, 151-161.</ref>
          <ref rid="R10" class="deo:BibliographicReference" id="105" page="5" column="2">[10] García, R., Tsinaraki, C., Celma, O., and Christodoulakis, S. 2008. Multimedia Content Description using Semantic Web Languages. In Semantic Multimedia and Ontologies: Theory and Applications, Y. Kompatsiaris and P. Hobson Eds. Springer, 17-54.</ref>
          <ref rid="R11" class="deo:BibliographicReference" id="106" page="5" column="2">[11] Halb, W., Raimond, Y., Hausenblas, M. 2008. Building Linked Data For Both Humans and Machines. In proceedings of the Linked Data on the Web Workshop (LDOW’08), Beijing, China.</ref>
        </ref-list>
      </section>
    </body>
  </article>
</pdfx>
