<?xml version='1.0' encoding='UTF-8'?>
<pdfx xmlns:xsi="http://www.w3.org/2001/XMLSchema-instance" xsi:noNamespaceSchemaLocation="http://pdfx.cs.man.ac.uk/static/article-schema.xsd">
  <meta>
    <job>1eb09ad6c452699d5e7576cd5cacdf1dda0acdb5b17041bba26617b41151da9e</job>
    <base_name>eb</base_name>
    <doi>http://dx.doi.org/10.1016/b978-1-84334-731-6.50004-1</doi>
    <warning>Name identification was not possible. </warning>
  </meta>
  <article>
    <front class="DoCO:FrontMatter">
      <title-group>
        <article-title class="DoCO:Title" id="1">Publishing Bibliographic Data on the Semantic Web using BibBase</article-title>
      </title-group>
      <region class="DoCO:TextChunk" id="5" confidence="possible">Reynold S. Xin × , Oktie Hassanzadeh + , Christian Fritz § Shirin Sohrabi + , Yang Yang + , Minghua Zhao + , Renée J. Miller + + Department of Computer Science, University of Toronto <email id="2">{oktie,sohrabi,c7yangya,mzhao,miller}@cs.toronto.edu</email> × Department of EECS, University of California, Berkeley <email id="3">rxin@berkeley.edu</email> § Information Sciences Institute, University of Southern California <email id="4">fritz@isi.edu</email></region>
      <abstract class="DoCO:Abstract" id="6">We present BibBase, a system for publishing and managing bibliographic data available in BibTeX files on the Semantic Web. BibBase uses a powerful yet light-weight approach to transform BibTeX files into rich Linked Data as well as custom HTML and RSS code that can readily be integrated within a user’s website. The data can instantly be queried online on the system’s SPARQL endpoint. In this demo, we present a brief overview of the features of our system and outline a few challenges in the design and implementation of such a system. Keywords: Bibliographic Data Management, Linked Data, Data Inte- gration</abstract>
    </front>
    <body class="DoCO:BodyMatter">
      <section class="deo:Introduction">
        <h1 class="DoCO:SectionTitle" id="7" page="1" column="1">1 Introduction</h1>
      </section>
      <region class="DoCO:TextChunk" id="15" page="1" column="1">Management of bibliographic data has received significant attention in the research community. Many online systems have been designed specifically for this purpose, e.g., BibSonomy [<xref ref-type="bibr" rid="R9" id="8" class="deo:Reference">9</xref>] and CiteSeer [<xref ref-type="bibr" rid="R10" id="9" class="deo:Reference">10</xref>]. The work in the semantic web community in this area has also resulted in several tools (such as BiBTeX to RDF conversion tools [<xref ref-type="bibr" rid="R5" id="10" class="deo:Reference">5</xref>]), ontologies (such as SWRC [<xref ref-type="bibr" rid="R7" id="11" class="deo:Reference">7</xref>] and the Bibliographic Ontology [<xref ref-type="bibr" rid="R6" id="12" class="deo:Reference">6</xref>]) and data sources (such as DBLP Berlin [<xref ref-type="bibr" rid="R8" id="13" class="deo:Reference">8</xref>]). These systems, tools, and data sources are widely being used and have considerably simplified and enhanced many bibliographic data management tasks such as data curation, storage, retrieval, and sharing of bibliographic data. Despite the success of the above-mentioned systems, very few individuals and research groups publish their bibliographic data on their websites in a structured format, particularly following the principles of Linked Data [<xref ref-type="bibr" rid="R1" id="14" class="deo:Reference">1</xref>] which mandate the use of HTTP dereferenceable URIs and structured (RDF) data to convey the semantics of the data This is mainly due to the fact that existing systems either are not designed to be used within an external website, or they require expert users to set up complex software systems on machines that meet the requirements of this software. BibBase aims to fill this gap by providing several distinctive features that our demo will illustrate.</region>
      <outsider class="DoCO:TextBox" type="page_nr" id="16" page="2" column="1">2</outsider>
      <outsider class="DoCO:TextBox" type="header" id="17" page="2" column="1">Authors Suppressed Due to Excessive Length</outsider>
      <section class="DoCO:Section">
        <h1 class="DoCO:SectionTitle" id="18" page="2" column="1">2 Light-weight Linked Data publication</h1>
        <region class="DoCO:TextChunk" id="19" page="2" column="1">BibBase makes it easy for scientists to maintain publication lists on their personal web site. Scientists simply maintain a BiBTeX file of their publications, and BibBase does the rest. When a user visits a publication page, BibBase dy- namically generates an up-to-date HTML page from the BiBTeX file, as well as rich Linked Data with resolvable URIs that can be queried instantly on the system’s SPARQL endpoint. We have chosen to use an augmented version of MIT’s BiBTeX ontology definition to publish data in RDF 1 . Compared to existing Linked Data publication tools, this approach is notably easy-to-use and light-weight, and allows non-expert users to create a rich linked data source without any specific server requirements, the need to set up a new system, or define complex mapping rules. All they need to know is how to create and maintain a BiBTeX file and there are tools to help with that. It is important to note that this ease of use does not sacrifice the quality of the published data. In fact, although the system is light-weight on the users’ side, BibBase performs complex processing of the data in the back-end. When a new or updated BiBTeX file arrives, the system transforms the data into several structured formats using our ontology, assigns URIs to all the objects (authors, papers, venues, etc.), performs duplicate detection and semantic linkage, and maintains and publishes provenance information.</region>
      </section>
      <section class="DoCO:Section">
        <h1 class="DoCO:SectionTitle" id="20" page="2" column="1">3 Duplicate Detection</h1>
        <region class="DoCO:TextChunk" id="30" page="2" column="1">BibBase needs to deal with several issues related to the heterogeneity of records in a single BiBTeX file, and across multiple BiBTeX files. BibBase uses existing duplicate detection techniques in addition to a novel way of managing duplicated data following the Linked Data principles. Within a single BiBTeX file, the system uses a set of rules to identify duplicates and fix errors. For example, if a BiBTeX file has two occurrences of author names “J. B. Smith” and “John B. Smith”, the system matches the two author names and creates only a single author object. In this example, the assumption is that the combination of the first letter of first name, middle name, and last name, “JBSmith”, is a unique identifier for a person in a single file. For identification of duplicates across multiple BiBTeX files, the assumptions made for local duplicate detection may not hold. Within different publication lists, “JBSmith” may (or may not) refer to the same author. BibBase deals with this type of uncertainty by having a disambiguation page on the HTML interface that informs the users looking for author name “J. B. Smith” (by looking up the URI <ext-link ext-link-type="uri" href="http://data.bibbase.org/author/j-b-smith)" id="21">http://data.bibbase.org/author/j-b-smith)</ext-link> of the existence of all the entities with the same identifier, and having rdfs:seeAlso properties that link to related author entities on the RDF interface. 1 Notably, the MIT’s BiBTeX ontology (<ext-link ext-link-type="uri" href="http://zeitkunst.org/bibtex/0.1/)" id="22">http://zeitkunst.org/bibtex/0.1/)</ext-link> is extended to allow description of the order of authors, unlike some widely-used bibliographic ontologies. We also provide owl:sameAs and umbel:isLike links to the other existing bibliographic ontologies. The new ontology definition is available at <ext-link ext-link-type="uri" href="http://data.bibbase.org/ontology." id="23">http://data.bibbase.org/ontology.</ext-link><marker type="page" number="3"/><marker type="block"/> Duplicate detection, also known as entity resolution, record linkage, or ref- erence reconciliation is a well-studied problem and an active research area [<xref ref-type="bibr" rid="R3" id="27" class="deo:Reference">3</xref>]. We use some of the existing techniques to define local and global duplicate detection rules, for example using fuzzy string similarity measures [<xref ref-type="bibr" rid="R2" id="28" class="deo:Reference">2</xref>] or semantic knowledge for matching conference names and paper titles [<xref ref-type="bibr" rid="R4" id="29" class="deo:Reference">4</xref>].</region>
        <outsider class="DoCO:TextBox" type="header" id="25" page="3" column="1">Publishing Bibliographic Data on the Semantic Web using BibBase</outsider>
        <outsider class="DoCO:TextBox" type="page_nr" id="26" page="3" column="1">3</outsider>
      </section>
      <section class="DoCO:Section">
        <h1 class="DoCO:SectionTitle" id="31" page="3" column="1">4 Discovering semantic links to external data sources</h1>
        <region class="DoCO:FigureBox" id="Fx32">
          <image class="DoCO:Figure" src="eb.page_003.image_01.png" thmb="eb.page_003.image_01-thumb.png"/>
          <image class="DoCO:Figure" src="eb.page_003.image_02.png" thmb="eb.page_003.image_02-thumb.png"/>
          <image class="DoCO:Figure" src="eb.page_003.image_03.png" thmb="eb.page_003.image_03-thumb.png"/>
          <image class="DoCO:Figure" src="eb.page_003.image_04.png" thmb="eb.page_003.image_04-thumb.png"/>
          <image class="DoCO:Figure" src="eb.page_003.image_05.png" thmb="eb.page_003.image_05-thumb.png"/>
          <image class="DoCO:Figure" src="eb.page_003.image_06.png" thmb="eb.page_003.image_06-thumb.png"/>
        </region>
        <region class="unknown" id="35" page="3" column="1">RKBExplorer “Tim Berners-Lee” (person on dblp) owl:SameAs <ext-link ext-link-type="uri" href="http://data.bibbase.org/" id="33">http://data.bibbase.org/</ext-link> owl:SameAs “Tim Berners-Lee” 1 (person on dblp) “Tim Berners-Lee” (person on citeseer) skos:closeMatch “Tim Berners-Lee” (author) “Int. J. Semantic Web Inf. Syst.” (journal) src: <ext-link ext-link-type="uri" href="http://www.w3.org/People/Berners-Lee/Publications" id="34">http://www.w3.org/People/Berners-Lee/Publications</ext-link> owl:SameAs “Christian Bizer” (person on eprints) "Linked Data - The Story So Far" (article) W3C skos:closeMatch People “Tom Heath” (author) “Tim Berners-Lee” (foaf:Person) owl:SameAs foaf:page skos:closeMatch “Christian Bizer” (author) Revyu.com “Tim Berners-Lee” (person) bibtex0.2:has_keyword rdfs:seeAlso “Int. J. Semantic Web Inf. Syst.” (journal) “Linked Data” (buzzword) foaf:page foaf:page bibtex0.2: has_keyword "Linked Data - The Story So Far" (review) “Semantic Web” (buzzword) foaf:page PubZone DBLP “Tim Berners-Lee” "Linked Data - The Story So Far" "Linked Data - The Story So Far" “Tim Berners-Lee”</region>
        <region class="DoCO:FigureBox" id="F1">
          <caption class="deo:Caption" id="36" page="3" column="1">Fig. 1. Sample entities in BibBase interlinked with several related data sources.</caption>
        </region>
        <region class="DoCO:TextChunk" id="39" page="3" column="1">In order to publish our data in the Web, not just on the Web, to avoid creation of an isolated data silo, we need to discover links from the entities in BibBase to entities from external data sources. <xref ref-type="fig" rid="F1" id="37" class="deo:Reference">Figure 1</xref> shows a sample of entities in BibBase and several possible links to related Linked Data sources and web pages. In order to discover such links, similar to our duplicate detection approach, we can leverage online and offline solutions. The online approach mainly uses a dictionary of terms and strings that can be mapped to external data sets. A similar approach is used to match abbreviated venues, such as “ISWC” to “In- ternational Semantic Web Conference”. The dictionaries (or ontology tables) are maintained inside BibBase, and derived from sources such as DBpedia, Wordnet, and DBLP. We also allow the users to extend the dictionaries by @string definitions in their BiBTeX files. Offline link discovery is performed using existing link discovery tools [<xref ref-type="bibr" rid="R4" id="38" class="deo:Reference">4</xref>]. Our demo will allow users to interactively add BiBTeX entries, then view and query the semantically annotated entry and discovered links.</region>
      </section>
      <section class="DoCO:Section">
        <h1 class="DoCO:SectionTitle" id="40" page="3" column="1">5 Additional Features</h1>
        <region class="DoCO:TextChunk" id="44" page="3" column="1">The success of BibBase as a Linked Data source depends on scientists using BibBase for their publications pages. To further entice scientists to do so, BibBase sports a number of additional features that make it an attractive proposition. <marker type="page" number="4"/><marker type="block"/> • Storage and publication of provenance information, i.e., metadata about the source of each entity and each link in the data. • Dynamic grouping of entities based on attributes (e.g., by year or keyword). • An RSS feed, allowing anyone to receive notifications whenever a specified scientist publishes a new paper. • A DBLP fetch tool that allows scientists who do not yet have a BiBTeX file to obtain their DBLP publications to start using BibBase right away. • Statistics regarding users, page views, and paper downloads. We enable users to provide feedback on the quality of data and links. By providing feedback, users will not only improve the quality of the data published on their own websites, they will also help create a very high-quality data source in the long run that could become a benchmark for the notoriously hard task of evaluating duplicate detection and semantic link discovery systems.</region>
        <outsider class="DoCO:TextBox" type="page_nr" id="42" page="4" column="1">4</outsider>
        <outsider class="DoCO:TextBox" type="header" id="43" page="4" column="1">Authors Suppressed Due to Excessive Length</outsider>
      </section>
      <section class="deo:Conclusion">
        <h1 class="DoCO:SectionTitle" id="45" page="4" column="1">6 Conclusion</h1>
        <region class="DoCO:TextChunk" id="47" page="4" column="1">In this demonstration, we will present BibBase, a system for light-weight publication of bibliographic data on personal or research group websites, and management of the data using existing semantic technologies as a result of the complex triplification performed inside the system. BibBase extends the Linked Data cloud with a data source that unlike existing bibliographic data sources, allows online manipulation of the data by non-expert users. We plan to continue to extend the features of BibBase. A list of currently implemented and upcoming experimental features is available at <ext-link ext-link-type="uri" href="http://wiki.bibbase.org" id="46">http://wiki.bibbase.org</ext-link>.</region>
      </section>
      <section class="DoCO:Bibliography">
        <h1 class="DoCO:SectionTitle" id="48" page="4" column="1">References</h1>
        <ref-list class="DoCO:BiblioGraphicReferenceList">
          <ref rid="R1" class="deo:BibliographicReference" id="50" page="4" column="1">1. T. Berners-Lee. Linked Data - Design Issues. <ext-link ext-link-type="uri" href="http://www.w3.org/DesignIssues/" id="49">http://www.w3.org/DesignIssues/</ext-link> LinkedData.html, 2006. [Online; accessed 14-June-2010].</ref>
          <ref rid="R2" class="deo:BibliographicReference" id="51" page="4" column="1">2. A. Chandel, O. Hassanzadeh, N. Koudas, M. Sadoghi, and D. Srivastava. Bench- marking Declarative Approximate Selection Predicates. In ACM SIGMOD Int’l Conf. on the Mgmt. of Data, pages 353–364, 2007.</ref>
          <ref rid="R3" class="deo:BibliographicReference" id="52" page="4" column="1">3. A. K. Elmagarmid, P. G. Ipeirotis, and V. S. Verykios. Duplicate Record Detection: A Survey. IEEE Transactions on Knowledge and Data Engineering, 19(1):1–16, 2007.</ref>
          <ref rid="R4" class="deo:BibliographicReference" id="53" page="4" column="1">4. O. Hassanzadeh, A. Kementsietsidis, L. Lim, R. J. Miller, and M. Wang. A Frame- work for Semantic Link Discovery over Relational Data. In Proc. of the Conf. on Information and Knowledge Management (CIKM), pages 1027–1036, 2009.</ref>
          <ref rid="R5" class="deo:BibliographicReference" id="55" page="4" column="1">5. I. Herman. BibTeX in RDF. <ext-link ext-link-type="uri" href="http://ivan-herman.name/2007/01/13/" id="54">http://ivan-herman.name/2007/01/13/</ext-link> bibtex-in-rdf/, 2007. [Online; accessed 14-June-2010].</ref>
          <ref rid="R6" class="deo:BibliographicReference" id="57" page="4" column="1">6. <ext-link ext-link-type="uri" href="http://bibliontology.com/." id="56">http://bibliontology.com/.</ext-link></ref>
          <ref rid="R7" class="deo:BibliographicReference" id="60" page="4" column="1">7. <ext-link ext-link-type="uri" href="http://ontoware.org/swrc/." id="58">http://ontoware.org/swrc/.</ext-link> 8. <ext-link ext-link-type="uri" href="http://www4.wiwiss.fu-berlin.de/dblp/." id="59">http://www4.wiwiss.fu-berlin.de/dblp/.</ext-link></ref>
          <ref rid="R9" class="deo:BibliographicReference" id="62" page="4" column="1">9. <ext-link ext-link-type="uri" href="http://www.bibsonomy.org/." id="61">http://www.bibsonomy.org/.</ext-link></ref>
          <ref rid="R10" class="deo:BibliographicReference" id="64" page="4" column="1">10. <ext-link ext-link-type="uri" href="http://citeseer.ist.psu.edu/." id="63">http://citeseer.ist.psu.edu/.</ext-link></ref>
        </ref-list>
      </section>
    </body>
  </article>
</pdfx>
