<?xml version='1.0' encoding='UTF-8'?>
<pdfx xmlns:xsi="http://www.w3.org/2001/XMLSchema-instance" xsi:noNamespaceSchemaLocation="http://pdfx.cs.man.ac.uk/static/article-schema.xsd">
  <meta>
    <job>8bb8594765da3b670ccfe5c3131924f4076adfee599785f0afacfc8eab4803e9</job>
    <base_name>ei</base_name>
    <doi>http://dx.doi.org/10.4018/978-1-4666-2827-4.ch005</doi>
    <warning>Name identification was not possible. </warning>
  </meta>
  <article>
    <front class="DoCO:FrontMatter">
      <title-group>
        <article-title class="DoCO:Title" id="1">Applications of Semantic Publishing</article-title>
      </title-group>
      <abstract class="DoCO:Abstract" id="9">1 Abstract million user bases. Behind such applications, as revealed by lead engineers at the BBC 3 , there lies In recent years Semantic publishing applications the complex architecture of the state-of-the-art get more and more domain-spread and user-ori- Semantic and Text Analytics technologies, such ented in several aspects, among which: cus- as in-house: fast RDF database management sys- tomization and re-purpose of data and content re- tem OWLIM 4 and knowledge management plat- flecting the user needs in various domains; fo- forms KIM 5 ; for robust semantic annotation and cused summaries with respect to user interests; search, as well as for text analytics applications. high relevance of the retrieved information and Both platforms are incorporated into numerous minimal effort in receiving it. successful Semantic Publishing Solutions (in- There are various works, exploring the relation cluding the BBC Sport 6 , Press Association 7 , between publishing and Linked Open Data, since Newz 8 , EuroMoney 9 , Publicis 10 etc.). For the core the latter enriches the semantics successfully methodology see (<xref ref-type="bibr" rid="R1" id="5" class="deo:Reference">Kiryakov et. al 2003</xref>) and across various domains. In (Villazon-Terrazas et. (<xref ref-type="bibr" rid="R1" id="6" class="deo:Reference">Popov et. al 2003</xref>). Starting with the FIFA 2010 al 2012), for example, authors present their idea BBC web site, through the London Olympics, on a life cycle model (specification, modeling, feeding the official news site with enriched con- generation, linking, publication, exploitation) tent together with Press Association, we have and demonstrate its application within various built domain expertise, sound solution imple- domains. At the same time, in (Mendes et. al mentation methodologies, and a semantic pub- 2011) a DBpedia service has been presented lishing platform to serve our clients. Beyond (called DBpedia Spotlight), which automatically mass media, specialized publishers licensed our annotates text documents with DBpedia URI’s products and commissioned us for customiza- using the DBpedia in-house ontology. Similarly, tions - like Euromoney for macroeconomic re- Zemanta 1 provides a plug-in to content creators, port analytics and Oxford University Press and which recommends links to relevant content (ar- IET for high value scientific content. ticles, keywords, tags). Our approach is generally This talk aims to describe the parameters of in-line with these ideas and services – domain our domain adaptation approach, used success- specific applications, automatic semantic annota- fully in many projects for more than 5 years, to tion, and addition of relevant linked content. build rigorous semantic publishing solutions. However, our focus is preferably on: the trade- Our strategy relies on the calibration between off between the semantic knowledge holders (on- the RDF semantic repository OWLIM, the se- tologies, linked data) and their language reflec- mantic resources in KIM and the optimized Text tion (domain texts), mediated by the linguistic Analytics techniques including methodologies processing pipelines; the adaptive flexibility of for fast creation of gold data in the selected do- the constructed applications and the efficient storage and publishing of large data. 3 www.bbc.co.uk/blogs/bbcinternet/2012/04/sports_dy- Within Ontotext, examples of mass media, se- namic_semantic.html mantic publishing web sites, such as the BBC’s 4 www.ontotext.com/owlim sport web 2 and the official web of the London’s 5 <ext-link ext-link-type="uri" href="http://www.ontotext.com/kim" id="7">http://www.ontotext.com/kim</ext-link> Olympics 2013, have proven to attract a multi- 6 <ext-link ext-link-type="uri" href="http://www.ontotext.com/publishing" id="8">http://www.ontotext.com/publishing</ext-link></abstract>
      <region class="unknown" id="11">7 <ext-link ext-link-type="uri" href="http://www.pressassociation.com/" id="10">http://www.pressassociation.com/</ext-link></region>
      <outsider class="DoCO:TextBox" type="page_nr" id="12">1</outsider>
      <outsider class="DoCO:TextBox" type="footer" id="14"> <ext-link ext-link-type="uri" href="http://en.wikipedia.org/wiki/Zemanta" id="13">http://en.wikipedia.org/wiki/Zemanta</ext-link> 2 www.bbc.com/sport</outsider>
      <outsider class="DoCO:TextBox" type="footer" id="17">8 newz.nl 9 <ext-link ext-link-type="uri" href="http://www.euromoney.com/" id="15">http://www.euromoney.com/</ext-link> 10 <ext-link ext-link-type="uri" href="http://www.publicis.de/" id="16">http://www.publicis.de/</ext-link></outsider>
      <outsider class="DoCO:TextBox" type="footer" id="18">23 Proceedings of the Joint Workshop on NLP&amp;LOD and SWAIE, pages 23–24, Hissar, Bulgaria, 12 September 2013.</outsider>
      <region class="DoCO:TextChunk" id="19">main; focused curation of the automatically ana- lyzed data and the application of advanced ma- chine learning algorithms in data clustering. Thus, the success of our solutions lays in the cus- tomization of the advanced semantic technologies in combination with text analytics techniques, tuned to the needs of publishers and adapted to the requested domains.</region>
    </front>
    <body class="DoCO:BodyMatter">
      <section class="DoCO:Section">
        <h1 class="DoCO:SectionTitle" id="2" confidence="possible" page="1" column="1">Borislav Popov</h1>
        <region class="unknown" id="4" page="1" column="1">Ontotext AD <email id="3">borislav.popov@ontotext.com</email></region>
      </section>
      <section class="DoCO:Section">
        <h1 class="DoCO:SectionTitle" id="20" confidence="possible" page="2" column="1">2 Short Bio</h1>
        <region class="DoCO:TextChunk" id="21" page="2" column="1">Borislav Popov is the Head of the Semantic Annotation and Search division at Ontotext. He has specialized in AI, spent some time on landmark projects in the financial and ERP industry across the Balkans with clients like BASF and AC Nielsen. He is a part of Ontotext since its found- ing and leads the company’s involvement in several EC funded projects with multi–million bud- gets. He took part in the birth of the KIM Plat- form and since then is leading both its develop- ment, the semantic annotation and search division and is primarily responsible for all the solution the group provides. Under his guidance the group delivered multiple solutions in Publishing and Media for the BBC, Press Association and several other major customers.</region>
      </section>
      <section class="DoCO:Bibliography">
        <h1 class="DoCO:SectionTitle" id="22" confidence="possible" page="2" column="1">References</h1>
        <ref-list class="DoCO:BiblioGraphicReferenceList">
          <ref rid="R1" class="deo:BibliographicReference" id="23" page="2" column="1">Atanas Kiryakov, Borislav Popov, Damyan Ognyanoff, Dimitar Manov, Angel Kirilov, Miroslav Goranov. 2003. Semantic Annotation , Indexing, and Re- trieval. In: 2nd International Semantic Web Conference (ISWC2003), 20-23 October 2003, Florida, USA. LNAI Vol. 2870, pp. 484-499, Springer-Ver- lag Berlin Heidelberg 2003.</ref>
          <ref rid="R2" class="deo:BibliographicReference" id="24" confidence="possible" page="2" column="1">Pablo N. Mendes, Max Jakob, Andres Garcia-Silva and Christian Bizer. 2011. DBpedia spotlight: shed- ding light on the web of documents . In: Proceedings of the 7th International Conference on Semantic Systems, pp. 1-8, ACM, New York, NY, USA.</ref>
          <ref rid="R3" class="deo:BibliographicReference" id="25" confidence="possible" page="2" column="1">Borislav Popov, Atanas Kiryakov, Angel Kirilov, Dimitar Manov, Damyan Ognyanoff and Miroslav Goranov. 2003. KIM – Semantic Annotation Plat- form . In: 2nd International Semantic Web Conference (ISWC2003), 20-23 October 2003, Florida, USA. LNAI Vol. 2870, pp. 834-849, Springer-Ver- lag Berlin Heidelberg 2003.</ref>
          <ref rid="R4" class="deo:BibliographicReference" id="26" confidence="possible" page="2" column="1">Boris Villazon-Terrazas, Daniel Vila-Suero, Daniel Garijo, Luis M. Vilches-Blazquez, Maria Poveda- Villalon, Jose Mora, Oscar Corcho, and Asuncion Gomez-Perez. 2012. Publishing Linked Data -</ref>
        </ref-list>
        <region class="unknown" id="27" page="2" column="2">Proceedings of the European Data Forum 2012, Copenague, Dinamarca.</region>
        <outsider class="DoCO:TextBox" type="footer" id="28" page="2" column="2">There is no One-Size-Fits-All Formula . In:</outsider>
        <outsider class="DoCO:TextBox" type="footer" id="29" page="2" column="2">24</outsider>
      </section>
    </body>
  </article>
</pdfx>
