<?xml version='1.0' encoding='UTF-8'?>
<pdfx xmlns:xsi="http://www.w3.org/2001/XMLSchema-instance" xsi:noNamespaceSchemaLocation="http://pdfx.cs.man.ac.uk/static/article-schema.xsd">
  <meta>
    <job>9a24ffc307c5a8667f54692b62bfefdece854299ef24648e2623351c32290f12</job>
    <base_name>em</base_name>
    <doi>http://dx.doi.org/10.1007/978-3-319-12024-9_8</doi>
    <warning>Name identification was not possible. </warning>
  </meta>
  <article>
    <front class="DoCO:FrontMatter">
      <title-group>
        <article-title class="DoCO:Title" id="1">Semantic Publishing Challenge – Assessing the Quality of Scientific Output</article-title>
      </title-group>
      <region class="DoCO:TextChunk" id="4" confidence="possible">Christoph Lange 1 and Angelo Di Iorio 2 1 University of Bonn &amp; Fraunhofer IAIS, Germany <email id="2">math.semantic.web@gmail.com</email> 2 Università di Bologna, Italy <email id="3">diiorio@cs.unibo.it</email></region>
      <abstract class="DoCO:Abstract" id="5">Linked Open Datasets about scholarly publications enable the development and integration of sophisticated end-user services; however, richer datasets are still needed. The first goal of this Challenge was to investigate novel approaches to obtain such semantic data. In particular, we were seeking methods and tools to extract information from scholarly publications, to publish it as LOD, and to use queries over this LOD to assess quality. This year we focused on the quality of workshop proceedings, and of journal articles w.r.t. their citation network. A third, open task, asked to showcase how such semantic data could be exploited and how Semantic Web technologies could help in this emerging context.</abstract>
    </front>
    <body class="DoCO:BodyMatter">
      <section class="DoCO:Section">
        <h1 class="DoCO:SectionTitle" id="6" confidence="possible" page="1" column="1">1 Introduction: Scholarly Publishing and the Semantic Web</h1>
        <outsider class="DoCO:TextBox" type="sidenote" id="7" page="1" column="1">,</outsider>
        <region class="DoCO:TextChunk" id="13" confidence="possible" page="1" column="1">Scholarly publishing is increasingly driven by a new wave of applications that better support researchers in disseminating, exploiting and evaluating their results. The huge potential of publishing scientific papers enriched with semantic information has been proved, e.g., by Elsevier’s Grand Challenges of 2009 and 2011 [<xref ref-type="bibr" rid="R8" id="8" class="deo:Reference">8</xref>, <xref ref-type="bibr" rid="R7" id="9" class="deo:Reference">7</xref>] and by the yearly SePublica [<xref ref-type="bibr" rid="R9" id="10" class="deo:Reference">9</xref>] and Linked Science workshop series [<xref ref-type="bibr" rid="R10" id="11" class="deo:Reference">10</xref>] 3 both taking place for the fourth time in 2014. The semantic publishing community believes that semantics will help to improve the way users access, share, exploit and evaluate research results, and it will help to advance services such as search, expert finding, or visualisation, and even further applications not yet en- visioned. Semantic Web technologies play a central role in this context, as they can help publishers to make scientific results available in an open format the whole research community can benefit from. New ways of publishing scientific results, as presented at the events mentioned above, include: – machine-comprehensible experimental data, – linking machine-comprehensible datasets to research papers, – machine-comprehensible representations of scientific methods and models, – alternative publication channels (e.g. social networks and micro-publications), The final publication is available at link.springer.com 3 <ext-link ext-link-type="uri" href="http://linkedscience.org/category/workshop/" id="12">http://linkedscience.org/category/workshop/</ext-link></region>
        <region class="DoCO:TextChunk" id="15" confidence="possible" page="2" column="1">– alternative metrics for scientific impact (‘altmetrics’ [<xref ref-type="bibr" rid="R18" id="14" class="deo:Reference">18</xref>]), e.g., taking into account the scientist’s social network, user-generated micro-content such as discussion post, and recommendations.</region>
        <region class="DoCO:TextChunk" id="16" page="2" column="1">Scientific data published using Semantic Web technology not only solves isolated problems, but generates further value in that datasets can be shared, linked to each other, and reasoned on. Section 2 explains how we developed the definition of this year’s Semantic Publishing Challenge, Section 3 explains the evaluation procedure for the two information extraction tasks, Sections 4 to 6 explain the definitions and outcomes of the three tasks in detail, and Section 7 discusses overall sessions learnt.</region>
      </section>
      <section class="DoCO:Section">
        <h1 class="DoCO:SectionTitle" id="17" confidence="possible" page="2" column="1">2 The Challenge of Defining a Publishing Challenge</h1>
        <region class="DoCO:TextChunk" id="24" page="2" column="1">In the other two challenges in the ESWC Semantic Web Evaluation Challenges track, it seemed straightforward to objectively measure the performance of a solution, as suitable, curated datasets existed – the Blitzer dataset for the Concept-Level Sentiment Analysis Challenge [ <xref ref-type="bibr" rid="R19" id="18" class="deo:Reference">19</xref>] – or were relatively straightforward to obtain – the DBbook dataset for the Linked Open Data-enabled Recommender Systems Challenge [<xref ref-type="bibr" rid="R5" id="19" class="deo:Reference">5</xref>]. Existing datasets on scholarly publishing mainly contain basic bibliographical metadata (such as DBLP [<xref ref-type="bibr" rid="R22" id="20" class="deo:Reference">22</xref>]), or research data specific to one scientific do- main, as can, e.g., be seen from the ‘life science’ section of the LOD Cloud [<xref ref-type="bibr" rid="R14" id="21" class="deo:Reference">14</xref>]. In preparing the challenge, we judged that basic bibliographical author/title/year metadata did not have a sufficiently challenging semantics, whereas advanced publishing applications could be built on top of richer semantic data; we also judged that existing research datasets were too domain-specific to design relevant and feasible challenge tasks around them. We concluded that the semantic publishing community had so far lacked datasets adequate for evaluation challenges and therefore designed our first challenge 4 to produce, by information extraction, an initial collection of data that would be useful for future challenges and that the community can experiment on. This data collection should, of course, be produced in an objectively measurable way. Technically, we focused on producing data going beyond basic bibliographical metadata in terms of structure and complexity, and in that some of the information covered would not be available from existing structured databases, but only by full-text analysis; consider, e.g., authors’ affiliations, or references to funding bodies. As ‘producing data to base future challenges on’ is not an appealing objective in itself, we identified quality as a key concern of relevance to the whole scientific community: how can one assess the quality of scientific production by automated data analysis? This time, we focused on analysing (extended) metadata of publications, not yet on research data or on linked data representations of the full text of publications. The objective of Task 1 of 3 was to assess the quality of workshops by computing metrics from data extracted 4 <ext-link ext-link-type="uri" href="http://challenges.2014.eswc-conferences.org/index.php/SemPub/" id="22">http://challenges.2014.eswc-conferences.org/index.php/SemPub/</ext-link><marker type="page" number="3"/><marker type="block"/> from their proceedings, also considering information about persons and events. The objective of Task 2 was to assess the quality of journal articles by char- acterising citations and identifying, e.g., their context, their function and their position in the citing papers. After calling for submissions to Tasks 1 and 2, we received feedback from the community that mere information extraction, even if motivated by quality assessment, was not the most exciting task related to the future of scholarly publishing, as it assumed a traditional publishing model where results are mainly disseminated through papers, and the quality of scientific production is assessed from these papers. We therefore added a third, open task.</region>
      </section>
      <section class="DoCO:Section">
        <h1 class="DoCO:SectionTitle" id="25" confidence="possible" page="3" column="1">3 Common Procedures for the Extraction Tasks</h1>
        <region class="DoCO:TextChunk" id="28" page="3" column="1">The extraction tasks 1 and 2 followed a common procedure similar to the other evaluation challenges: <marker type="block"/> 1. For each task, we initially published a training dataset (TD) on which the participants could test and train their extraction tools. 2. We specified the basic structure of the linked data to be extracted from these source data, without prescribing a vocabulary. 3. We provided natural language queries and their expected results on TD. 4. A few days before the submission deadline, we published an evaluation dataset (ED), a superset of TD, which was the input for the final evaluation. 5. We asked the participants to submit their extracted linked data (under an open license to permit reuse), SPARQL implementations of the queries, as well as their extraction tools, as we reserved the right to inspect them. 6. We awarded prizes for the best-performing (w.r.t. precision/recall) and for the most innovative approach (to be determined by an expert jury). 7. Both before and after the submission we maintained transparency. Prospect- ive participants were invited to ask questions, e.g. about the expected query results, which we answered publicly. After the evaluation, we made the scores and the gold standard (see below) available to the participants.<marker type="block"/> The given queries contained placeholders, e.g. ‘all authors of the paper titled T ’. For training, we specified the results expected after substituting certain values from TD for the variables. We evaluated by substituting further values, mostly values that were only available in ED. We had intentionally chosen easy as well as challenging queries, all weighted equally, to help participants get started, without sacrificing our ability to clearly distinguish the best-performing approach. The evaluation was automated with a collection of PHP scripts: they compared a CSV form of the results of the participants’ SPARQL queries over their data against a gold standard of expected results, and compiled a report with precision/recall measures and a list of false positives and false negatives (see Figures 1 and 2).</region>
        <region class="unknown" id="29" page="4" column="1">extraction tool query Linked Query Source data result data (RDF) (CSV) evaluation Report script (HTML) Gold standard (CSV)</region>
        <region class="DoCO:FigureBox" id="F1">
          <image class="DoCO:Figure" src="em.page_004.image_01.png" thmb="em.page_004.image_01-thumb.png"/>
          <caption class="deo:Caption" id="31" page="4" column="1">Figure 1: Precision/recall evaluation</caption>
        </region>
        <region class="DoCO:FigureBox" id="F2">
          <caption class="deo:Caption" id="32" page="4" column="1">Figure 2: Report for one query</caption>
        </region>
      </section>
      <section class="DoCO:Section">
        <h1 class="DoCO:SectionTitle" id="33" confidence="possible" page="4" column="1">4 Task 1: Extraction and Assessment of Workshop Proceedings Information</h1>
        <section class="DoCO:Section">
          <h2 class="DoCO:SectionTitle" id="34" page="4" column="1">4.1 Motivation and Objectives</h2>
          <region class="DoCO:TextChunk" id="36" page="4" column="1">Common questions related to the quality of a scientific workshop or conference include whether a researcher should submit a paper to it, whether a researcher should accept an invitation to its programme committee, whether a publisher should publish its proceedings, and whether a company should sponsor it [<xref ref-type="bibr" rid="R3" id="35" class="deo:Reference">3</xref>]. Moreover, knowing the quality of a scientific event helps to assess the quality of papers that have been accepted there. Quality indicators include 5 a long history and growth over time, attracting high-quality sub-events, a high ratio of contributed over invited papers (unless there are high-profile invited speak- ers), a low ratio of submissions (co-)authored by the event’s chairs (and thus a high diversity in schools of thought), a fast publication turnaround (proceedings published quickly after, or even before the workshop – giving an impression of professional organisation). Producing data that would help to answer such questions was the first objective of Task 1, from the perspective of the Semantic Publishing Challenge. There was a second motivation, owed to Christoph Lange’s role of technical editor of CEUR-WS.org. CEUR-WS.org is an open access publishing website which en- joys great popularity among the organisers of computer science workshops and has published more than 1,200 proceedings volumes since 1995. CEUR-WS.org has recently started discussing innovations 6 , and a linked data representation of the workshop proceedings would certainly facilitate the implementation of innovative services. As the CEUR-WS.org volumes also provide sufficient information for answering quality-related questions such as those listed above, we chose them as the data source for Task 1. Note that DBLP also covers most of the workshops published with CEUR-WS.org, but it does not cover certain</region>
          <region class="DoCO:TextChunk" id="38" confidence="possible" page="4" column="1">5 Some of these indicators have been suggested by Manfred Jeusfeld, the founder and publisher of CEUR-WS.org. 6 <ext-link ext-link-type="uri" href="http://ceurws.wordpress.com" id="37">http://ceurws.wordpress.com</ext-link></region>
          <region class="DoCO:TextChunk" id="39" page="5" column="1">quality-related information, such as what series a workshop is part of, the affiliations of the editors, the exact dates of a workshop and the publication of its proceedings, and a distinction between invited and contributed papers.</region>
        </section>
        <section class="DoCO:Section">
          <h2 class="DoCO:SectionTitle" id="40" page="5" column="1">4.2 Data Source</h2>
          <region class="DoCO:TextChunk" id="41" page="5" column="1">The input dataset for Task 1 consists of documents in different formats and different levels of encoding quality and semantics:</region>
          <region class="DoCO:TextChunk" id="42" confidence="possible" page="5" column="1">– one HTML 4 index page linking to all workshop proceedings volumes ( http: //ceur-ws.org/ ; invalid, somewhat messy but still uniformly structured) – the HTML tables of contents of selected volumes. They link to the individual workshop papers. Their format is largely uniform but has gained more structure and more semantics over time, while old volumes remained unchanged. Microformat annotations were introduced with volume 559 in 2010 and sub- sequently extended. RDFa (in addition to microformats) was introduced with volume 994 in 2013, but its use is optional, and therefore it has been used in less than 5 % of all volumes since then. Valid HTML5 has been mandatory since volume 1059 in 2013; before, hardly any volume was completely valid. – the full text (PDF or PostScript) of the papers of some volumes</region>
          <region class="DoCO:TextChunk" id="43" page="5" column="1">Challenges in processing tables of contents include the lack of standards for mark- ing up editors’ affiliations, for separating multiple workshops in joint volumes, for referring to invited talks 7 , or for linking to all-in-one proceedings PDFs. The training and evaluation datasets, TD1 and ED2 were chosen to comprise a fair balance of different document formats. To enable reasonable quality assessment, the training data already comprised all volumes of several workshop series, including, e.g., Linked Data on the Web, and for some conferences, such as WWW 2012, it comprised all those of its workshops that were published with CEUR-WS.org. In the evaluation dataset ED2, some more workshop series and conferences were completed. The datasets are available at http: //challenges.2014.eswc-conferences.org/index.php/SemPub/Task1 .</region>
          <region class="DoCO:TableBox" id="T1">
            <caption class="deo:Caption" id="44" page="5" column="1">Table 1: Task 1 Data Sources Training Dataset (TD1) Evaluation Dataset (ED1) Proceedings volumes 54 91 . . . including metadata of 689 papers 1645 papers Full text of 46 papers 88 papers Volumes using RDFa 3 4 . . . using microformats only 48 71</caption>
          </region>
          <region class="unknown" id="45" page="5" column="1">7 Possible keywords include ‘invited paper’, ‘invited talk’, or ‘keynote’.</region>
        </section>
        <section class="DoCO:Section">
          <h2 class="DoCO:SectionTitle" id="46" page="6" column="1">4.3 Queries The queries were roughly ordered by increasing difficulty. The initial queries were basic ones to help the participants get started, whereas most queries from Q1.5 onward correspond to quality indicators discussed in Section 4.1: Q1.1 List the full names of all editors of the proceedings of workshop W . 8 Q1.2 Count the number of papers in workshop W . 9 Q1.3 List the full names of all authors who have (co-)authored a paper in workshop W . Q1.4 Compute the average length of a paper (in numbers of pages) in workshop W . 10 Q1.5 (publication turnaround) Find out whether the proceedings of workshop W were published on CEUR-WS.org before the workshop took place. 11 Q1.6 (previous editions of a workshop) Identify all editions that the workshop series titled T has published with CEUR-WS.org. Q1.7 (chairs over the history of a workshop) Identify the full names of those chairs of the workshop series titled T that have so far been a chair in every edition of the workshop that was published with CEUR-WS.org. Q1.8 (all workshops of a conference) Identify all CEUR-WS.org proceedings volumes in which papers of workshops of conference C in year Y were published. 12 Q1.9 Identify those papers of workshop W that were (co-)authored by at least one chair of the workshop. Q1.10 List the full names of all authors of invited papers in workshop W . Q1.11 Determine the number of editions that the workshop series titled T has had, regardless of whether published with CEUR-WS.org. Q1.12 (change of workshop title) Determine the title (without year) that workshop W had in its first edition. 13 Q1.13 (workshops that have died) Of the workshops of conference C in year Y , identify those that did not publish with CEUR-WS.org in the following year (and that therefore probably no longer took place). Q1.14 (papers of a workshop published jointly with others) Identify the papers of the workshop titled T (which was published in a joint volume V with other workshops).</h2>
          <region class="DoCO:TextChunk" id="47" confidence="possible" page="6" column="1">The queries were roughly ordered by increasing difficulty. The initial queries were basic ones to help the participants get started, whereas most queries from Q1.5 onward correspond to quality indicators discussed in Section 4.1: Q1.1 List the full names of all editors of the proceedings of workshop W . 8 Q1.2 Count the number of papers in workshop W . 9 Q1.3 List the full names of all authors who have (co-)authored a paper in workshop W . Q1.4 Compute the average length of a paper (in numbers of pages) in workshop W . 10 Q1.5 (publication turnaround) Find out whether the proceedings of workshop W were published on CEUR-WS.org before the workshop took place. 11 Q1.6 (previous editions of a workshop) Identify all editions that the workshop series titled T has published with CEUR-WS.org. Q1.7 (chairs over the history of a workshop) Identify the full names of those chairs of the workshop series titled T that have so far been a chair in every edition of the workshop that was published with CEUR-WS.org. Q1.8 (all workshops of a conference) Identify all CEUR-WS.org proceedings volumes in which papers of workshops of conference C in year Y were published. 12 Q1.9 Identify those papers of workshop W that were (co-)authored by at least one chair of the workshop. Q1.10 List the full names of all authors of invited papers in workshop W . Q1.11 Determine the number of editions that the workshop series titled T has had, regardless of whether published with CEUR-WS.org. Q1.12 (change of workshop title) Determine the title (without year) that workshop W had in its first edition. 13 Q1.13 (workshops that have died) Of the workshops of conference C in year Y , identify those that did not publish with CEUR-WS.org in the following year (and that therefore probably no longer took place). Q1.14 (papers of a workshop published jointly with others) Identify the papers of the workshop titled T (which was published in a joint volume V 8 We with did other not ask workshops). the participants to disambiguate names. In the relatively small set of CEUR-WS.org workshop editors and authors, names are rarely ambiguous. We believe that cases of ambiguity can easily be fixed manually. 9 Counting can be hard, as some workshops comprise multiple sessions, and as pre- microformat volumes do not always properly distinguish prefaces or all-in-one proceedings volumes from proper papers. 10 Page numbers in tables of contents are optional and do not always start from 1. 11 For old proceedings volumes, the date of publication is not listed in the table of contents, but only in the main index. 12 Conferences may be abbreviated, e.g., as ‘CCCCYYYY’ or ‘CCCC’YY’. 13 Here, we assumed that the ‘see also’ links in the main index always point to previous editions of a workshop. In reality, they sometimes point to closely related but different workshops.</region>
          <region class="DoCO:TextChunk" id="48" confidence="possible" page="7" column="1">Q1.15 (editors of one workshop published jointly with others) List the full names of all editors of the proceedings of the workshop titled T (which was published in a joint volume V with other workshops). Q1.16 Of the workshops that had editions at conference C both in year Y and Y +1, identify the workshop(s) with the biggest percentage of growth in their number of papers. Q1.17 (change of conference affiliation) Return the acronyms of those workshops of conference C in year Y whose previous edition was co-located with a different conference series. Q1.18 (change of workshop date) Of the workshop series titled T , identify those editions that took place more than two months later/earlier than the previous edition that was published with CEUR-WS.org. Q1.19 (internationality of a workshop) Identify all countries that the authors of all regular papers in workshop W were from. Q1.20 (institutional diversity of a workshop) Identify those papers in workshop W that were (co-)authored by people from the same institution as one of the chairs (including papers by chairs). 14</region>
          <region class="DoCO:TextChunk" id="50" page="7" column="1">Q1.5 (partly), Q1.12, Q1.13, Q1.16 and Q1.17 relied on the main index; Q1.19 and Q1.20 relied on the full-text PDF. As Task 1 also aimed at producing linked data that we could eventually publish at CEUR-WS.org, the participants were additionally asked to follow a uniform URI scheme: <ext-link ext-link-type="uri" href="http://ceur-ws.org/Vol-NNN/" id="49">http://ceur-ws.org/Vol-NNN/</ext-link> for volumes, and http: //ceur-ws.org/Vol-NNN/#paperM for a paper having the filename paperM.pdf .</region>
        </section>
        <section class="DoCO:Section">
          <h2 class="DoCO:SectionTitle" id="51" page="7" column="1">4.4 Accepted Submissions and Winners</h2>
          <region class="DoCO:TextChunk" id="56" page="7" column="1">We received and accepted three submissions that met the requirements. Ronzano et al. [ <xref ref-type="bibr" rid="R20" id="52" class="deo:Reference">20</xref>] solved the problem of annotating old proceedings volumes without any semantic markup by using the ones with microformat markup to train an automated annotation system that would retrofit microformat annotations to the old volumes. The system consults dumps of DBLP and WikiCFP data to more reliably identify author names and conference titles and acronyms. Using several external web services, the extracted data are enriched with further bibliographical information from BibSonomy and linked to the external datasets DBLP and DBpedia. This submission won the award for the most innovative approach. Kolchin/Kozlov [<xref ref-type="bibr" rid="R15" id="53" class="deo:Reference">15</xref>] defined templates for the typical structures of proceedings volumes, e.g., with or without RDFa or microformats. These templates extract the required data from the HTML pages using XPath and regular ex- pressions. Countries (from authors’ affiliations) are linked to DBpedia, using a SPARQL query against the DBpedia endpoint. Despite (or because of?) its relative simplicity, this submission won the best precision/recall award. 14 Names of institutions require normalisation. English papers may, e.g., use the unof- ficial name ‘University of Bonn’. German papers often prefer the short ‘Universität Bonn’ over the full official name Rheinische Friedrich-Wilhelms-Universität Bonn.<marker type="page" number="8"/><marker type="block"/> Dimou et al. [<xref ref-type="bibr" rid="R6" id="55" class="deo:Reference">6</xref>] took the template approach a step further, implementing them in the declarative language RML. RML, which has so far been capable of mapping CSV, XML and JSON to RDF, was extended to process non-XML HTML input. HTML elements with microformat annotations were accessed using CSS3 selectors. This submission focused on those proceedings volumes that used microformats, using a separate RML mapping definition for each proceedings volume. While sharing most code, many of them were manually adapted to the specific structures of certain volumes.</region>
          <region class="DoCO:TableBox" id="T2">
            <caption class="deo:Caption" id="57" page="8" column="1">Table 2: Task 1 evaluation results</caption>
            <content>
              <table class="DoCO:Table" number="2" page="8">
                <thead class="table">
                  <tr class="table">
                    <th class="table"> Authors</th>
                    <th class="table"> Overall</th>
                    <th class="table"> Overall</th>
                    <th class="table"> Queries</th>
                    <th class="table"> Average</th>
                    <th class="table"> Average</th>
                  </tr>
                  <tr class="table">
                    <th class="table"></th>
                    <th class="table"> average</th>
                    <th class="table"> average</th>
                    <th class="table"> attempted</th>
                    <th class="table"> precision</th>
                    <th class="table"> recall</th>
                  </tr>
                </thead>
                <tbody>
                  <tr class="table">
                    <td class="table"></td>
                    <td class="table"> precision</td>
                    <td class="table"> recall</td>
                    <td class="table"></td>
                    <td class="table"> on these</td>
                    <td class="table"> on these</td>
                  </tr>
                  <tr class="table">
                    <td class="table"> Ronzano et al. [20]</td>
                    <td class="table"> 0.335</td>
                    <td class="table"> 0.313</td>
                    <td class="table"> 1–12, 14, 15</td>
                    <td class="table"> 0.478</td>
                    <td class="table"> 0.447</td>
                  </tr>
                  <tr class="table">
                    <td class="table"> Kolchin/Kozlov [15]</td>
                    <td class="table"> 0.707</td>
                    <td class="table"> 0.639</td>
                    <td class="table"> 1–20</td>
                    <td class="table"> 0.707</td>
                    <td class="table"> 0.639</td>
                  </tr>
                  <tr class="table">
                    <td class="table"> Dimou et al. [6]</td>
                    <td class="table"> 0.138</td>
                    <td class="table"> 0.092</td>
                    <td class="table"> 1–9, 11–13, 16</td>
                    <td class="table"> 0.212</td>
                    <td class="table"> 0.142</td>
                  </tr>
                </tbody>
              </table>
            </content>
            <region class="TableInfo" id="61" confidence="possible" page="8" column="1">Authors Overall Overall Queries Average Average average average attempted precision recall precision recall on these on these Ronzano et al. [<xref ref-type="bibr" rid="R20" id="58" class="deo:Reference">20</xref>] 0.335 0.313 1–12, 14, 15 0.478 0.447 Kolchin/Kozlov [<xref ref-type="bibr" rid="R15" id="59" class="deo:Reference">15</xref>] 0.707 0.639 1–20 0.707 0.639 Dimou et al. [<xref ref-type="bibr" rid="R6" id="60" class="deo:Reference">6</xref>] 0.138 0.092 1–9, 11–13, 16 0.212 0.142</region>
          </region>
        </section>
        <section class="DoCO:Section">
          <h2 class="DoCO:SectionTitle" id="62" page="8" column="1">4.5 Lessons Learnt</h2>
          <region class="DoCO:TextChunk" id="68" page="8" column="1">From the perspective of running the challenge, Task 1 was successful, in that it led to three submissions, which were not only technically quite different, but whose performances could also be distinguished clearly – even when only taking into account the queries that the participants addressed at all (cf. <xref ref-type="table" rid="T2" id="63" class="deo:Reference">Table 2</xref>). Two solutions primarily consisted of code specific to this task [<xref ref-type="bibr" rid="R15" id="64" class="deo:Reference">15</xref>, <xref ref-type="bibr" rid="R20" id="65" class="deo:Reference">20</xref>], whereas Dimou et al. wrote task-specific mappings in the otherwise generic RML language [<xref ref-type="bibr" rid="R6" id="66" class="deo:Reference">6</xref>]. While proving the versatility of RML, this approach had the drawback of neg- lecting all steps RML had not been designed for, such as cleaning up messy input. Malformed literals remaining in the LOD stopped three queries from working. While it seems striking that the most innovative approach did not perform best, note that poor precision/recall results are partly owed to the participants fo- cusing on a subset of the datasets for lack of time. For example, only one tool processed the main index and the full-text PDF [<xref ref-type="bibr" rid="R15" id="67" class="deo:Reference">15</xref>]. Therefore, and because of its good performance and its relatively few technical requirements, we are currently rolling it out at CEUR-WS.org to become part of the publication process. 15 Only time will, however, tell the maintenance effort required for adapting to subsequent changes of the template for a proceedings volume table of contents.</region>
          <region class="unknown" id="70" page="8" column="1">15 For a proof of concept, request RDF/XML from <ext-link ext-link-type="uri" href="http://ceur-ws.org/Vol-1191/" id="69">http://ceur-ws.org/Vol-1191/</ext-link> .</region>
        </section>
      </section>
      <section class="DoCO:Section">
        <h1 class="DoCO:SectionTitle" id="71" confidence="possible" page="9" column="1">5 Task 2: Extraction and Characterisation of Citations</h1>
        <section class="DoCO:Section">
          <h2 class="DoCO:SectionTitle" id="72" page="9" column="1">5.1 Motivation and Objectives</h2>
          <region class="DoCO:TextChunk" id="74" page="9" column="1">The importance of citations for the scientific community is undeniable: researchers cite works that investigated the same problem they are facing, or papers that proposed a similar (or contrasting) solution, and so on. Citations are also being increasingly used to evaluate the impact of a given research, under the assumption that if a paper A cites another paper B then B had some impact on A. The impact factor is a measure of the quality of a journal obtained by averaging the impacts of the papers published by that journal in a given time interval. Citations are also used to evaluate the quality of the work of single researchers or teams or even universities. Just think about the h-index [<xref ref-type="bibr" rid="R11" id="73" class="deo:Reference">11</xref>] and its diffusion. Mere citation counting, however, is not enough to evaluate the quality of research. Citations are not all equal. Is it fair, e.g., to give the same relevance to a citation of a paper that introduced a ground-breaking theory, compared to a citation of a paper that contains a lot of errors? Also, should self-citations have the same relevance as others? How should a citation be evaluated if grouped with many others in a generic list? These and other questions inspired us in the design of Task 2: our objective was to investigate methods and tools to characterise citations automatically, so that the tasks of linking, sharing and evaluating research through citations could be done in a more precise way. Participants were asked to process a set of XML- encoded research papers and to build an annotated network of citations. There are many different ways of annotating a citation, for instance by making explicit its type (is it a self-citation?), its structural information (where is it placed in the the citing paper?) or even its function (why a paper is being cited?). Participants were asked to make such information explicit, so that it could be exploited to answer a given set of queries. They were free to use their own ontological model, provided that the given queries could be translated and run on their dataset. The queries are described in the following section, after presenting the dataset on which they were launched.</region>
        </section>
        <section class="DoCO:Section">
          <h2 class="DoCO:SectionTitle" id="75" page="9" column="1">5.2 Data Source</h2>
          <region class="DoCO:TextChunk" id="78" page="9" column="1">The construction of the input datasets was driven by the idea of covering a wide spectrum of cases. We collected papers encoded in XML JATS 16 , a language for encoding journal articles derived from the NLM Archiving and Interchange DTD, and its TaxPub extension for taxonomic treatments. The papers were selected from two sources: – PubMedCentral Open Access Subset 17 , a subset of the PubMedCentral full- text archive of biomedical and life sciences articles from different journals and publishers; some of these are freely available for redistribution and reuse. 16 <ext-link ext-link-type="uri" href="http://dtd.nlm.nih.gov" id="76">http://dtd.nlm.nih.gov</ext-link> 17 <ext-link ext-link-type="uri" href="http://www.ncbi.nlm.nih.gov/pmc/tools/openftlist/" id="77">http://www.ncbi.nlm.nih.gov/pmc/tools/openftlist/</ext-link></region>
          <region class="DoCO:TextChunk" id="79" confidence="possible" page="10" column="1">– Pensoft Biodiversity Data Journal and ZooKeys archive, open access archives of XML documents owned by Pensoft 18 and freely available for redistribution and reuse. Pensoft publishes scientific books on natural history. Some years ago they launched their first open access journal (ZooKeys), implementing several innovations in digital publishing and dissemination. Recently, they launched the Biodiversity Data Journal (BDJ) and the associated Pensoft Writing Tool (PWT) as the first workflow that puts authoring, peer-review, publication, and dissemination into a single online collaborative platform.</region>
          <region class="DoCO:TextChunk" id="81" page="10" column="1">The selected papers are structurally very different from each other. First of all, they use different elements to encode citations: some citations are organised in complete records, others are contained in mixed structures, others are completely unstructured and stored as plain text. Also, different elements are used to encode data about the authors (that in some cases are listed with their full names, or with their initials, or with different abbreviation styles) and about the publication types (stored as attributes or elements). Furthermore the papers use different content structures (this information is useful to identify the position of citations) and different forms to express acknowledgements (useful to extract data about grants and fundings). Finally, some citation sentences make explicit the reasons why a paper is being cited, but these sentences have different forms. The datasets TD2 (training) and ED2 (evaluation) are available at http: //challenges.2014.eswc-conferences.org/index.php/SemPub/Task2 . <xref ref-type="table" rid="T3" id="80" class="deo:Reference">Table 3</xref> reports some statistics about these datasets. TD2 is a subset of ED2, composed of randomly chosen papers. The final evaluation was performed on a randomly chosen subset of ED2 too. To cover all queries and balance results, we clustered input papers around each query and selected some of them from each cluster. Each cluster was in fact composed of papers containing enough information to answer each query, and structuring that information in different ways.</region>
          <region class="DoCO:TableBox" id="T3">
            <caption class="deo:Caption" id="82" page="10" column="1">Table 3: Task 2 Data Sources</caption>
            <content>
              <table class="DoCO:Table" number="3" page="10">
                <thead class="table">
                  <tr class="table">
                    <th class="table"></th>
                    <th class="table"> Training Dataset (TD2)</th>
                    <th class="table"> Evaluation Dataset (ED2)</th>
                  </tr>
                </thead>
                <tbody>
                  <tr class="table">
                    <td class="table"> Papers</td>
                    <td class="table"> 150</td>
                    <td class="table"> 400</td>
                  </tr>
                  <tr class="table">
                    <td class="table"> Journals</td>
                    <td class="table"> 15</td>
                    <td class="table"> 70</td>
                  </tr>
                  <tr class="table">
                    <td class="table"> Citations</td>
                    <td class="table"> &gt; 10000</td>
                    <td class="table"> &gt; 25000</td>
                  </tr>
                  <tr class="table">
                    <td class="table"> Citations per paper</td>
                    <td class="table"> &gt; 70</td>
                    <td class="table"> &gt; 66</td>
                  </tr>
                  <tr class="table">
                    <td class="table"> Bibliographic references</td>
                    <td class="table"> 5419</td>
                    <td class="table"> 16626</td>
                  </tr>
                </tbody>
              </table>
            </content>
            <region class="TableInfo" id="83" confidence="possible" page="10" column="1">Training Dataset (TD2) Evaluation Dataset (ED2) Papers 150 400 Journals 15 70 Citations &gt; 10000 &gt; 25000 Citations per paper &gt; 70 &gt; 66 Bibliographic references 5419 16626</region>
          </region>
        </section>
        <section class="DoCO:Section">
          <h2 class="DoCO:SectionTitle" id="84" page="10" column="1">5.3 Queries</h2>
          <region class="DoCO:TextChunk" id="87" page="10" column="1">The community has proposed many research quality indicators; the discussion about them is open. We asked participants to extract some qualitative informa- 18 <ext-link ext-link-type="uri" href="http://www.pensoft.net" id="85">http://www.pensoft.net</ext-link><marker type="page" number="11"/><marker type="block"/> tion about citations. The queries are not meant to be exhaustive but they were selected to provide a quite large spectrum of information. We selected 10 queries, covering different aspects of citations. The first two are very basic and are meant to check if the produced network of citations was complete and if the cited resources were classified correctly:</region>
          <region class="DoCO:TextChunk" id="88" confidence="possible" page="11" column="1">Q2.1 Identify all papers cited by the paper X Q2.2 Identify all journal papers cited by the paper X</region>
          <region class="DoCO:TextChunk" id="89" page="11" column="1">In order to extract such information participants were basically asked to parse input files covering all possible cases: highly-structured citations, semi- structured and unstructured ones. The second group of queries was meant to check if the produced dataset contained enough information to identify authors and to find self-citations:</region>
          <region class="DoCO:TextChunk" id="90" confidence="possible" page="11" column="1">Q2.3 Identify all authors cited by the author whose surname is X Q2.4 (auto-citations) Identify all papers cited by the paper X and written by the same authors (or some of them)</region>
          <region class="DoCO:TextChunk" id="91" page="11" column="1">The correct identification of the authors is tricky and opens complex issues of content normalisation and management of homonymity. A simplified approach was adopted for this task: participants were required to extract all information available in the input dataset and to normalise it by providing surname, first-name and first-name-initials. These data were all normalised in lowercase – stripping spaces and punctuations – in the final evaluation. The following two queries covered the position and context of citations:</region>
          <region class="DoCO:TextChunk" id="92" confidence="possible" page="11" column="1">Q2.5 Identify all papers cited multiple times by the paper X Q2.6 Identify all papers cited multiple times in the same paragraph by the paper X</region>
          <region class="DoCO:TextChunk" id="93" page="11" column="1">The idea behind these queries is that knowing the position of citations and their co-presence with others could give more information about their value (for instance, giving less relevance to multiple citations of the same work from the same paper, or even from the same paragraph). The last four queries required additional processing of the textual content of the papers. First, we added a query about grants and funding agencies:</region>
          <region class="DoCO:TextChunk" id="94" confidence="possible" page="11" column="1">Q2.7 (grants and funding agencies) Identify the grant (or more than one) that supported the research presented in the paper X, along with the funding agency that funded it</region>
          <region class="DoCO:TextChunk" id="96" page="11" column="1">The basic idea was to make such information explicit, so that it can be used to investigate how fundings were connected to, or even influenced, a given research. Information about fundings are examples of research context data. Many more contextual data could be extracted, for instance about the institutions involved in a research project or partial works, etc. At this stage, we wanted to investigate <marker type="page" number="12"/><marker type="block"/> some of these dimensions and to study how such structured data can be extracted from unstructured ones. The last queries was meant to check how the tools characterised citations and to what extent they were able to identify the reasons why a work was cited:</region>
          <region class="DoCO:TextChunk" id="97" confidence="possible" page="12" column="1">Q2.8 Identify the “literature review” section of the paper X Q2.9 (using methods of a paper) Identify all papers of which paper X declares to use methodologies or theories Q2.10 (extending results of a paper) Identify all papers of which paper X declares to provide an extension of the results</region>
          <region class="DoCO:TextChunk" id="101" page="12" column="1">Automatic characterisation of citation has previously been approached with CiTalO [<xref ref-type="bibr" rid="R12" id="98" class="deo:Reference">12</xref>], a chain of tools based on Semantic Web technologies, and by ma- chine learning [<xref ref-type="bibr" rid="R21" id="99" class="deo:Reference">21</xref>]. In both of these cases, however, the agreement between hu- man annotators and automatic processes was quite low. Such a characterisation is actually an extremely difficult task for humans too: the experiments in [<xref ref-type="bibr" rid="R4" id="100" class="deo:Reference">4</xref>] con- firmed that the opinions about citation functions are often disaligned, and rarely match among users. To avoid this problem we selected some simple cases and unambiguous forms of citations. Nonetheless these queries still ended up being too difficult and only a few were answered correctly (see below for details).</region>
        </section>
        <section class="DoCO:Section">
          <h2 class="DoCO:SectionTitle" id="102" page="12" column="1">5.4 Accepted Submissions and Winner</h2>
          <region class="DoCO:TextChunk" id="104" page="12" column="1">We received fewer submissions than expected. Some were incomplete and could not be considered for the evaluation. Eventually only one submission was completed and unfortunately we had to cancel the competition. Bertin and Atanassova [<xref ref-type="bibr" rid="R2" id="103" class="deo:Reference">2</xref>] presented a novel approach combining machine-learning techniques and rule-based transformation, which produced good results. We evaluated their tool as explained in Section 3 even if they could not win an award. They also provided us with a lot of feedback, useful to better shape such a task in the future.</region>
        </section>
        <section class="DoCO:Section">
          <h2 class="DoCO:SectionTitle" id="105" page="12" column="1">5.5 Lessons Learnt</h2>
          <region class="DoCO:TextChunk" id="107" page="12" column="1">The spirit of the challenge, and in particular of task 2, was to explore a large number of aspects in order to have a clearer picture of the state-of-the-art and to identify the most interesting and challenging issues. In retrospect, this choice led us to defining a quite difficult task and we could have structured it in a slightly different way. In fact the questions we were asking are logically divided in two groups: queries Q2.1—Q2.7 required participants to basically map data from XML to RDF, while the last three required additional processing on the content. These two blocks required different skills and some people were discouraged to participate as they only felt strong in one of them. We could have split them in two tasks: one on data conversion and publishing and another one on textual processing. These two blocks also differ for the quality of the results. The proposed solution, in fact, showed that very good results can be achieved in producing semantically-annotated networks of citations, that also include information <marker type="page" number="13"/><marker type="block"/> about authors and about citation contexts. The automatic analysis of content and characterisation of citations, on the other hand, still has several open and fascinating issues to address.</region>
        </section>
      </section>
      <section class="DoCO:Section">
        <h1 class="DoCO:SectionTitle" id="108" confidence="possible" page="13" column="1">6 In-Use Task 3: Semantic Technologies in Improving Scientific Production</h1>
        <section class="DoCO:Section">
          <h2 class="DoCO:SectionTitle" id="109" page="13" column="1">6.1 Motivation and Objectives</h2>
          <region class="DoCO:TextChunk" id="112" page="13" column="1">The goal of task 3 was to investigate novel approaches to exploit semantic publications. We invited demos that showcased the potential of Semantic Web technology for enhancing and assessing the quality of scientific production. The task was open: participants could use their own datasets and were not required to connect to other tasks. We followed the tradition of open challenges established in the community: in 2009 and 2011, e.g., Elsevier ran two Grand Challenges, for which challengers were asked to ‘1. improve the process/methods/results of creating, reviewing and editing scientific content; 2. interpret, visualize or connect the knowledge more effectively, and/or 3. provide tools/ideas for measuring the impact of these improvements’ [<xref ref-type="bibr" rid="R8" id="110" class="deo:Reference">8</xref>] and to ‘improve the way scientific information is communicated and used’ [<xref ref-type="bibr" rid="R7" id="111" class="deo:Reference">7</xref>]. Task 3 is also similar to the open track of the ISWC Semantic Web Challenge 19 (yearly since 2003) and the AI Mashup challenge 20 (yearly since 2009), though focused on semantic publishing.</region>
        </section>
        <section class="DoCO:Section">
          <h2 class="DoCO:SectionTitle" id="113" page="13" column="1">6.2 Accepted Submissions</h2>
          <region class="DoCO:TextChunk" id="121" page="13" column="1">We accepted 4 out of 5 submissions. Each got 3 reviews and presented a sophisticated application for supporting researchers in their activities. Linkitup [ <xref ref-type="bibr" rid="R13" id="114" class="deo:Reference">13</xref>] is a Web-based application for integrating research articles with semantic data retrieved from multiple heterogeneous sources. The platform en- riches data available in existing repositories in many different ways: for instance, it finds terms, categories, entities (people, institutions, projects, etc.) related to a given work and shows them in an intuitive interface. ROHub [<xref ref-type="bibr" rid="R17" id="115" class="deo:Reference">17</xref>] is a digital library for Research Objects (ROs) that supports their management, dissemination and preservation. ROs are defined as aggregations of scientific resources, not only papers but also experimental data, reports, slides, and so on. Particularly interesting is the support for the lifecycle of these objects, even in their drafting stage. Rexplore [<xref ref-type="bibr" rid="R16" id="116" class="deo:Reference">16</xref>] is a sophisticated Web-based platform for exploring and making sense of scientific data. It integrates multiple sources and exploits data mining and semantic technologies to identify trends in research communities, to mine relations between researchers, to evaluate their performance, and to identify research trajectories. These data are shown in a rich interactive interface where 19 <ext-link ext-link-type="uri" href="http://challenge.semanticweb.org/2014/criteria.html" id="117">http://challenge.semanticweb.org/2014/criteria.html</ext-link> 20 <ext-link ext-link-type="uri" href="http://aimashup.org" id="118">http://aimashup.org</ext-link><marker type="page" number="14"/><marker type="block"/> users can search data, access them in personalised views and easily customise the overall dashboard by activating/deactivating the modules of the platform. Atanassova and Bertin [<xref ref-type="bibr" rid="R1" id="120" class="deo:Reference">1</xref>] presented an information retrieval system for enhancing publications by automatically identifying semantic relations between the components of these publications, for instance the methods, definitions and hy- potheses. The system is based on a rule engine and offers a user-friendly interface that allows users to search, browse and filter results by using facets.</region>
        </section>
        <section class="DoCO:Section">
          <h2 class="DoCO:SectionTitle" id="122" page="14" column="1">6.3 Evaluation and Winners</h2>
          <region class="DoCO:TextChunk" id="123" page="14" column="1">In contrast to Tasks 1 and 2, the evaluation of Task 3 was carried out by an expert jury, taking into account the reviews and comments from the PC and applying five criteria: potential impact (the ability of the tool to make an impact on a large audience, with different background and expertise), originality (its innovative nature compared to related work), breakthrough (to what extent the tool is groundbreaking and visionary, and opens new perspectives and challenges for researchers), quality of the Demo (clarity and usability of the demo), and appropriateness for ESWC (to what extent Semantic Web technologies play a prominent role in the tool). The jury finally decided to award Francesco Osborne and Enrico Motta for Understanding Research Dynamics. Both the robustness of the tool and its potential applications were appreciated: the ability to mine new unexpected information from existing data was considered a key success factor, together with the ability to integrate multiple resources, to identify research trends and to evaluate research results in an innovative way.</region>
        </section>
      </section>
      <section class="DoCO:Section">
        <h1 class="DoCO:SectionTitle" id="124" confidence="possible" page="14" column="1">7 Overall Lessons Learnt for Future Challenges</h1>
        <region class="DoCO:TextChunk" id="127" page="14" column="1">The first lesson we learnt is that is challenging to define appealing tasks that bridge the gap between building up initial datasets and exploring possibilities for innovative semantic publishing. As this first challenge has produced linked data about the CEUR-WS.org workshops (currently being published) and subsets of the PMC Open Access and the PenSoft archives (not yet published, but reusable under an open license), we now have a foundation to build on. Possible tasks for future challenges could focus on linking these initial datasets, each extracted from a single source, to further relevant datasets, e.g., to link CEUR-WS.org workshops to co-located conferences in Springer’s conference proceedings data [ <xref ref-type="bibr" rid="R3" id="125" class="deo:Reference">3</xref>], to identify the DBLP counterparts of articles and authors in the PMC and PenSoft datasets, or to link publications to related social websites such as SlideShare or Twitter. Instead of a completely open task, one could call for applications that make innovative use of the data produced by the previous challenge. Task suggestions from our participants addressed practical needs of researchers, such as finding high-profile venues for publishing a work, summarising publications, or helping early career researchers to find relevant papers.<marker type="page" number="15"/><marker type="block"/> Acknowledgements We would like to thank our reviewers, judges and sponsors, whose names are mentioned in the preface of this overall proceedings volume, as well as our participants for their hard work, creative solutions and useful suggestions. We would also like to thank Silvio Peroni for his suggestions on the overall challenge structure and, in particular, on the definition of task 2.</region>
      </section>
      <section class="DoCO:Bibliography">
        <h1 class="DoCO:SectionTitle" id="128" confidence="possible" page="15" column="1">References</h1>
        <ref-list class="DoCO:BiblioGraphicReferenceList">
          <ref rid="R1" class="deo:BibliographicReference" id="129" page="15" column="1">1. Atanassova, I., Bertin, M. Semantic Facets for Scientific Information Re- trieval. In: Semantic Web Evaluation Challenges. CCIS 457. Springer, 2014.</ref>
          <ref rid="R2" class="deo:BibliographicReference" id="130" page="15" column="1">2. Bertin, M., Atanassova, I. Hybrid Approach for the Semantic Processing of Scientific Papers. In: Semantic Web Evaluation Challenges. CCIS 457. Springer, 2014.</ref>
          <ref rid="R3" class="deo:BibliographicReference" id="131" page="15" column="1">3. Bryl, V. et al. What’s in the proceedings? Combining publisher’s and re- searcher’s perspectives. In: 4 th SePublica Workshop. CEUR-WS 1155. 2014.</ref>
          <ref rid="R4" class="deo:BibliographicReference" id="132" page="15" column="1">4. Ciancarini, P. et al. Evaluating Citation Functions in CiTO: Cognitive Issues. In: ESWC. LNCS 8465. Springer, 2014.</ref>
          <ref rid="R5" class="deo:BibliographicReference" id="133" page="15" column="1">5. Di Noia, T., Cantador, I., Ostuni, V. C. Linked Open Data-enabled Recommender Systems. ESWC 2014 Challenge on Book Recommendation. In: Semantic Web Evaluation Challenges. CCIS 457. Springer, 2014.</ref>
          <ref rid="R6" class="deo:BibliographicReference" id="134" page="15" column="1">6. Dimou, A. et al. Extraction and Semantic Annotation of Workshop Proceedings in HTML using RML. In: Semantic Web Evaluation Challenges. CCIS 457. Springer, 2014.</ref>
          <ref rid="R7" class="deo:BibliographicReference" id="136" page="15" column="1">7. Elsevier, ed. Executable Paper Grand Challenge. Knowledge enhancement in the computational sciences. 2011. <ext-link ext-link-type="uri" href="http://www.executablepapers.com" id="135">http://www.executablepapers.com</ext-link> .</ref>
          <ref rid="R8" class="deo:BibliographicReference" id="138" page="15" column="1">8. Elsevier, ed. The Elsevier Grand Challenge. Knowledge enhancement in the life sciences. 2009. <ext-link ext-link-type="uri" href="http://www.elseviergrandchallenge.com" id="137">http://www.elseviergrandchallenge.com</ext-link> .</ref>
          <ref rid="R9" class="deo:BibliographicReference" id="139" page="15" column="1">9. 4 th Workshop on Semantic Publishing (SePublica). CEUR-WS 1155. 2014.</ref>
          <ref rid="R10" class="deo:BibliographicReference" id="140" page="15" column="1">10. 3 th Workshop on Linked Science (LISC). CEUR-WS 1116. 2014.</ref>
          <ref rid="R11" class="deo:BibliographicReference" id="141" page="15" column="1">11. Hirsch, J. E. An index to quantify an individual’s scientific research output. In: PNAS 102(46) (2005).</ref>
          <ref rid="R12" class="deo:BibliographicReference" id="142" page="15" column="1">12. Di Iorio, A., Nuzzolese, A. G., Peroni, S. Identifying Functions of Citations with CiTalO. In: ESWC 2013 Satellite Events. LNCS 7955. Springer, 2013.</ref>
          <ref rid="R13" class="deo:BibliographicReference" id="143" page="15" column="1">13. Hoekstra, R., Groth, P., Charlaganov, M. Linkitup: Semantic Publishing of Research Data. In: Semantic Web Evaluation Challenges. CCIS 457. Springer, 2014.</ref>
          <ref rid="R14" class="deo:BibliographicReference" id="144" page="15" column="1">14. Jentzsch, A., Cyganiak, R., Bizer, C. State of the LOD Cloud. 2011. http: //lod-cloud.net/state/ (visited on 2014-08-06).</ref>
          <ref rid="R15" class="deo:BibliographicReference" id="145" page="15" column="1">15. Kolchin, M., Kozlov, F. Unstable markup: A template-based information extraction from web sites with unstable markup. In: Semantic Web Evaluation Challenges. CCIS 457. Springer, 2014.</ref>
          <ref rid="R16" class="deo:BibliographicReference" id="146" page="15" column="1">16. Osborne, F., Motta, E. Understanding Research Dynamics. In: Semantic Web Evaluation Challenges. CCIS 457. Springer, 2014.</ref>
          <ref rid="R17" class="deo:BibliographicReference" id="147" page="16" column="1">17. Palma, R. et al. ROHub – A digital library of Research Objects supporting scientists towards reproducible science. In: Semantic Web Evaluation Challenges. CCIS 457. Springer, 2014.</ref>
          <ref rid="R18" class="deo:BibliographicReference" id="148" page="16" column="1">18. Priem, J. et al. altmetrics: a manifesto. 2011. http : / / altmetrics . org / manifesto/ (visited on 2014-08-06).</ref>
          <ref rid="R19" class="deo:BibliographicReference" id="149" page="16" column="1">19. Reforgiato Recupero, D., Cambria, E. ESWC 14 Challenge on Concept- Level Sentiment Analysis. In: Semantic Web Evaluation Challenges. CCIS 457. Springer, 2014.</ref>
          <ref rid="R20" class="deo:BibliographicReference" id="150" page="16" column="1">20. Ronzano, F., Casamayor Del Bosque, G., Saggion, H. Semantify CEUR-WS Proceedings: towards the automatic generation of highly descriptive scholarly publishing Linked Datasets. In: Semantic Web Evaluation Challenges. CCIS 457. Springer, 2014.</ref>
          <ref rid="R21" class="deo:BibliographicReference" id="151" page="16" column="1">21. Teufel, S., Siddharthan, A., Tidhar, D. Automatic Classification of Citation Function. In: Empirical Methods in Natural Language Processing. ACL, 2006.</ref>
          <ref rid="R22" class="deo:BibliographicReference" id="153" page="16" column="1">22. The DBLP Computer Science Bibliography. <ext-link ext-link-type="uri" href="http://dblp.uni-trier.de" id="152">http://dblp.uni-trier.de</ext-link> .</ref>
        </ref-list>
      </section>
    </body>
  </article>
</pdfx>
