<?xml version='1.0' encoding='UTF-8'?>
<pdfx xmlns:xsi="http://www.w3.org/2001/XMLSchema-instance" xsi:noNamespaceSchemaLocation="http://pdfx.cs.man.ac.uk/static/article-schema.xsd">
  <meta>
    <job>0efe787440d9628cb67e23db8b21b32630159592d026c4143f098d3923db5a03</job>
    <base_name>en</base_name>
    <doi>http://dx.doi.org/10.1007/978-1-4614-6170-8_110104</doi>
    <warning>Name identification was not possible. </warning>
  </meta>
  <article>
    <front class="DoCO:FrontMatter">
      <outsider class="DoCO:TextBox" type="header" id="1">IJCSI International Journal of Computer Science Issues, Vol. 9, Issue 4, No 3, July 2012 ISSN (Online): 1694-0814 www.IJCSI.org</outsider>
      <outsider class="DoCO:TextBox" type="page_nr" id="2">501</outsider>
      <title-group>
        <article-title class="DoCO:Title" id="3">From Social Network to Semantic Social Network in Recommender System</article-title>
      </title-group>
      <region class="DoCO:TextChunk" id="4" confidence="possible">Khaled Sellami 1 , Mohamed Ahmed-Nacer 2 , Pierre Tiako 3 , Rachid Chelouah 4 , Hubert Kadima 4 1 Computer Science Department, A/Mira University of Bejaia Route de Targua Ouzemour, 06000, Bejaia, Algeria 2 LSI Laboratory, USTHB University BP32 El Alia, Bab Ezzouar, Algiers 3 Center for IT Research, Langston University Oklahoma, 73050, USA 4 LARIS Laboratory, EISTI Cergy, 95000, France</region>
      <abstract class="DoCO:Abstract" id="5">Due the success of emerging Web 2.0, and different social network Web sites such as Amazon and movie lens, recommender systems are creating unprecedented opportunities to help people browsing the web when looking for relevant information, and making choices. Generally, these recommender systems are classified in three categories: content based, collaborative filtering, and hybrid based recommendation systems. Usually, these systems employ standard recommendation methods such as artificial neural networks, nearest neighbor, or Bayesian networks. However, these approaches are limited compared to methods based on web applications, such as social networks or semantic web. In this paper, we propose a novel approach for recommendation systems called semantic social recommendation systems that enhance the analysis of social networks exploiting the power of semantic social network analysis. Experiments on real-world data from Amazon examine the quality of our recommendation method as well as the performance of our recommendation algorithms.</abstract>
      <region class="DoCO:TextChunk" id="6" confidence="possible">Keywords: Recommender system, social network, semantic web, user profile.</region>
    </front>
    <body class="DoCO:BodyMatter">
      <section class="deo:Introduction">
        <h1 class="DoCO:SectionTitle" id="7" page="1" column="1">1. Introduction</h1>
      </section>
      <region class="DoCO:TextChunk" id="14" page="1" column="1">The prevalent use of computers and Internet has enhanced the quality of life for many people, tasks that were once done mostly through physical/human interactions, such as banking, shopping, or communication can now be done online; a seemingly simpler and better alternative. Also, with rapidly growing amount of information in the web, it is difficult to find needed information quickly and efficiently. That is where the recommender systems come in as a special type of information filtering. Nowadays many applications have used recommender systems; especially in the e-commerce domains such as <ext-link ext-link-type="uri" href="http://www.amazon.com" id="8">http://www.amazon.com</ext-link> (see an example in <xref ref-type="fig" rid="F1" id="9" class="deo:Reference">Figure 1</xref>)<marker type="column" number="2"/><marker type="block"/> where a failure recommendation could cause great losses of time, effort, and money. Our objective is to review a solution to surpass the defects of failure recommendation, by presenting semantic social recommendation approaches. The idea here is to combine two important aspects; the social aspect by using social network analysis measures, and the semantic aspect by using the semantic similarity measures.<marker type="block"/> The paper is organized as follows: section 2 presents related work, section 3 details the new recommendation model proposed, section 4 explains our obtained results, and section 5 concludes and discusses future work.</region>
      <region class="DoCO:FigureBox" id="F1">
        <image class="DoCO:Figure" src="en.page_001.image_01.png" thmb="en.page_001.image_01-thumb.png"/>
        <caption class="deo:Caption" id="13" page="1" column="2">Fig 1: Amazon recommends products to customers by customizing collaborative-filtering systems</caption>
      </region>
      <section class="DoCO:Section">
        <h1 class="DoCO:SectionTitle" id="15" page="1" column="2">2. Background knowledge and related works</h1>
        <section class="DoCO:Section">
          <h2 class="DoCO:SectionTitle" id="22" page="2" column="1">2.1 Classification criteria for recommender systems</h2>
          <region class="DoCO:TextChunk" id="36" page="2" column="1">The recommendation problem is defined as follows [2]: let C be the set of all users and let S be the set of all possible items that can be recommended. Let u be an utility function that measures the usefulness of item s to user c. u : C×S → R, where R is a totally ordered set (non-negative integer or real numbers within a certain range). Then for each user c ∈ C, we want to choose such item s’ ∈ S that maximizes the user's utility. ∀ c ∈ C, = ∈   ( , ) . In the recommendation systems, the utility u refers to the rating. Each elements c of the user space C could be defined with a profile that contains the users' characteristics (id, name, age . . .). Each element s of the items space S is also defined with a set of characteristics. Traditionally, filtering and recommender systems were classified into three main categories relative to the filtering technique used [ <xref ref-type="bibr" rid="R2" id="23" class="deo:Reference">2</xref>]: content-based recommender systems [5] , collaborative-filtering or social based recommendation [<xref ref-type="bibr" rid="R6" id="24" class="deo:Reference">19</xref>] , and hybrid recommendation systems [ <xref ref-type="bibr" rid="R1" id="25" class="deo:Reference">1</xref> ]. In content-based recommender systems, users are recommended with items that are similar to those that they liked in the past [5] . The utility u(c, s) of item s for user c is estimated based on the utilities u(c, s i ) assigned by user c to items s i ∈ S where s i are similar to item s [2]. Generally, content based recommender systems depend on three main processes: content analyzer, profile learner and filtering components [26]. The content analyzer is used for extracting information (keywords, concepts, etc) that represent items, and for extracting user’s reactions towards these items. The profile learner is used to learn users’ preferences, from their past reactions towards items, in order to construct and update user profile. Filtering components matches user profile with items characteristics to accomplish the recommendation. In collaborative filtering recommender systems, recommendation is based on the user's neighbors' opinions not on the item itself [<xref ref-type="bibr" rid="R2" id="26" class="deo:Reference">2</xref>8]. The utility u(c, s) of item s for user c is estimated based on the utilities u(c j , s) assigned to item s by those users u(c j , s) who are similar to user c [ <xref ref-type="bibr" rid="R6" id="27" class="deo:Reference">19</xref> ]. Collaborative filtering recommender systems have three types: item-based, user-based, and item-user-based [ 31 ]. In user-based collaborative filtering, a user c who is interested in item x will be interested in item y, if there are other users. These users are similar to the user c and they are interested in the items x and y [28]. In item-based collaborative recommender system, if a user c likes item x, and the item x is similar to the item y according to the opinion to other users. Then item y should be recommended to the user c [29].<marker type="column" number="2"/><marker type="block"/> Hybrid recommender systems combine the characteristics of content-based and collaborative filtering methods for avoiding some limitations and problems of pure recommender systems, like the cold-start problem. The combination of approaches can proceed in the following different ways [<xref ref-type="bibr" rid="R2" id="29" class="deo:Reference">2</xref>]: 1) Separate implementation of algorithms and joining the results. 2) Utilize some rules of content-based filtering in collaborative approach. 3) Utilize some rules of collaborative filtering in content based approach. 4) Create a unified recommender system that brings together both approaches.<marker type="block"/> However, another classification criterion of RS may be considered. For example, Depending on the information filtering method, there are (<xref ref-type="bibr" rid="R1" id="31" class="deo:Reference">1</xref>) passive filtering systems [27] when a single recommender is generated for all system users, and (<xref ref-type="bibr" rid="R2" id="32" class="deo:Reference">2</xref>) active filtering systems [8] where the recommendation is generated from the user's recommendation history to generate new customized recommendations.<marker type="block"/> There are also distinctions to be made between centralized systems (when the product descriptions and user profiles are stored in a centralized Server) and non-centralized Systems (generally developed on P2P networks).<marker type="block"/> We can also classify RS by considering the way user preferences are obtained and distinguish between explicit data collection systems (when the user is asked to voluntarily provide their valuations) and implicit data collection systems (where the system user is monitored).<marker type="block"/> The list below gives us an idea of the range of kind of classification criteria we can find in the literature. This list is not exhaustive, however, we are interested here on analyzing the state of this subject for a specific category of recommendation system that consist of the most future line of research in recent years: semantic social recommender systems.</region>
        </section>
        <section class="DoCO:Section">
          <h2 class="DoCO:SectionTitle" id="37" page="2" column="2">2.2 Recommendation systems</h2>
          <region class="DoCO:TextChunk" id="44" page="2" column="2">The main idea of collaborative filtering recommender systems is to capture the user's tastes, compute the similarity between users, and predict the recommendations. Generally all the collaborative filtering algorithms have the main principals, but they differ in the way of computing the similarity between users. Proposed in 1994 by Grouplens [ <xref ref-type="bibr" rid="R9" id="38" class="deo:Reference">28</xref>], Newsnet is one of the earliest collaborative filtering recommender systems. Newsnet is a user-based collaborative filtering, based on the Pearson r correlation coefficient. Ringo [30] is another<marker type="page" number="3"/><marker type="column" number="1"/><marker type="block"/> collaborative filtering recommender system, which uses personalization to recommend music and artists. In 1999, IRA (Intelligent Recommendation Algorithm, [3]) was proposed as a graph based collaborative filtering recommender system, in which a breadth-first search algorithm is used to compute the shortest paths between graph vertices (users). Moreover, user-item bipartite graph and one-mode projection are used in a movie recommender system proposed in [22]. In this system a recommendation graph is defined as the sum of the bipartite graph and the one-mode projection graph, then a shortest path algorithm is applied on the recommender graph in order to compute the recommendation. The limitation of the aforementioned works is the tight coupling with the collaborative filtering recommendation. Even if there are several graph based recommender systems, these recommender systems never employ the social network analysis measures in recommendation algorithms. For that reason, we propose to involve social network analysis measures in recommendation algorithms. Furthermore, we also propose to involve the user's semantic preferences in this recommendation algorithm, in order to have a semantic social recommendation algorithm.</region>
          <region class="DoCO:FigureBox" id="Fx40">
            <image class="DoCO:Figure" src="en.page_002.image_03.png" thmb="en.page_002.image_03-thumb.png"/>
          </region>
          <outsider class="DoCO:TextBox" type="footer" id="41" page="2" column="2">Copyright (c) 2012 International Journal of Computer Science Issues. All Rights Reserved.</outsider>
          <outsider class="DoCO:TextBox" type="header" id="42" page="3" column="1">IJCSI International Journal of Computer Science Issues, Vol. 9, Issue 4, No 3, July 2012 ISSN (Online): 1694-0814 www.IJCSI.org</outsider>
          <outsider class="DoCO:TextBox" type="page_nr" id="43" page="3" column="1">503</outsider>
        </section>
        <section class="DoCO:Section">
          <h2 class="DoCO:SectionTitle" id="45" page="3" column="1">2.3 Social network</h2>
          <region class="DoCO:TextChunk" id="50" page="3" column="1">Social Networks are networks in which vertices represent users, and edges represent links (social relations such as friendship and co authorship) among these users [ 24 ]. Social network analysis is the study of social networks by understanding their social entities, the people and their relationships. Examples considered indirectly as forms of social networks are: telecommunications, electronic mail, and electronic chat messengers (such as Skype, Google Talk or MSN Messenger). Actually, social network analysis measures are used to study the following structural properties of the social network [ <xref ref-type="bibr" rid="R2" id="46" class="deo:Reference">2</xref>4 , <xref ref-type="bibr" rid="R1" id="47" class="deo:Reference">1</xref>4 ]. The density indicates the cohesion of the network. The centrality highlights the most important actors of the network and three definitions have been proposed. The degree centrality is based on the average length of the paths (number of adjacent edges). The closeness centrality is based on the average length of the paths (number of edges) linking a node to others and reveals the capacity of a node to be reached. The betweenness centrality focuses on the capacity of a node to be an intermediary between any two other nodes. Furthermore, due to the recent evolution of social networks, social recommender systems are becoming more common, such as: (a) Finding the user's best co-workers in a social network [25], (b) Recommending friends, using graph based algorithms such as random walk [<xref ref-type="bibr" rid="R2" id="48" class="deo:Reference">2</xref>1], (c) Proposing music in a social network of connected artists [10], and (d) Tagging based recommender system for recommending photos [1]. Bookmarking uses a personalized tag recommendation system for users of<marker type="column" number="2"/><marker type="block"/> bookmarking sites using text mining similarity measures [9]. [4] Presenting a Facebook group recommender system, by using hierarchical clustering and decision tree techniques. Also, Facebook application has been proposed in [6] to find colleagues who can work in similar projects.</region>
        </section>
        <section class="DoCO:Section">
          <h2 class="DoCO:SectionTitle" id="51" page="3" column="2">2.4 Semantic Social network</h2>
          <region class="DoCO:TextChunk" id="69" page="3" column="2">As we have seen, the use of software instead of users in the information filtering has some weaknesses: i) how to represent information complicates communication among agents and between agents and users, ii) reuse of information represented heterogeneously becomes too complicated. With the arrival of the Semantic Web [7], these deficiencies are mitigated by the improvement and enrichment of the representation of information through the application of these technologies. Semantic Social Network is the composition of two types of technologies: semantic web technology [7] and social networks technology [ <xref ref-type="bibr" rid="R1" id="52" class="deo:Reference">1</xref>4]. The first research question about the possibility of having a semantic social network was presented in <xref ref-type="bibr" rid="R2" id="53" class="deo:Reference">2</xref> [<xref ref-type="bibr" rid="R5" id="54" class="deo:Reference">16</xref>]. Later in <xref ref-type="bibr" rid="R2" id="55" class="deo:Reference">2</xref>004 Stephen Downes [13] has proposed new type of Internet as a network within a network to reshape the Internet that we know. This type of Internet is based on merging semantic web technology and social network [14]. In [14], authors have proposed semantic social network analysis model semSNA, where social data are presented <xref ref-type="bibr" rid="R1" id="56" class="deo:Reference">1</xref> in RDF . Then social network analysis features e.g. closeness centrality, betweenness centrality, and graph 1 annotations are computed using SPARQL . In [20], authors have used the social network analysis (SNA) for analyzing ontology and semantic web; they have applied some of social network analysis techniques on two <xref ref-type="bibr" rid="R2" id="57" class="deo:Reference">2</xref> 3 different ontology’s SUMO ontology, and SWRC ontology. In recent years several researches focused on the analysis of the semantic social networks and that propose various solutions in different fields, basically, they can be classified by way of representing the semantic aspect as: Semantic user profile in the social network, and Social Networking Ontologies.<marker type="block"/> 1) Semantic user profile in the social network Semantic user profiles have become a key part of adequate social network. In [<xref ref-type="bibr" rid="R7" id="59" class="deo:Reference">23</xref>], authors have presented a semantic social network, applied to the PUII (Program for the University Industry Interface). Its objective was to identify the employees’ skills in a company and to deal with knowledge in online communities. In this project the semantic social network is based on: (1) meta data representation of users and resources, (2) information<marker type="page" number="4"/><marker type="column" number="1"/><marker type="block"/> tailoring of user profile, using social network and ontology’s, and (3) the semantic interoperability (Profile). In [12], authors have used a multi-layered model to present the semantic social network; ontology has been presented as a semantic network of interrelated domain concepts, while user profiles have been described as weighted list of those concepts. User profiles have been clustered due to user's interests, and the similarity has been considered as a similarity measure between users and clusters, 2) Social Networking Ontologies The two most important achievements in build ontologies to classify social networking activities so far: the Friend of 1 a Friend project (FOAF ), and the Semantically- 2 Interlinked Online Communities (SIOC ).</region>
          <region class="unknown" id="64" page="3" column="2">1 Semantic Web, W3C, <ext-link ext-link-type="uri" href="http://www.w3.org/2001/sw/" id="61">http://www.w3.org/2001/sw/</ext-link> 2 <ext-link ext-link-type="uri" href="http://www.ontologyportal.org/" id="62">http://www.ontologyportal.org/</ext-link> 3 <ext-link ext-link-type="uri" href="http://ontobroker.semanticweb.org/ontologies/swrc-onto-2001-12-" id="63">http://ontobroker.semanticweb.org/ontologies/swrc-onto-2001-12-</ext-link> 11.oxml</region>
          <region class="DoCO:FigureBox" id="Fx65">
            <image class="DoCO:Figure" src="en.page_003.image_04.png" thmb="en.page_003.image_04-thumb.png"/>
          </region>
          <outsider class="DoCO:TextBox" type="footer" id="66" page="3" column="2">Copyright (c) 2012 International Journal of Computer Science Issues. All Rights Reserved.</outsider>
          <outsider class="DoCO:TextBox" type="header" id="67" page="4" column="1">IJCSI International Journal of Computer Science Issues, Vol. 9, Issue 4, No 3, July 2012 ISSN (Online): 1694-0814 www.IJCSI.org</outsider>
          <outsider class="DoCO:TextBox" type="page_nr" id="68" page="4" column="1">504</outsider>
        </section>
      </section>
      <region class="DoCO:TextChunk" id="21" page="1" column="2">The approach described in this paper relies on a combination of social network analysis and semantic web for semantic social recommendation. In this section, we <marker type="page" number="2"/><marker type="column" number="1"/><marker type="block"/> explore related works in recommendation systems using these techniques. We also highlight the originality of the approach we propose with respect to the state of the art.</region>
      <region class="DoCO:FigureBox" id="Fx17">
        <image class="DoCO:Figure" src="en.page_001.image_02.png" thmb="en.page_001.image_02-thumb.png"/>
      </region>
      <outsider class="DoCO:TextBox" type="footer" id="18" page="1" column="2">Copyright (c) 2012 International Journal of Computer Science Issues. All Rights Reserved.</outsider>
      <outsider class="DoCO:TextBox" type="header" id="19" page="2" column="1">IJCSI International Journal of Computer Science Issues, Vol. 9, Issue 4, No 3, July 2012 ISSN (Online): 1694-0814 www.IJCSI.org</outsider>
      <outsider class="DoCO:TextBox" type="page_nr" id="20" page="2" column="1">502</outsider>
      <section class="DoCO:Section">
        <h1 class="DoCO:SectionTitle" id="70" page="4" column="1">FOAF</h1>
        <region class="DoCO:TextChunk" id="72" page="4" column="1">4 FOAF project, one of the largest projects in the semantic web, is a descriptive vocabulary built based on RDF and OWL, for creating a Web of machine-readable pages for describing people, the links between them and the things they create and do. It is accepted as standard vocabulary for representing social networks, and many large social networking websites use it to produce Semantic Web profiles for their users [ 15 ]. FOAF has the potential to become an important tool in managing communities, and can be very useful to provide assistance to new entrants in a community, to find people with similar interests or to gather in a single place, people’s information from several different resources, decentralizing the use of a single social network service for example [ <xref ref-type="bibr" rid="R4" id="71" class="deo:Reference">15</xref> ].</region>
      </section>
      <section class="DoCO:Section">
        <h1 class="DoCO:SectionTitle" id="73" page="4" column="1">SIOC</h1>
        <region class="DoCO:TextChunk" id="74" page="4" column="1">5 The SIOC project (Semantically-Interlinked Online Communities), is an ontology for representing rich metadata from the Social Web in RDF/OWL, accepted by The World Wide Web Consortium (W3C). It aims to enable the integration of online community information (wikis, message boards, weblogs, etc).</region>
        <region class="unknown" id="77" page="4" column="1">1 <ext-link ext-link-type="uri" href="http://www.foaf-project.org/" id="75">http://www.foaf-project.org/</ext-link> 2 <ext-link ext-link-type="uri" href="http://www.sioc-project.org/" id="76">http://www.sioc-project.org/</ext-link></region>
      </section>
      <section class="deo:Methods">
        <h1 class="DoCO:SectionTitle" id="78" page="4" column="2">3. Our Method</h1>
        <region class="DoCO:TextChunk" id="79" page="4" column="2">The recent emergence of semantic social networks (SSNs) gives us an opportunity to investigate the role of semantic social influence in recommender systems. The performance of semantic social recommender systems are based in one hand on knowledge base usually defined as a concept diagram (like taxonomy) or ontology and in another hand on social network analysis measures (like degree centrality, betweenness centrality, influence).</region>
        <section class="DoCO:Section">
          <h2 class="DoCO:SectionTitle" id="80" page="4" column="2">3.1 Our Hybrid Item-Based Similarity Matching Method</h2>
          <region class="DoCO:TextChunk" id="81" page="4" column="2">In this work, we have extended existing methods to develop a hybrid item-based similarity matching method. Item-Based Collaborative Filtering Multi-Attribute Similarity: We developed a multi-attribute rating scheme that allows users to rate an item along five attributes. The algorithm is described below: Step 1- Specify user preferences. The user assigns the weight values (W A ) to each attribute along which similarities between information items are to be computed. Step 2- Compute the similarity between items with respect to every attribute (subject, performance, overall likability). For every attribute A, the similarity between information items I and J as given by [29]:</region>
          <region class="DoCO:FigureBox" id="Fx82">
            <image class="DoCO:Figure" src="en.page_004.image_05.png" thmb="en.page_004.image_05-thumb.png"/>
          </region>
          <region class="DoCO:TextChunk" id="83" confidence="possible" page="4" column="2">.(1)</region>
          <region class="DoCO:TextChunk" id="86" page="4" column="2">Where R A (U,I) denotes the rating of user U on item I with respect to attribute A; Ř A (U) is the average rating of user U as per attribute A. Step 3- Compute the CF multi-attribute similarity between items. ( , ∑ ! ∗ ,          " ∑ ! <marker type="block"/> Item-Based Semantic Similarity: In this method, we calculate the similarities between two items based on their semantic descriptions given in an ontology. The similarity between items I and J is based on the ratio of the common/shared RDF descriptions between I and J (count_common_desc(I,J)) to their total descriptions (count_total_desc(I,J)) as proposed by [<xref ref-type="bibr" rid="R12" id="85" class="deo:Reference">32</xref>] and is given $% &amp; _$% %&amp;_(#)$ , by: # ,          $% &amp;_ % * _(#)$ , Hybrid Item-Based Semantic-CF Similarity: Using (Eq.2 and Eq.3) we calculate the hybrid Semantic-CF similarity using a linear weighted approach as: + ,, - . / ∗ 0 123+ ,, - 4 . ∗ 35 3+ ,, -   4 Where W M and W S are the weights assigned to CF multi- attribute and semantic similarities respectively.</region>
          <region class="DoCO:FigureBox" id="Fx87">
            <image class="DoCO:Figure" src="en.page_004.image_06.png" thmb="en.page_004.image_06-thumb.png"/>
          </region>
          <outsider class="DoCO:TextBox" type="footer" id="88" page="4" column="2">Copyright (c) 2012 International Journal of Computer Science Issues. All Rights Reserved.</outsider>
          <outsider class="DoCO:TextBox" type="header" id="89" page="5" column="1">IJCSI International Journal of Computer Science Issues, Vol. 9, Issue 4, No 3, July 2012 ISSN (Online): 1694-0814 www.IJCSI.org</outsider>
          <outsider class="DoCO:TextBox" type="page_nr" id="90" page="5" column="1">505</outsider>
        </section>
        <section class="DoCO:Section">
          <h2 class="DoCO:SectionTitle" id="91" page="5" column="1">3.2 Semantic-Social Recommendation Algorithm</h2>
          <region class="DoCO:TextChunk" id="99" page="5" column="1">The recommendation algorithm is shown in <xref ref-type="table" rid="T1" id="92" class="deo:Reference">Table 1</xref>, we can define the algorithm input: as a product, and the algorithm output: as a group of customers (see <xref ref-type="table" rid="T1" id="93" class="deo:Reference">table 1</xref>). These customers are supposed to like the input product and to buy it.<marker type="block"/> In this section, we introduce the dataset that we use for this research, and present some interesting characteristics of this dataset. Our dataset is obtained from a real online 1 social network Amazon.com . Our proposed algorithm depends on this dataset to build the semantic social network. For that, we have to build the semantic social network, then to apply the semantic social recommendation algorithm.</region>
          <region class="DoCO:TableBox" id="Tx95">
            <content>
              <table class="DoCO:Table" number="II" page="5">
                <thead class="table">
                  <tr class="table">
                    <th class="table"> 1. Start the search from the semantic social network.</th>
                    <th class="table"></th>
                    <th class="table"> Customers</th>
                    <th class="table"> Computation</th>
                    <th class="table"> Graph</th>
                  </tr>
                </thead>
                <tbody>
                  <tr class="table.strange">
                    <td class="table.strange"> 2. Look for the customers with the highest Degree Centrality.</td>
                    <td class="table.strange"> Items</td>
                    <td class="table.strange"> number</td>
                    <td class="table.strange"> time</td>
                    <td class="table.strange"></td>
                  </tr>
                  <tr class="table.strange">
                    <td class="table.strange"> (a) Compare the semantic profile of the customer</td>
                    <td class="table.strange"></td>
                    <td class="table.strange"></td>
                    <td class="table.strange"></td>
                    <td class="table.strange"></td>
                  </tr>
                  <tr class="table">
                    <td class="table"> with the semantic profile of the product (Similarity)</td>
                    <td class="table"> Item1</td>
                    <td class="table"> 2</td>
                    <td class="table"> 3m32s</td>
                    <td class="table"> 361</td>
                  </tr>
                  <tr class="table">
                    <td class="table"> (b) Compare the similarity degree between customer</td>
                    <td class="table"> Item2</td>
                    <td class="table"> 2</td>
                    <td class="table"> 3m33s</td>
                    <td class="table"> 361</td>
                  </tr>
                  <tr class="table.strange">
                    <td class="table.strange"> and product with a threshold.</td>
                    <td class="table.strange"></td>
                    <td class="table.strange"></td>
                    <td class="table.strange"></td>
                    <td class="table.strange"></td>
                  </tr>
                  <tr class="table">
                    <td class="table"> (c) If the recommendation degree is not enough</td>
                    <td class="table"> Item3</td>
                    <td class="table"> 23</td>
                    <td class="table"> 3m10s</td>
                    <td class="table"> 361</td>
                  </tr>
                  <tr class="table.strange">
                    <td class="table.strange"> i. start the search again from another</td>
                    <td class="table.strange"> Item4</td>
                    <td class="table.strange"> 2</td>
                    <td class="table.strange"> 3m50s</td>
                    <td class="table.strange"> 361</td>
                  </tr>
                  <tr class="table.strange">
                    <td class="table.strange"> customer.</td>
                    <td class="table.strange"></td>
                    <td class="table.strange"></td>
                    <td class="table.strange"></td>
                    <td class="table.strange"></td>
                  </tr>
                  <tr class="table.strange">
                    <td class="table.strange"> Go to (2).</td>
                    <td class="table.strange"> Item5</td>
                    <td class="table.strange"> 15</td>
                    <td class="table.strange"> 3m30s</td>
                    <td class="table.strange"> 361</td>
                  </tr>
                  <tr class="table.strange">
                    <td class="table.strange"> (d) Else if</td>
                    <td class="table.strange"> Item6</td>
                    <td class="table.strange"> 3</td>
                    <td class="table.strange"> 3m40s</td>
                    <td class="table.strange"> 361</td>
                  </tr>
                  <tr class="table.strange">
                    <td class="table.strange"> i. add the customer to the output group.</td>
                    <td class="table.strange"></td>
                    <td class="table.strange"></td>
                    <td class="table.strange"></td>
                    <td class="table.strange"></td>
                  </tr>
                  <tr class="table.strange">
                    <td class="table.strange"> ii. Move to the next customer (This</td>
                    <td class="table.strange"> Item7</td>
                    <td class="table.strange"> 2</td>
                    <td class="table.strange"> 3m14s</td>
                    <td class="table.strange"> 361</td>
                  </tr>
                  <tr class="table.strange">
                    <td class="table.strange"> customers should be connected to the</td>
                    <td class="table.strange"></td>
                    <td class="table.strange"></td>
                    <td class="table.strange"></td>
                    <td class="table.strange"></td>
                  </tr>
                  <tr class="table.strange">
                    <td class="table.strange"> latter customer, with the highest similarity</td>
                    <td class="table.strange"> Item8</td>
                    <td class="table.strange"> 17</td>
                    <td class="table.strange"> 3m38s</td>
                    <td class="table.strange"> 361</td>
                  </tr>
                  <tr class="table.strange">
                    <td class="table.strange"> connection in the semantic social</td>
                    <td class="table.strange"> Item9</td>
                    <td class="table.strange"> 4</td>
                    <td class="table.strange"> 3m42s</td>
                    <td class="table.strange"> 406</td>
                  </tr>
                  <tr class="table.strange">
                    <td class="table.strange"> network)</td>
                    <td class="table.strange"> Item10</td>
                    <td class="table.strange"> 4</td>
                    <td class="table.strange"> 3m21s</td>
                    <td class="table.strange"> 1123</td>
                  </tr>
                  <tr class="table.strange">
                    <td class="table.strange"> iii. Go to (a).</td>
                    <td class="table.strange"></td>
                    <td class="table.strange"></td>
                    <td class="table.strange"></td>
                    <td class="table.strange"></td>
                  </tr>
                  <tr class="table.strange">
                    <td class="table.strange"> 3. End</td>
                    <td class="table.strange"></td>
                    <td class="table.strange"></td>
                    <td class="table.strange"></td>
                    <td class="table.strange"></td>
                  </tr>
                </tbody>
              </table>
            </content>
            <region class="TableInfo" id="97" confidence="possible" page="5" column="1">1. Start the search from the semantic social network. Customers Computation Graph Items 2. Look for the customers with the highest Degree Centrality. number time coverage (a) Compare the semantic profile of the customer Item1 2 3m32s 361 with the semantic profile of the product (Similarity) (b) Compare the similarity degree between customer Item2 2 3m33s 361 and product with a threshold. (c) If the recommendation degree is not enough Item3 23 3m10s 361 i. start the search again from another Item4 2 3m50s 361 customer. Go to (<xref ref-type="bibr" rid="R2" id="96" class="deo:Reference">2</xref>). Item5 15 3m30s 361 (d) Else if Item6 3 3m40s 361 i. add the customer to the output group. ii. Move to the next customer (This Item7 2 3m14s 361 customers should be connected to the Item8 17 3m38s 361 latter customer, with the highest similarity connection in the semantic social Item9 4 3m42s 406 network) Item10 4 3m21s 1123 iii. Go to (a). 3. End</region>
            <caption class="deo:Caption" id="98" page="5" column="1">Table II. 1: steps E XPERIMENT of the recommendation AND RESULTS algorithm</caption>
          </region>
        </section>
        <section class="DoCO:Section">
          <h2 class="DoCO:SectionTitle" id="100" page="5" column="1">3.3 Performances of the semantic social network</h2>
          <region class="DoCO:TextChunk" id="101" page="5" column="1">To provide the recommendation algorithm, we built a semantic social network, from Amazon dataset, by two process: (a) Building the collaboration social network, each node of the social network represents a customer, and the edges represents the similarity between these customers (the similarity can be found, when two customers prefer same products with same ratings), (b) Building the semantic user profile, Amazon dataset has a conceptual presentation of products and users preferred products. A preliminary study on this collaboration social network yields the following results. The customers’ number is 1974, the edges number is 125448, and the network density is 0,0664.</region>
        </section>
        <section class="DoCO:Section">
          <h2 class="DoCO:SectionTitle" id="102" page="5" column="1">3.4 Performances of the recommendation algorithm</h2>
          <region class="DoCO:TextChunk" id="114" page="5" column="1">Give ten recommendation queries concerning a product that should be recommended to the most relevant <marker type="column" number="2"/><marker type="block"/> customers in the semantic social network. The experimental results are listed in <xref ref-type="table" rid="T3" id="106" class="deo:Reference">Table 3</xref> and <xref ref-type="table" rid="T4" id="107" class="deo:Reference">table 4</xref>. From these tables, we present for each query, the number of relevant customers, the computation time and the number of discovered nodes in <xref ref-type="table" rid="T2" id="108" class="deo:Reference">table 2</xref>, the mean absolute error, the precision and the recall in the <xref ref-type="table" rid="T3" id="109" class="deo:Reference">table 3</xref>.<marker type="block"/> As a comparison, we implemented the standard collaborative filtering algorithm described in Section 2. Then we notice that our recommendation algorithm provides a better precision // recall than the collaborative filtering algorithm, the computation time is better in the semantic social recommendation algorithm (if the time of building or uploading the social network is not considered). As a heuristic nature the proposed approach algorithm explores between 70% and 80% explored users.</region>
          <region class="unknown" id="105" page="5" column="1">1 The complete dataset can be found in the link <ext-link ext-link-type="uri" href="http://snap.stanford.edu/data/amazon-meta.html." id="104">http://snap.stanford.edu/data/amazon-meta.html.</ext-link></region>
          <region class="DoCO:TableBox" id="T2">
            <caption class="deo:Caption" id="111" page="5" column="2">Table 2: For each item we apply recommendation query, this tables show the number of recommended customers, the recommendation time and the number of discovered nodes</caption>
            <content>
              <table class="DoCO:Table" number="3" page="5">
                <thead class="table">
                  <tr class="table">
                    <th class="table"> Items</th>
                    <th class="table"> Precision</th>
                    <th class="table"> Recall</th>
                  </tr>
                </thead>
                <tbody>
                  <tr class="table">
                    <td class="table"> Item1</td>
                    <td class="table"> 0,83</td>
                    <td class="table"> 0,91</td>
                  </tr>
                  <tr class="table">
                    <td class="table"> Item2</td>
                    <td class="table"> 0,53</td>
                    <td class="table"> 0,91</td>
                  </tr>
                  <tr class="table">
                    <td class="table"> Item3</td>
                    <td class="table"> 0,74</td>
                    <td class="table"> 0,85</td>
                  </tr>
                  <tr class="table">
                    <td class="table"> Item4</td>
                    <td class="table"> 0,61</td>
                    <td class="table"> 0,74</td>
                  </tr>
                  <tr class="table">
                    <td class="table"> Item5</td>
                    <td class="table"> 0,56</td>
                    <td class="table"> 0,67</td>
                  </tr>
                  <tr class="table">
                    <td class="table"> Item6</td>
                    <td class="table"> 0,55</td>
                    <td class="table"> 0,56</td>
                  </tr>
                  <tr class="table">
                    <td class="table"> Item7</td>
                    <td class="table"> 0,45</td>
                    <td class="table"> 0,45</td>
                  </tr>
                  <tr class="table">
                    <td class="table"> Item8</td>
                    <td class="table"> 0,55</td>
                    <td class="table"> 0,69</td>
                  </tr>
                  <tr class="table">
                    <td class="table"> Item9</td>
                    <td class="table"> 0,76</td>
                    <td class="table"> 0,87</td>
                  </tr>
                  <tr class="table">
                    <td class="table"> Item10</td>
                    <td class="table"> 0,65</td>
                    <td class="table"> 0,69</td>
                  </tr>
                </tbody>
              </table>
            </content>
            <region class="TableInfo" id="112" confidence="possible" page="5" column="2">Items Precision Recall Item1 0,83 0,91 Item2 0,53 0,91 Item3 0,74 0,85 Item4 0,61 0,74 Item5 0,56 0,67 Item6 0,55 0,56 Item7 0,45 0,45 Item8 0,55 0,69 Item9 0,76 0,87 Item10 0,65 0,69</region>
          </region>
          <region class="DoCO:TableBox" id="T3">
            <caption class="deo:Caption" id="113" page="5" column="2">Table 3: For each item we apply recommendation query, this tables show the precision and the recall measures. 1) Comparison Methods</caption>
          </region>
          <region class="DoCO:FigureBox" id="Fx115">
            <image class="DoCO:Figure" src="en.page_005.image_07.png" thmb="en.page_005.image_07-thumb.png"/>
          </region>
          <outsider class="DoCO:TextBox" type="footer" id="116" page="5" column="2">Copyright (c) 2012 International Journal of Computer Science Issues. All Rights Reserved.</outsider>
          <outsider class="DoCO:TextBox" type="header" id="117" page="6" column="1">IJCSI International Journal of Computer Science Issues, Vol. 9, Issue 4, No 3, July 2012 ISSN (Online): 1694-0814 www.IJCSI.org</outsider>
          <outsider class="DoCO:TextBox" type="page_nr" id="118" page="6" column="1">506</outsider>
        </section>
      </section>
      <section class="deo:Conclusion">
        <h1 class="DoCO:SectionTitle" id="119" page="6" column="1">4. Conclusion and future work</h1>
        <region class="DoCO:TextChunk" id="120" page="6" column="1">Semantic social networks provide an important source of information regarding users and their relations enriched by knowledge base usually defined as an ontology. This is especially valuable to recommender systems. In this paper we proposed a semantic social recommendation algorithm which makes recommendations by considering a product recommendation to customers, which are connected via semantic social network, and we employs the social network analysis measures in the recommendation process, to benefit from the social relations between social network users. Our preliminary results by using Amazon dataset show a good computation time, good precision, and recall error values.</region>
      </section>
      <section class="DoCO:Bibliography">
        <h1 class="DoCO:SectionTitle" id="121" page="6" column="1">5. references</h1>
        <ref-list class="DoCO:BiblioGraphicReferenceList">
          <ref rid="R1" class="deo:BibliographicReference" id="122" page="6" column="1">[1] Adam Rae, Börkur Sigurbjörnsson, Roelof van Zwol. Improving tag recommendation using social networks Proceeding RIAO '10 Adaptivity, Personalization and Fusion of Heterogeneous Information. Paris France. 2010.</ref>
          <ref rid="R2" class="deo:BibliographicReference" id="123" page="6" column="1">[2] G. Adomavicius and A. Tuzhilin. Toward the next generation of recommender systems: A survey of the state-of-the-art and possible extensions. Knowledge and Data Engineering, IEEE Transactions on, 17(6):734-749, 2005. [3] C. C. Aggarwal, J. L. Wolf, K. Wu, and P. S. Yu. Horting</ref>
          <ref class="deo:BibliographicReference" id="124" confidence="possible" page="6" column="1">Hatches an Egg: A New Graph-Theoretic Approach to Collaborative Filtering. In KDD '99: Proceedings of the fifth ACM SIGKDD international conference on Knowledge discovery and data mining, pp 201-212, San Diego, California, United States, 1999. ACM. [4] E.-A. Baatarjav, S. Phithakkitnukoon, and R. Dantu. Group</ref>
          <ref class="deo:BibliographicReference" id="125" confidence="possible" page="6" column="1">recommendation system for facebook. Pp 221-219. 2008. [5] Balabanovic, M., and Shoham, Y., 1997. Fab: Content-based,</ref>
          <ref class="deo:BibliographicReference" id="126" confidence="possible" page="6" column="1">collaborative recommendation. Communications of the ACM, 40:66-72, 1997 [6] S. D. Bedrick and D. F. Sittig. A scientific collaboration tool built on the facebook platform. AMIA ... Annual Symposium</ref>
          <ref class="deo:BibliographicReference" id="127" confidence="possible" page="6" column="1">proceedings / AMIA Symposium. (2008):41-45, 2008. [7] Berners-Lee, T., Hendler, J. y Lassila, O. "The Semantic Web: A new form of Web content that is meaningful to computers will unleash a revolution of new possibilities". (2001)</ref>
          <ref class="deo:BibliographicReference" id="128" confidence="possible" page="6" column="1">scientific American, May. [8] Boutilier, C., Zemel, R.S. y Marlin, B. (2003). "Active</ref>
          <ref class="deo:BibliographicReference" id="129" confidence="possible" page="6" column="1">collaborative filtering". Proc. Of the 19th Annual Conference on Uncertainty in Artificial Intelligence, pp. 98-106. [9] A. Byde, H. Wan, and S. Cayzer. personalized tag recommendations via tagging and content-based similarity metrics. Proceedings of the International Conference on Weblogs and Social Media, (March 2007)</ref>
          <ref rid="R3" class="deo:BibliographicReference" id="130" page="6" column="1">[10] P. Cano, O. Celma, M. Koppenberger, and M. J.Buldu. Topology of music recommendation networks. Chaos An Interdisciplinary Journal of Nonlinear Science, 16, 2006. [11] M. Claypool, A. Gokhale, T. Miranda, P. Murnikov, D.</ref>
          <ref class="deo:BibliographicReference" id="131" confidence="possible" page="6" column="1">Netes, and M. Sartin. Combining content-based and collaborative filters in an online newspaper, 1999. [12] Cantador, I. y Castells, P. Multilayered Semantic Social</ref>
          <ref class="deo:BibliographicReference" id="132" confidence="possible" page="6" column="1">Network Modeling by Ontology-Based User Profiles Clustering:</ref>
          <ref class="deo:BibliographicReference" id="134" page="6" column="2">Application to Collaborative Filterin. In Managing Knowledge in a World of Networks, pp. 334-34, 2006 [13] S. Downes. The semantic social network, February 2004, <ext-link ext-link-type="uri" href="http://www.downes.ca/post/46" id="133">http://www.downes.ca/post/46</ext-link> , published in The Learning Organization: An International Journal, Emerald Group</ref>
          <ref class="deo:BibliographicReference" id="135" confidence="possible" page="6" column="2">Publishing Limited, Vol. 12 (2005) 411-417 [14] G. Erétéo, F. L. Gandon, O. Corby, and M. Buffa. Semantic</ref>
          <ref class="deo:BibliographicReference" id="136" confidence="possible" page="6" column="2">social network analysis. CoRR, abs/0904.3701, 2009.</ref>
          <ref rid="R4" class="deo:BibliographicReference" id="137" page="6" column="2">[15] J. Golbeck and M. Rothstein. Linking social networks on the web with foaf: A semantic web case study. In AAAI, pages 1138–1143, 2008.</ref>
          <ref rid="R5" class="deo:BibliographicReference" id="138" page="6" column="2">[16] Henry M.Kim. Ontologies for the semantic web: Can social network analysis be used to develop them? Proceedings of the Conference on Computational Analysis of Social and Organizational Systems (CASOS), Pittsburgh, PA, June 21-3, 2002. [17] J. A. Konstan, B. N. Miller, D. Maltz, J. L. Herlocker, L. R.</ref>
          <ref class="deo:BibliographicReference" id="139" confidence="possible" page="6" column="2">Gordon, and J. Riedl. Grouplens: Applying collaborative filtering to Usenet news. Communications of the ACM, 40(3):77-87, 1997. [18] J. L. Herlocker, J. A. Konstan, A. Borchers, and J. Riedl. An algorithmic framework for performing collaborative filtering. In</ref>
          <ref class="deo:BibliographicReference" id="140" confidence="possible" page="6" column="2">SIGIR '99: Proceedings of the 22nd annual international ACM SIGIR conference on Research and development in information retrieval, pages 230-237, New York, NY, USA, 1999. ACM.</ref>
          <ref rid="R6" class="deo:BibliographicReference" id="141" page="6" column="2">[19] T. Hofmann. Latent Class Models for Collaborative Filtering. In In Proceedings of the Sixteenth International Joint Conference on Artificial Intelligence, pages 688-693, 1999. [20] B. Hoser, A. Hotho, R. Jäschke, C. Schmitz, and Stumme,</ref>
          <ref class="deo:BibliographicReference" id="142" confidence="possible" page="6" column="2">Gerd. Semantic Network Analysis of Ontologies, 3rd European Semantic Web Conference, ESWC 2006, Budva, Montenegro,</ref>
          <ref class="deo:BibliographicReference" id="143" confidence="possible" page="6" column="2">June 11-14, 2006, Proceedings Series: Lecture Notes in</ref>
          <ref class="deo:BibliographicReference" id="144" confidence="possible" page="6" column="2">Computer Science, Vol. 4011 Subseries: Information Systems and Applications. [21] I. Konstas, V. Stathopoulos, and J. M. Jose. On social networks and collaborative recommendation. In SIGIR '09: Proceedings of the 32nd international ACM SIGIR conference on Research and development in information retrieval, pages 195- 202, New York, NY, USA, 2009. ACM. [22] D. Lin. An Information-Theoretic Definition of Similarity.</ref>
          <ref class="deo:BibliographicReference" id="145" confidence="possible" page="6" column="2">In J. W. Shavlik and J. W. Shavlik, editors, ICML, pages 296- 304. Morgan Kaufmann, 1998.</ref>
          <ref rid="R7" class="deo:BibliographicReference" id="146" page="6" column="2">[23] O'Murchu, J.G. Breslin, S. Decker, M. Neumann. Sneachta and the PUII: The semantic social network porta. In Poster at the 3rd International Semantic Web Conference (ISWC 2004),</ref>
          <ref class="deo:BibliographicReference" id="147" confidence="possible" page="6" column="2">Hiroshima, Japan, Nobember 2004. [24] M. Newman. Networks An Introduction. Oxford University Press, 2010.</ref>
          <ref rid="R8" class="deo:BibliographicReference" id="148" page="6" column="2">[25] Jordi Palau , Miquel Montaner , Beatriz López , Josep Lluís De La Rosa. Collaboration analysis in recommender systems using social networks. In Cooperative Information Agents VIII: 8th International Workshop, CIA 2004. Volume 3191 of Lectures</ref>
          <ref class="deo:BibliographicReference" id="149" confidence="possible" page="6" column="2">Notes in Computer Science, pages 137-151, 2004. [26] Pasquale Lops, Marco Gemmis, and Giovanni Semeraro. Content-based Recommender Systems: State of the Art and</ref>
          <ref class="deo:BibliographicReference" id="150" confidence="possible" page="6" column="2">Trends. In Francesco Ricci, Lior Rokach, Bracha Shapira, and Paul B. Kantor, editors, Recommender Systems Handbook, chapter 3, pages 73-105. Springer US, Boston, MA, 2011. [27] Rafter, R., Bradley, K. y Smyth, B. (1999). "Passive</ref>
          <ref class="deo:BibliographicReference" id="151" confidence="possible" page="6" column="2">Profiling and Collaborative Recommendation." Proc. of the 10th.</ref>
          <ref class="deo:BibliographicReference" id="156" page="7" column="1">Irish Conference on Artificial Intelligence and Cognitive Science.</ref>
          <ref rid="R9" class="deo:BibliographicReference" id="157" page="7" column="1">[28] Resnick, P., Iacovou, N., Suchak, M., Bergstrom, P., and Riedl, J., 1994. Grouplens: an open architecture for collaborative filtering of netnews. In CSCW '94: Proceedings of the 1994 ACM conference on Computer supported cooperative work, pages 175-186, New York, NY, USA, 1994.</ref>
          <ref rid="R10" class="deo:BibliographicReference" id="158" page="7" column="1">[29] Sarwar, B., Karypis, G., Konstan, J., and Reidl, J., 2001. Item-based collaborative filtering recommendation algorithms. In Proceedings of the 10th international conference on World Wide Web, WWW '01, pages 285-295, New York, NY, USA, 2001. ACM.</ref>
          <ref rid="R11" class="deo:BibliographicReference" id="159" page="7" column="1">[30] U. Shardanand and P. Maes. Social Information Filtering: Algorithms for Automating \Word of Mouth". In Proceedings of ACM CHI'95 Conference on Human Factors in Computing Systems, volume 1, pages 210-217, 1995. [31] Jun Wang, Arjen P. de Vries, and Marcel J. T. Reinders. Unifying user-based and item-based collaborative filtering approaches by similarity fusion. In Proceedings of the 29th annual international ACM SIGIR conference on Research and development in information retrieval, SIGIR '06, pages 501-508, New York.</ref>
          <ref rid="R12" class="deo:BibliographicReference" id="160" page="7" column="1">[32] Hau, J., Lee, W., Darlington, J.: A Semantic Similarity Measure for Semantic Web Services. In: Web Service Semantics: Towards Dynamic Business Integration (2005)</ref>
        </ref-list>
        <region class="DoCO:FigureBox" id="Fx152">
          <image class="DoCO:Figure" src="en.page_006.image_08.png" thmb="en.page_006.image_08-thumb.png"/>
        </region>
        <outsider class="DoCO:TextBox" type="footer" id="153" page="6" column="2">Copyright (c) 2012 International Journal of Computer Science Issues. All Rights Reserved.</outsider>
        <outsider class="DoCO:TextBox" type="header" id="154" page="7" column="1">IJCSI International Journal of Computer Science Issues, Vol. 9, Issue 4, No 3, July 2012 ISSN (Online): 1694-0814 www.IJCSI.org</outsider>
        <outsider class="DoCO:TextBox" type="page_nr" id="155" page="7" column="1">507</outsider>
        <region class="DoCO:FigureBox" id="Fx161">
          <image class="DoCO:Figure" src="en.page_007.image_09.png" thmb="en.page_007.image_09-thumb.png"/>
        </region>
        <outsider class="DoCO:TextBox" type="footer" id="162" page="7" column="2">Copyright (c) 2012 International Journal of Computer Science Issues. All Rights Reserved.</outsider>
      </section>
    </body>
  </article>
</pdfx>
