<?xml version='1.0' encoding='UTF-8'?>
<pdfx xmlns:xsi="http://www.w3.org/2001/XMLSchema-instance" xsi:noNamespaceSchemaLocation="http://pdfx.cs.man.ac.uk/static/article-schema.xsd">
  <meta>
    <job>44417e5e0faec93ca6135e735bf2ba9c2fe7209fa1add99249d923b91b1046bc</job>
    <base_name>eo</base_name>
    <doi>http://dx.doi.org/10.1007/1-84628-290-x_5</doi>
    <warning>Name identification was not possible. </warning>
  </meta>
  <article>
    <front class="DoCO:FrontMatter">
      <outsider class="DoCO:TextBox" type="header" id="1">IJCSI International Journal of Computer Science Issues, Vol. 10, Issue 1, No 3, January 2013 ISSN (Print): 1694-0784 | ISSN (Online): 1694-0814 www.IJCSI.org</outsider>
      <outsider class="DoCO:TextBox" type="page_nr" id="2">368</outsider>
      <title-group>
        <article-title class="DoCO:Title" id="3">Semantic Description of Web Services</article-title>
      </title-group>
      <region class="unknown" id="4">Thabet Slimani CS Department, Taif University, P.O.Box 888, 21974, KSA</region>
      <abstract class="DoCO:Abstract" id="5">The tasks of semantic web service (discovery, selection, composition, and execution) are supposed to enable seamless interoperation between systems, whereby human intervention is kept at a minimum. In the field of Web service description research, the exploitation of descriptions of services through semantics is a better support for the life-cycle of Web services. The large number of developed ontologies, languages of representations, and integrated frameworks supporting the discovery, composition and invocation of services is a good indicator that research in the field of Semantic Web Services (SWS) has been considerably active. We provide in this paper a detailed classification of the approaches and solutions, indicating their core characteristics and objectives required and provide indicators for the interested reader to follow up further insights and details about these solutions and related software. Keywords: SWS, SWS description, top-down approaches, bottom-up approaches, RESTful services.</abstract>
    </front>
    <body class="DoCO:BodyMatter">
      <section class="deo:Introduction">
        <h1 class="DoCO:SectionTitle" id="6" page="1" column="1">1. Introduction</h1>
      </section>
      <region class="DoCO:TextChunk" id="14" page="1" column="1">SWS research has as an objective to combines the services with the aim to achieve given goals. Based on goal descriptions and descriptions of available services, a complex service yielding the desired result is composed automatically. SWS research represents a new line of research on service descriptions and their exploitation. The annotation of services with a description using a formal ontology to express their precise mathematical meaning represents the basic idea of services description in the context of the Semantic Web. <marker type="block"/> The use of semantics is very useful to enables rich support for handling services. Furthermore, the use of ontologies to annotate services allows a higher degree of automation (describes the services in more formal detail).<marker type="block"/> The main goal of Semantic Web Services approaches is the automation of service discovery and service composition in a SOA [<xref ref-type="bibr" rid="R1" id="9" class="deo:Reference">1</xref>].<marker type="block"/> In the last decade, several approaches have been proposed in the literature and these approaches differ in terms of the formalizations and implementations (Ontology language syntaxes) and in terms of the paradigms proposed for employing these in practice.<marker type="column" number="2"/><marker type="block"/> This paper is dedicated to provide an overview of these approaches, expressing their classification in terms of commonalities and differences. It provides an understanding of the technical foundation on which they are built. These techniques are classified from a range of research areas including Top-down, Bottom-up and Restful Approaches.<marker type="block"/> This paper does also provide some grounding that could help the reader perform a more detailed analysis of the different approaches which relies on the required objectives. We provide a little detailed comparison between some approaches because this would require addressing them from the perspective of some tasks supported with Semantic Web Services descriptions (i.e., discovery, invocation, composition, etc) and would also require taking into account the frameworks and developed applications.<marker type="block"/> The remainder of this paper is organized as follows. Section 2 introduces some principles for Semantic Web Service approaches and present in brief the vast popular of those that have been proposed over the years classified into top-down, bottom-up, and Restful approaches. In Section 3 we provide some information whereupon one could make a more efficient comparison and specified evaluation. This section also provides an organized perspective over the state of the art in Semantic Web Service approaches that can better help understand the evolution of the field. Finally, section 4 provides a conclusion and perspectives for future works.</region>
      <section class="DoCO:Section">
        <h1 class="DoCO:SectionTitle" id="15" page="1" column="2">2. Classification of semantic Description of Web Services</h1>
        <section class="DoCO:Section">
          <h2 class="DoCO:SectionTitle" id="31" page="2" column="2">2.1 Approaches Using WS-* Technologies</h2>
          <region class="DoCO:TextChunk" id="32" confidence="possible" page="2" column="2">2.1.1 Top-Down Approaches</region>
          <section class="DoCO:Section">
            <h3 class="DoCO:SectionTitle" id="33" page="2" column="2">2.1.1 Top-Down Approaches</h3>
            <region class="DoCO:TextChunk" id="39" page="2" column="2">The term Top-Down means that semantic web services are written directly in a formal language and don’t have any dependence to any non-semantic web services. All semantic web services technologies should be able to connect with non-semantic web services (called grounding) <marker type="page" number="3"/><marker type="column" number="1"/><marker type="block"/> in order to enhance any web service system development. The ability to build new SWS with no relation to the classic web services technologies is the needed features that should characterize this approach. Several languages have been presented for Top-Down approaches:</region>
            <outsider class="DoCO:TextBox" type="footer" id="35" page="2" column="2">Copyright (c) 2013 International Journal of Computer Science Issues. All Rights Reserved.</outsider>
            <region class="DoCO:FigureBox" id="Fx36">
              <image class="DoCO:Figure" src="eo.page_002.image_02.png" thmb="eo.page_002.image_02-thumb.png"/>
            </region>
            <outsider class="DoCO:TextBox" type="header" id="37" page="3" column="1">IJCSI International Journal of Computer Science Issues, Vol. 10, Issue 1, No 3, January 2013 ISSN (Print): 1694-0784 | ISSN (Online): 1694-0814 www.IJCSI.org</outsider>
            <outsider class="DoCO:TextBox" type="page_nr" id="38" page="3" column="1">370</outsider>
            <region class="DoCO:TextChunk" id="46" confidence="possible" page="3" column="1"> OWL-S [<xref ref-type="bibr" rid="R4" id="40" class="deo:Reference">4</xref>] it is mainly a North American development effort, based on the OWL ontology language. The OWL Services (OWL-S) ontology defines an OWL ontology composed by a set of essential vocabularies to describe the “semantics” of Web services. This semantics includes the definitions of the capabilities, requirements, internal structure and interactions details with the service.  WSMO [<xref ref-type="bibr" rid="R5" id="41" class="deo:Reference">5</xref>] [<xref ref-type="bibr" rid="R6" id="42" class="deo:Reference">6</xref>] it is a project developed within EU-funded projects (Sekt, DIP, Knowledge Web, ASG and SUPER projects) based on the WSML [<xref ref-type="bibr" rid="R6" id="43" class="deo:Reference">6</xref>] ontology language. WSMO is a framework for Semantic Web Services that represents a top- down model identifying semantics of web service that uses the WSML (Web Service Modeling Language) language for describing domain- specific semantic models. The description of functional capabilities of services using logical expressions as preconditions, assumptions, postconditions and effects are required by WSMO.  SWSL: SWSL is used to specify the semantics of web services concepts and descriptions as well as individual web services. It includes two sublanguages: SWSL-FOL is based on first-order logic (FOL) and is designed primarily to express the formal characterization (ontology) of Web service concepts. SWSL-Rules is based on the logic-programming (or "rules") paradigm and is designed to support the actual language for service specification that use the service ontology in reasoning and execution environments based on that paradigm.  DIANE: DIANE is a framework that allows the automation of the discovery, composition, binding and invocation of services [<xref ref-type="bibr" rid="R7" id="44" class="deo:Reference">7</xref>]. The framework is based on DIANE Service Description (DSD) and a specialized ontology language for describing service elements called DIANE Elements. DIANE elements exploit the notions of attributes, and reuse the clean separation between schema and instances promoted by description logics. Furthermore, special constructs are included in DIANE elements to describe service such as declarative and fuzzy set as well as variables.  SWSO: The Semantic Web Services Ontology (SWSO) is a part of SWSL language [<xref ref-type="bibr" rid="R8" id="45" class="deo:Reference">8</xref>], which</region>
            <region class="DoCO:TextChunk" id="52" confidence="possible" page="3" column="2">includes formal conceptual definitions and individual web services. The definition of semantics of the theoretic model of the ontology of SWSO is based on the description of the ontology services, and the description of a first- order logic (FOL) axiomatization (FLOWS - the First-order Logic Ontology for Web Services). The aim of the created service descriptions enable automated discovery, composition, and verification, as well as the creation of declarative descriptions of a Web service that can be mapped to executable specifications.  COWS: The Core Ontology of Web Services (COWS) is based on the Core Ontology of Software Components [<xref ref-type="bibr" rid="R9" id="47" class="deo:Reference">9</xref>]. To enable extensibility and facilitate reuse, the fundamental concepts of COWS are separated in core ontology. The Core Ontology of Software Components is based on fundamental concepts and associations like software, data, users, policies and so on.  MSM: Minimal Service Model (MSM) introduced together with hRESTS [<xref ref-type="bibr" rid="R10" id="48" class="deo:Reference">10</xref>] is a simple RDF vocabulary covering what can essentially be considered the core of WSDL. It defines basically Services characterized by a number of Operations which have an Input, an Output, and Faults. Furthermore, MSM has subsequently been used as a means to integrate heterogeneous services (i.e., WSDLs and Web APIs). The combination between MSM and WSMO-Lite can provides a common framework covering the largest common denominator of the most used SWS formalisms on the Web. With this combination generic publication and discovery machinery has been developed that supports SAWSDL, WSMO-Lite, hRESTS/MicroWSMO, and OWL-S services [<xref ref-type="bibr" rid="R11" id="49" class="deo:Reference">11</xref>].  ServONT: is an ontology-based hybrid approach designed to improve the effectiveness and the efficiency of service discovery. For this matter, additional semantics is associated to the service ontology ServOnt, which organizes services at different levels of abstraction by means of semantic relationships that can be fruitfully exploited to support service discovery. Starting from the bottom layer, we distinguish between Concrete Services, Abstract Services and Service Categories, organized into Concrete, Abstract and Category layer, respectively [<xref ref-type="bibr" rid="R12" id="50" class="deo:Reference">12</xref>].  SSWAP: Simple Semantic Web Architecture and Protocol (SSWAP) is the driving technology for 1 the iPlant Semantic Web Program . It combines 1 <ext-link ext-link-type="uri" href="http://sswap.info" id="51">http://sswap.info</ext-link></region>
            <outsider class="DoCO:TextBox" type="footer" id="53" page="3" column="2">Copyright (c) 2013 International Journal of Computer Science Issues. All Rights Reserved.</outsider>
            <region class="DoCO:FigureBox" id="Fx54">
              <image class="DoCO:Figure" src="eo.page_003.image_03.png" thmb="eo.page_003.image_03-thumb.png"/>
            </region>
            <outsider class="DoCO:TextBox" type="header" id="55" page="4" column="1">IJCSI International Journal of Computer Science Issues, Vol. 10, Issue 1, No 3, January 2013 ISSN (Print): 1694-0784 | ISSN (Online): 1694-0814 www.IJCSI.org</outsider>
            <outsider class="DoCO:TextBox" type="page_nr" id="56" page="4" column="1">371</outsider>
            <region class="DoCO:TextChunk" id="58" confidence="possible" page="4" column="1">Web service functionality with an extensible semantic framework to satisfy the conditions for high throughput integration [<xref ref-type="bibr" rid="R13" id="57" class="deo:Reference">13</xref>]. SSWAP utilizes OWL ontologies to describe the features and capabilities of Web services and standard HTTP methods to invoke the services. The architecture of SSWAP is based on five basic concepts Provider, Resource, Graph, Subject, and Object. The Provider organization is the owner and the publisher of resources. The web pages, ontologies and databases, represent the resources which are used to describe services offered on the Web.</region>
            <region class="DoCO:FigureBox" id="Fx59">
              <image class="DoCO:Figure" src="eo.page_004.image_04.png" thmb="eo.page_004.image_04-thumb.png"/>
            </region>
            <region class="DoCO:TextChunk" id="61" page="4" column="1">Fig.2 Top-Down WS-* Approaches Txonomy. In order to illustrate a scenario of an application that adopts a top-down approach, we will briefly describe an application scenario based on [<xref ref-type="bibr" rid="R14" id="60" class="deo:Reference">14</xref>]. Let us imagine a "Virtual Traveling Agency" (VTA for short) which is a platform providing eTourism services. These services can cover information services concerned with tourism such as events and sights in different areas and services that support booking of flights, hotels, rental cars, etc. By applying Semantic Web Services, a VTA can invoke Web services provided by several eTourism suppliers and aggregate them into new customer services in a semi- automatic fashion.</region>
            <region class="DoCO:TextChunk" id="62" confidence="possible" page="4" column="2">2.1.2 Bottom-Up Approaches</region>
            <region class="DoCO:TextChunk" id="63" page="4" column="2">The aim of annotating Web Services is to add clarity in the Web Service definitions and also to allow the Web Service to be read by machines. This machine-readability increases the power of the SWS by adding the understanding of what the web Service is doing and the ability to interpret the messages that are interchanged. Semantic annotations of web service are used to automate service discovery, composition, mediation, and monitoring. We can state several approaches actually finished:</region>
            <region class="DoCO:TextChunk" id="66" confidence="possible" page="4" column="2"> WSDL-S [<xref ref-type="bibr" rid="R15" id="64" class="deo:Reference">15</xref>]: WSDL-S specification is a W3C member submission that defines annotations to WSDL documents. The approach of semantic annotation consists in directly annotating the WSDL with semantic information. Semantic annotations that reference concepts in an ontology define the meaning of the inputs, outputs, preconditions and effects of the operations described in a service interface.  SAWSDL 1 [<xref ref-type="bibr" rid="R16" id="65" class="deo:Reference">16</xref>]: SAWSDL is s a W3C proposed recommendation where the semantic annotations use an extended attributes called modelReference so that relationships between WSDL components and concepts in another semantic model (e.g. ontology) are handled. Hence, the separation of semantic annotation mechanism from the representation of the semantic descriptions makes SAWSDL an approach independent of the semantic representation language. As a result, developer's community has more flexibility to select their favorite semantic representation language, to reuse semantic domain models and annotate descriptions using multiple ontologies.</region>
            <region class="DoCO:TextChunk" id="67" page="4" column="2">The described approaches present a main advantage of preparing annotation directly in the WSDL XML Schema. Other advantage is that these specifications are independent to ontology language. Both languages have the necessary development tools and are operational to model and run SWS.</region>
            <region class="DoCO:TextChunk" id="70" confidence="possible" page="4" column="2"> METEOR-S: METEOR-S is an effort to create Semantic Web processes, at the LSDIS lab, University of Georgia. METEOR-S is a framework for semi-automatically marking up web service descriptions with ontologies. It contains an algorithms development to match and annotate WSDL files with relevant ontologies. It provides a mechanism to add data, functional and QoS semantics to WSDL files [<xref ref-type="bibr" rid="R17" id="68" class="deo:Reference">17</xref>]. 1 <ext-link ext-link-type="uri" href="http://www.w3.org/TR/sawsdl/" id="69">http://www.w3.org/TR/sawsdl/</ext-link></region>
            <outsider class="DoCO:TextBox" type="footer" id="71" page="4" column="2">Copyright (c) 2013 International Journal of Computer Science Issues. All Rights Reserved.</outsider>
            <region class="DoCO:FigureBox" id="Fx72">
              <image class="DoCO:Figure" src="eo.page_004.image_05.png" thmb="eo.page_004.image_05-thumb.png"/>
            </region>
            <outsider class="DoCO:TextBox" type="header" id="73" page="5" column="1">IJCSI International Journal of Computer Science Issues, Vol. 10, Issue 1, No 3, January 2013 ISSN (Print): 1694-0784 | ISSN (Online): 1694-0814 www.IJCSI.org</outsider>
            <outsider class="DoCO:TextBox" type="page_nr" id="74" page="5" column="1">372</outsider>
            <region class="DoCO:TextChunk" id="80" confidence="possible" page="5" column="1"> MWSAF (METEOR-S Web Service Annotation Framework) is a semantic web based graphical tool that enables you to annotate existing Web service descriptions with ontologies. It facilitates the parsing of WSDL files and ontologies. This enables the user to annotate Web service descriptions semi-automatically. MWSAF was formerly known as SAWS (Semantic Annotation of Web Services). MWSAF offers various features for programmers looking to create Semantic Web services. It provides: a) a fast and easy method for annotating WSDL files with single or multiple ontologies, b) an intuitive graphical environment for viewing WSDL files as well as ontologies, c) support for RDF-S , DAML+OIL and OWL based ontologies and d) a good solution for selecting the correct domain ontology for annotation from several ontologies.  USDL: Universal Service-Semantic Description Language “is a language for formally describing the semantics of Web services” [<xref ref-type="bibr" rid="R18" id="75" class="deo:Reference">18</xref>]. The USDL common basis that understands the meaning of services is based on OWL and the use of WordNet. The first attempt of USDL is to capture the semantics of web-services in a universal, yet decidable manner [<xref ref-type="bibr" rid="R18" id="76" class="deo:Reference">18</xref>]. USDL is designed based on two languages: WSDL and OWL and defines a generic class called Concept, which is used to define the semantics of messages parts. The USDL Concept class denotes the conceptual objects constructed from the OWL WordNet ontology.  ServFace: The ServFace project [<xref ref-type="bibr" rid="R19" id="77" class="deo:Reference">19</xref>] aims at creating a model-driven service engineering methodology for an integrated development 1 process for service-based applications . The aims of this approach is to add UI-related annotations to service descriptions, notably WSDLs, in order to better support the development of user interface and to build interactive service-based applications. This project includes the creation of new algorithms for the composition of annotated services to build interactive service based applications based on the user interface annotations.  GPO/PSAM: The General Process Ontology (GPO) and the Process Semantic Annotation Model (PSAM) [<xref ref-type="bibr" rid="R20" id="78" class="deo:Reference">20</xref>] define business process annotations. The GPO/PSAM approach has been developed into a complete and systematic 1 <ext-link ext-link-type="uri" href="http://www.servface.eu/" id="79">http://www.servface.eu/</ext-link></region>
            <region class="DoCO:TextChunk" id="85" confidence="possible" page="5" column="2">semantic annotation framework and defines four perspectives: basic description of process models (profile annotation), process modeling languages (meta-model annotation), process models (model annotation) and the purpose of the process models (goal annotation). Profile annotations are basic process description and include the following groups: administrative (e.g., creator, publisher), descriptive (e.g., title, category), technical (modeling language), preservation (documentation) and use (e.g., used in). Meta- model annotations include typical business process constructs such as: Activity, Actorrole, Input, Output, Merge, Join, and others. Model annotations use process modeling ontology as metadata to annotate the semantics of constructs in a modeling language. Goal annotations are used to specify aims of business process activities with distinction on local and global goals.  QuASAR 2 / ISPIDER: The goal of Quality Assurance of Semantic Annotations for Services (QuASAR) [<xref ref-type="bibr" rid="R21" id="81" class="deo:Reference">21</xref>] is to support the full life-cycle of Web service annotations and to ensure trustworthiness and accuracy of annotations. QuASAR / ISPIDER approach explores the potential uses of an additional source of information about semantic annotations: namely, repositories of trusted data-driven workflows. A workflow is a network of service operations, connected together by data links describing how the outputs of the operations are to be fed into the inputs of others. If a workflow is known to generate sensible results, then it must be the case that the operation parameters that are connected within the workflow are compatible with one another (to some degree). Semantic annotations have been proposed as a means of providing richer information about the behavior of Web services to potential users [<xref ref-type="bibr" rid="R21" id="82" class="deo:Reference">21</xref>]. Three proposed 3 ontologies of terms used in of service annotation : Domain ontology, Representation ontology and Extend ontology. Domain ontology represents service annotations from similar a domain (e.g., biomedical services and others) that describes common concepts relevant within a given domain. The description of the representation format of service parameters is obtained by the Representation ontology. Extend ontology describes scopes of values of service parameters. 2 <ext-link ext-link-type="uri" href="http://img.cs.manchester.ac.uk/quasar/" id="83">http://img.cs.manchester.ac.uk/quasar/</ext-link> 3 <ext-link ext-link-type="uri" href="http://img.cs.manchester.ac.uk/quasar/" id="84">http://img.cs.manchester.ac.uk/quasar/</ext-link></region>
            <outsider class="DoCO:TextBox" type="footer" id="86" page="5" column="2">Copyright (c) 2013 International Journal of Computer Science Issues. All Rights Reserved.</outsider>
            <region class="DoCO:FigureBox" id="Fx87">
              <image class="DoCO:Figure" src="eo.page_005.image_06.png" thmb="eo.page_005.image_06-thumb.png"/>
            </region>
            <outsider class="DoCO:TextBox" type="header" id="88" page="6" column="1">IJCSI International Journal of Computer Science Issues, Vol. 10, Issue 1, No 3, January 2013 ISSN (Print): 1694-0784 | ISSN (Online): 1694-0814 www.IJCSI.org</outsider>
            <outsider class="DoCO:TextBox" type="page_nr" id="89" page="6" column="1">373</outsider>
            <region class="DoCO:TextChunk" id="92" confidence="possible" page="6" column="1">Information about scopes of values helps to detect incompatibilities between well formed services.  BPEL4SWS : BPEL4SWS [<xref ref-type="bibr" rid="R22" id="90" class="deo:Reference">22</xref>] is a language for Semantic Web Service orchestration based on Business Process Execution Language (BPEL). BPEL is an orchestration language that defines business processes interacting with external entities through web service operations using WSDL. BPEL4SWS extends BPEL and enables the definition of process logic independently from WSDL specific details. It is useful for orchestration of both Web services and Semantic Web Services. Semantic annotations can be attached to any part of BPEL4SWS descriptions. It allows the functionality descriptions or requirements of activities of a process semantically using SWS frameworks such as WSMO or OWL-S instead of using WSDL. BPEL4SWS also makes use of the SAWSDL standard for handling data lifting and lowering and enables bridging the gap between XML data and ontologies and enables semantic service discovery using appropriate middleware such as SEE during runtime.  YASA4WSDL: Yet Another Semantic Annotation (YASA) for WSDL [<xref ref-type="bibr" rid="R23" id="91" class="deo:Reference">23</xref>] proposes an extension of SAWSDL. YASA4WSDL includes two types of ontologies: The first one is a Technical Ontology containing concepts for ontologies describing service concepts (interface, input, output) and ontologies describing non functional concepts of services (ex. QOS attributes). The second type is a Domain Ontology that covers a business domain. YASA claims that introducing serviceConcept attribute makes SAWSDL descriptions more expressive and allows to explicitly capturing information on service pre-, post-conditions and effects. The separation of semantic annotation mechanism from the representation of the semantic descriptions makes SAWSDL an approach independent of the used semantic representation language.  WSMO-Lite: Has been created due to a need for lightweight service ontology which would directly build on the newest W3C standards and allow bottom-up modeling of services. WSMO-Lite adopts the WSMO model and makes its semantics lighter and allows the use of any ontology</region>
            <region class="DoCO:TextChunk" id="93" confidence="possible" page="6" column="2">language with RDF syntax. WSMO-Lite only defines semantics for the information model, functional and nonfunctional descriptions (as WSMO Service does) and only implicit behavior semantics.</region>
            <region class="DoCO:FigureBox" id="F3">
              <image class="DoCO:Figure" src="eo.page_006.image_07.png" thmb="eo.page_006.image_07-thumb.png"/>
              <caption class="deo:Caption" id="95" page="6" column="2">Fig. 3 WS-* Bottom-up Approaches Taxonomy.</caption>
            </region>
            <region class="DoCO:TextChunk" id="97" confidence="possible" page="6" column="2"> LIDS: Linked Data Services (LIDS) [<xref ref-type="bibr" rid="R24" id="96" class="deo:Reference">24</xref>] denote the integration of data providing services and linked data and represents a lightweight service description model where service inputs and outputs are specified using SPARQL graph patterns. It focuses on the integration of existing data services exposed with Linked Data principles through Web APIs. Furthermore, the Web standards such as HTTP, RDF and SPARQL represent the base of LIDS. In addition to its accessibility over HTTP protocol, LIDS consume and produce RDF triples. LIDS can be directly used by Linked Data consumers and any requirement for data lifting.</region>
            <outsider class="DoCO:TextBox" type="footer" id="98" page="6" column="2">Copyright (c) 2013 International Journal of Computer Science Issues. All Rights Reserved.</outsider>
            <region class="DoCO:FigureBox" id="Fx99">
              <image class="DoCO:Figure" src="eo.page_006.image_08.png" thmb="eo.page_006.image_08-thumb.png"/>
            </region>
            <outsider class="DoCO:TextBox" type="header" id="100" page="7" column="1">IJCSI International Journal of Computer Science Issues, Vol. 10, Issue 1, No 3, January 2013 ISSN (Print): 1694-0784 | ISSN (Online): 1694-0814 www.IJCSI.org</outsider>
            <outsider class="DoCO:TextBox" type="page_nr" id="101" page="7" column="1">374</outsider>
          </section>
        </section>
        <section class="DoCO:Section">
          <h2 class="DoCO:SectionTitle" id="102" page="7" column="1">2.2 Approaches Using REST Technologies</h2>
          <region class="DoCO:TextChunk" id="103" confidence="possible" page="7" column="1">2.2.1 Top-Down Approaches</region>
          <section class="DoCO:Section">
            <h3 class="DoCO:SectionTitle" id="104" page="7" column="1">2.2.1 Top-Down Approaches</h3>
            <region class="DoCO:TextChunk" id="105" page="7" column="1">RESTful services are currently facing similar limitations to those identified for traditional Web service technologies and present even further difficulties, such as the lack of machine-processable service descriptions. Traditional Web service technologies have a somewhat longer history of research on semantic descriptions and annotation approaches; research in the area of semantic RESTful services is newer and therefore relatively limited. In order to address these challenges and to enable the wider adoption of RESTful service technologie, the following approaches have been developed.</region>
            <region class="unknown" id="106" page="7" column="1">REST Approaches TopDown Bottom-Up SEREDASj ROSM ReLL SA-REST MicroWSMO/hRESTS</region>
            <region class="DoCO:FigureBox" id="F4">
              <caption class="deo:Caption" id="107" page="7" column="1">Fig. 4 RESTful Approaches Taxonomy.</caption>
            </region>
            <region class="DoCO:TextChunk" id="108" confidence="possible" page="7" column="1"> ROSM: The Resource-Oriented Service Model 1 (ROSM) ontology is a lightweight approach to the structural description of resource-oriented (RESTful) services. The use of ROSM enables the annotation of resources included in a service. Furthermore, a resource can be described as a part of collections and accompanied with addresses (URIs) intended for access and manipulation. A resource can be organized in collections, allowing the capture of an arbitrary number of resources and attaching service semantics to them following the SAWSDL approach.  SEREDASj: stands for SEmantic REstful DAta Services, while the "j" should high-light that the approach is based on JSON (this leaves the door 1 F. F. and N. B. D3.4.6 MicroWSMO v2 – Defining the second version of MicroWSMO as a systematic approach for rich tagging. Soa4all project deliverable.</region>
            <region class="DoCO:TextChunk" id="111" confidence="possible" page="7" column="2">open for other data formats). SEREDASj semantically describe RESTful Data Services which in consequence leads to a mechanism to transform the data provided by such services to semantic resources. This aims to contribute to the availability of more semantic datasets [<xref ref-type="bibr" rid="R25" id="109" class="deo:Reference">25</xref>].  Rell: ReLL [<xref ref-type="bibr" rid="R26" id="110" class="deo:Reference">26</xref>], the Resource Linking Language, does exactly the opposite. ReLL is a language to describe RESTful services with the aim to transform their exposed data to RDF and thus allowing harvesting already existing Web resources. Currently ReLL does not support any modification of the described re-sources, i.e., at the moment it supports only HTTP GET operations. This clearly restricts the possible use cases of ReLL at this point in time.</region>
            <region class="DoCO:TextChunk" id="112" confidence="possible" page="7" column="2">2.2.2 Bottom-Up Approaches</region>
          </section>
          <section class="DoCO:Section">
            <h3 class="DoCO:SectionTitle" id="113" page="7" column="2">2.2.2 Bottom-Up Approaches</h3>
            <region class="DoCO:TextChunk" id="118" confidence="possible" page="7" column="2">We consider the following bottom-up approaches:  MicroWSMO/hRESTS:MicroWSMO [<xref ref-type="bibr" rid="R10" id="114" class="deo:Reference">10</xref>] is a formalism for the semantic description of RESTful services, which is based on adapting the SAWSDL approach that adds sematic annotations. MicroWSMO uses microformats for adding semantic annotation ro service properties on top of HTML service documentation, by relying on hRESTS (HTML for RESTful Services) (Kopecky et al. 2008) that introduces the service model structure (service, operations, input, output) that allows the descriptions machine-processable. hRESTS enables the annotation of service operations, inputs and outputs, HTTP methods and labels, by inserting HTML tags within the HTML. MicroWSMO enables the identification of RESTful services and brings them to a level where they can be more easily discovered, composed and invoked.  SA-REST: Semantic Annotations for REST (SA- REST) [<xref ref-type="bibr" rid="R27" id="115" class="deo:Reference">27</xref>] is an open, standards-based approach which adds semantic annotations to RESTful services and Web APIs [<xref ref-type="bibr" rid="R15" id="116" class="deo:Reference">15</xref>]. SA-REST defines three basic properties that can be used to non- intrusively annotate HTML/XHTML documents, 2 typically to embed ontological meta-data : The 2 <ext-link ext-link-type="uri" href="http://www.w3.org/Submission/2010/SUBM-SA-REST-" id="117">http://www.w3.org/Submission/2010/SUBM-SA-REST-</ext-link> 20100405/</region>
            <outsider class="DoCO:TextBox" type="footer" id="119" page="7" column="2">Copyright (c) 2013 International Journal of Computer Science Issues. All Rights Reserved.</outsider>
            <region class="DoCO:FigureBox" id="Fx120">
              <image class="DoCO:Figure" src="eo.page_007.image_09.png" thmb="eo.page_007.image_09-thumb.png"/>
            </region>
            <outsider class="DoCO:TextBox" type="header" id="121" page="8" column="1">IJCSI International Journal of Computer Science Issues, Vol. 10, Issue 1, No 3, January 2013 ISSN (Print): 1694-0784 | ISSN (Online): 1694-0814 www.IJCSI.org</outsider>
            <outsider class="DoCO:TextBox" type="page_nr" id="122" page="8" column="1">375</outsider>
            <region class="DoCO:TextChunk" id="123" confidence="possible" page="8" column="1">domain-rel property that provide domain information descriptions for a resource. The main objective of this annotation is to provide coarse grained categorizations of the HTML elements. The sem-rel property, which refers to the popular rel tag, and used to capture the semantics of a link within an HTML document. This kind of annotation is supposed to be used only within an anchor element (&lt;a&gt;). Finally, the sem-class property can be used to single entity annotation within a resource.</region>
          </section>
        </section>
      </section>
      <region class="DoCO:TextChunk" id="24" page="1" column="2">The existence of interoperable set of technologies for communication is required for Internet-scale distributed computing. There are currently two major alternative directions in these technologies, named “WS-*” and “REST”. The WS-* set of specifications uses the messaging paradigm and specialized service interfaces, with standardized infrastructure protocols (e.g. for security, transactions etc.). The REST direction relies on the architectural style of the World Wide Web and it views Web services as sets of resources accessible through the uniform interface of HTTP. WS-* technologies are mostly <marker type="page" number="2"/><marker type="column" number="1"/><marker type="block"/> deployed within enterprises (and behind firewalls), while the public Web is an increasingly large repository of RESTful services.<marker type="block"/> Web services in the semantic web are enhanced using rich description languages based on Description Logics (DLs) such as the Web Ontology Language (OWL). However, web services that have been enhanced with formal semantic descriptions is the definition of semantic web services. We distinguish two tested and validated approaches for WS-* technologies in addition to the approach based on REST technologies: Top-Down and Bottom-Up approaches for semantic web services. Top- down approaches are related to the development of semantic web services and are based on the definition of high‐level ontologies providing expressive frameworks for describing Web services. On the other hand, bottom-up models, have been adopted an incremental approach that includes semantics to existing Web services standards by adding specific extensions which connects the syntactic definitions to their semantic annotations. Furthermore, the bottom-up approach represents an extension of existing standards and technologies including semantic annotations rather than the entirely services modeling based on ontologies.<marker type="block"/> If the technical or engineering point of view of a system or an organization seems to be clear and well proved through the history of technology dissemination, then the “top down” strategy is adopted: when all parameters are defined in detailed manner, before implementation, then systems operation works out best. This is the conceptual model for any top down strategy and as application it may be applied to e-government interoperability. As example of e- government application, a powerful administrative organization can be located at the top of hierarchy (e.g. a national government or its agency) and advises the interoperability methods and resources to be applied by all the actors on lower levels, supplements may be made on lower levels respectively.<marker type="block"/> The bottom up strategy is adopted if everyone concerned bring in his/ her requirements and specifications, and we will find a solution for achieving interoperability within the network which is acceptable for all involved, based on these requirements. For example, if local administrative organizations publish their services interfaces and use his/her individual ontologies, then some joint or mutual service should resolve some technical, syntactic and semantic differences as much as possible. As example of e-government application, administrative organizations can be located at the bottom of the hierarchy which recommend and share interoperability methods and resources from their point of view; and furthermore, the</region>
      <outsider class="DoCO:TextBox" type="footer" id="17" page="1" column="2">Copyright (c) 2013 International Journal of Computer Science Issues. All Rights Reserved.</outsider>
      <region class="DoCO:FigureBox" id="Fx18">
        <image class="DoCO:Figure" src="eo.page_001.image_01.png" thmb="eo.page_001.image_01-thumb.png"/>
      </region>
      <outsider class="DoCO:TextBox" type="header" id="19" page="2" column="1">IJCSI International Journal of Computer Science Issues, Vol. 10, Issue 1, No 3, January 2013 ISSN (Print): 1694-0784 | ISSN (Online): 1694-0814 www.IJCSI.org</outsider>
      <outsider class="DoCO:TextBox" type="page_nr" id="20" page="2" column="1">369</outsider>
      <region class="DoCO:TextChunk" id="25" confidence="possible" page="2" column="2">centralized direction is only accepted when there is agreement on all lower levels.</region>
      <region class="DoCO:TextChunk" id="28" page="2" column="2">As a Web service domain, we consider both commercial and governmental Web services. A case study based on analysis of 493 commercial and 96 governmental Web service operations has been conducted in the work of Kungas and Matskin., 2006 [<xref ref-type="bibr" rid="R2" id="26" class="deo:Reference">2</xref>] and the result of the analysis of the interaction between commercial and governmental Web services turned out that while ontologies enhance the usage of the commercial Web services, they have no significant impact on the governmental Web services. However, ontologies facilitate automation of semantic integration of commercial Web services with governmental ones. Based on this analysis, we say that TOP-Down approaches are useful when we faced with commercial Web services use. Additionally, this idea is confirmed by the work presented in [<xref ref-type="bibr" rid="R3" id="27" class="deo:Reference">3</xref>] which says that the existence of a web services description in a machine-understandable fashion is expected to have a great impact in areas of e-Commerce and Enterprise Application Integration (EAI). In the remainder of this section, several languages have been presented and classified.</region>
      <region class="unknown" id="30" page="2" column="2">WS description Approaches Semantic approaches Other Approaches WS-* Approaches REST Approaches TopDown Bottom-Up TopDown Bottom-Up <xref ref-type="fig" rid="F1" id="29" class="deo:Reference">Fig. 1</xref> WS description approaches taxonomy.</region>
      <section class="DoCO:Section">
        <h1 class="DoCO:SectionTitle" id="124" page="8" column="1">3. Comparison of SWS Approaches Functionalities</h1>
        <region class="DoCO:TextChunk" id="132" page="8" column="1">In the previous section we have briefly introduced the different approaches proposed in the literature, providing a basic description and pointers for the interested reader. In this section, we provide a comparison between these models in terms of their goal of development, their representation language, their conceptual influences and the year they were proposed in. This comparison is located in the Tab 1. <marker type="block"/> The lack of freely offered services and the acquisition of service descriptions, or the complexity of this task is the major limitation of the efforts described before. Some recent efforts aim to resolve this problem by reducing the complexity of the models and the acquisition task, by using simple RDF(S) vocabularies and Linked Data. These recent approaches present some promising results that could certainly be beneficial for the SWS paradigm.<marker type="block"/> OWL-S and WSMO is fully edged semantic framework, but WSDL and SAWSDL lack the support for semantic description. The most mature and commonly used in service discovery and composition approaches is OWL-S. But OWL-S presents some drawbacks as stated in [<xref ref-type="bibr" rid="R28" id="127" class="deo:Reference">28</xref>]: The process model of OWL-S is neither an orchestration model nor a choreography model. Moreover, OWL-S views Web service description does not consider asynchronous communication, and take into account only synchronous communication. The process model of WSMO offers both an orchestration and choreography view, but the orchestration view is rather primitive and the WSMO Choreography model contains transition rules which represent only local constraints. Furthermore, WSMO hasn't been around as long as OWL-S.<marker type="block"/> None of the approaches described in the <xref ref-type="table" rid="T1" id="129" class="deo:Reference">Table 1</xref> provide a complete solution according to the dimensions illustrated, but interestingly WSMO shows complementary strengths because it allows several goals (Discovery, Composition,<marker type="column" number="2"/><marker type="block"/> Invocation, Orchestration and Mediation) and partially SWSO which not allows only the Mediation process.<marker type="block"/> Additionally the characteristic of UPML, OWL-S, DIANE, GPO and SWSO is very interesting being given that they allows functional, non-functional, informational and behavioral descriptions.</region>
      </section>
      <section class="deo:Conclusion">
        <h1 class="DoCO:SectionTitle" id="133" page="8" column="2">4. Conclusions</h1>
        <region class="DoCO:TextChunk" id="134" page="8" column="2">Research on SWS has produced several conceptual models, languages, architectures and algorithms that express the potential of these technologies for the Web and organizations. In this paper we have provided an initial description of these works according a number of dimensions. This paper is a first step that presents a breadth of the field, principally in terms of the tasks that could be supported by means of SWS descriptions, allowing a good classification and a comparison in the field. The use of SWS on the Web is unusual and it looks like that the intelligent techniques of the Web that act to the users profit remains as indicated by the reputation of publicly available Web APIS and RESTful services. It is required to use the domain ontologies, the services taxonomies and in some cases to include complicated logical expressions, in order to create a rich semantic description of a Web service.</region>
      </section>
      <section class="DoCO:Bibliography">
        <h1 class="DoCO:SectionTitle" id="135" page="8" column="2">References</h1>
        <ref-list class="DoCO:BiblioGraphicReferenceList">
          <ref rid="R1" class="deo:BibliographicReference" id="136" page="8" column="2">[1] S.McIlraith, T. Son, H. Zeng. Semantic web services. Intelligent Systems, 2001, 16(2), pp. 46–53.</ref>
          <ref rid="R2" class="deo:BibliographicReference" id="137" page="8" column="2">[2] P. Kungas; M. Matskin. Web Services roadmap: the Semantic Web perspective, Proceedings of the International Conference on Internet and Web Applications and Services, 2006.</ref>
          <ref rid="R3" class="deo:BibliographicReference" id="138" page="8" column="2">[3] R. Dumitru, K. Uwe, L. Holger, d.B. Jos, L. Rubén, S. Michael, P. Axel, F.ier . Cristina, B. Christoph, and F. Dieter: Web Service Modeling Ontology. Applied Ontology, 1(1):77- 106, 2005, IOS Press.</ref>
          <ref rid="R4" class="deo:BibliographicReference" id="139" page="8" column="2">[4] D.Martin , M.Burstein, G. Denker, J. Hobbs, L. Kagal, O. Lassila, D. McDermott , S. McIlraith, M. Paolucci, B. Parsia, T. Payne; M. Sabou, E. Sirin, M. Solanki, N. Srinivasan, and K. Sycara,. DAML-S (and OWLS) 0.9 draft release, 2003.</ref>
          <ref rid="R5" class="deo:BibliographicReference" id="140" page="8" column="2">[5] D. Fensel, M. Kifer, de Bruijn J. and Domingue J. Web service modeling ontology (wsmo) submission, w3c member submission, 2005.</ref>
          <ref rid="R6" class="deo:BibliographicReference" id="141" page="8" column="2">[6] J. De Bruijn, C. Bussler, , J. Domingue, D. Fensel, M. Hepp, U. Keller, M. Kifer, B.K onig-Ries, J. Kopecky, R. en Lara , H. Lausen, E. Oren, A. Polleres, D. Roman, J. Scicluna, and M. Stollberg. Web service modeling ontology (WSMO). W3C Member Submission, June 2005.</ref>
          <ref rid="R7" class="deo:BibliographicReference" id="146" page="9" column="1">[13] D. Gessler , G. Schiltz, G. May, S. Avraham, C. Avraham, D. Grant and R. Grant. SSWAP: A Simple Semantic Web Architecture and Protocol for semantic web services. BMC Bioinformatics, 10(1):309, 2009.</ref>
          <ref rid="R8" class="deo:BibliographicReference" id="147" page="9" column="1">[14] M. Stollberg, H. Lausen, A. Polleres and R. Polleres. WSMO Use Case Modeling and Testing. WSMO Deliverable D3.2, WSMO Working Draft, 2004, latest version available at</ref>
          <ref class="deo:BibliographicReference" id="149" confidence="possible" page="9" column="1"> <ext-link ext-link-type="uri" href="http://www.wsmo.org/TR/d3/d3.2/." id="148">http://www.wsmo.org/TR/d3/d3.2/.</ext-link></ref>
          <ref rid="R9" class="deo:BibliographicReference" id="151" page="9" column="1">[15] R. Akkiraju, J. Farrell, J. Miller, M. Nagarajan, M.-T Schmidt, A. Sheth and K. Sheth. Web Service Semantics WSDL-S. <ext-link ext-link-type="uri" href="http://www.w3.org/" id="150">http://www.w3.org/</ext-link> Submission/WSDL-S/, W3C Member Submission, 2005.</ref>
          <ref rid="R10" class="deo:BibliographicReference" id="152" page="9" column="1">[16] J. Farrell and H. Farrell. Semantic Annotations for WSDL and XML Schema (SAWSDL). Recommendation, W3C, 2007.</ref>
          <ref rid="R11" class="deo:BibliographicReference" id="153" page="9" column="1">[17] A.A. Farrell, S.A. Oundhakar, A.P. Sheth, and K. Sheth. Meteor-s web service annotation framework," in WWW '04: Proceedings of the 13th international conference on World Wide Web. New York, NY, USA: ACM Press, 2004, pp. 553-562.</ref>
          <ref class="deo:BibliographicReference" id="155" confidence="possible" page="9" column="1">Available at <ext-link ext-link-type="uri" href="http://dx.doi.org/10.1145/" id="154">http://dx.doi.org/10.1145/</ext-link> 988672.988747.</ref>
          <ref rid="R12" class="deo:BibliographicReference" id="156" page="9" column="1">[18] A. Sheth, S. Kona, L. Simon and T.D. Simon. A universal service-semantics description language. In Proceedings of the Third European Conference on Web Services, ECOWS ’05, pages 214–, 2005, Washington, DC, USA, IEEE Computer</ref>
          <ref class="deo:BibliographicReference" id="157" confidence="possible" page="9" column="1">Society.</ref>
          <ref rid="R13" class="deo:BibliographicReference" id="158" page="9" column="1">[19] Tobias, N., F. Maruis, H. Gerald, P. André, and J. Uwe . The ServFace Builder - A WYSIWYG Approach for Building Service-Based Applications. In: ICWE, Vol. 6189, Springer, p. 498-501, 2010.</ref>
          <ref rid="R14" class="deo:BibliographicReference" id="159" page="9" column="1">[20] Y. Lin, D. Strasunskas, S. Hakkarainen, J. Krogstie and A. Sølvberg. Semantic annotation framework to manage semantic heterogeneity of process models. In E. Dubois and K. Pohl, editors, CAiSE, volume 4001 of Lecture Notes in Computer Science, pages 433–446, 2006.</ref>
          <ref rid="R15" class="deo:BibliographicReference" id="161" page="9" column="1">[21] K. Belhajjame, S.M. Embury, N.W S.M., R. Stevens, and C.A, Stevens. Automatic annotation of Web services based on workflow definitions. ACM Trans. Web 2, 2, Article 11 (May 2008), 34 pages. DOI=10.1145/1346237.1346239 <ext-link ext-link-type="uri" href="http://doi.acm.org/10.1145/1346237.1346239." id="160">http://doi.acm.org/10.1145/1346237.1346239.</ext-link></ref>
          <ref rid="R16" class="deo:BibliographicReference" id="162" page="9" column="1">[22] J. Stevens, T. van Lessen, D. Karastoyanova, and F. Leymann. BPEL for Semantic Web Services (BPEL4SWS). In On the Move to Meaningful Internet Systems (OTM Workshops), 2007.</ref>
          <ref rid="R17" class="deo:BibliographicReference" id="163" page="9" column="1">[23] Y. Chabeb and S. Tata. Yet Another Semantic Annotation for WSDL (YASA4WSDL). In IADIS WWW/Internet 2008 Conference.</ref>
          <ref rid="R18" class="deo:BibliographicReference" id="164" page="9" column="1">[24] S. Speiser and A.H. Taking. the LIDS off data silos. In I- SEMANTICS, 2010.</ref>
          <ref rid="R19" class="deo:BibliographicReference" id="166" page="9" column="1">[25] M. Lanthaler and C. Gϋtl. A semantic description language for RESTful data services to combat semaphobia, in 5th IEEE <marker type="column" number="2"/><marker type="block"/> International Conference on Digital Ecosystems and Technologies (DEST), May 31 - Jun 03, 2011. Daejeon, South Korea: IEEE.</ref>
          <ref rid="R20" class="deo:BibliographicReference" id="167" page="9" column="2">[26] R. Alarcón and E. Wilde. Linking data from RESTful services, in Proc. of the 3 rd Workshop on Linked Data on the Web (LDOWS 2010).</ref>
          <ref rid="R21" class="deo:BibliographicReference" id="168" page="9" column="2">[27] Gomadam K., Ranabahu A. and Sheth A.. SA-REST: Semantic Annotation of Web Resources. Member submission, W3C, April 2010.</ref>
          <ref rid="R22" class="deo:BibliographicReference" id="169" page="9" column="2">[28] S. Balzer, T. Liebig, and M. Wagner. Pitfalls of OWL-S A Practical Semantic Web Use Case. In ICSOC' 04: Proceedings of the 2nd International Conference on Service Oriented Computing, pages 289-298, New York, NY, USA, November 2004.</ref>
          <ref class="deo:BibliographicReference" id="170" confidence="possible" page="9" column="2">Thabet Slimani graduated at the University of Tunis (Tunisia Republic) and defended PhD. thesis with title “New approaches for semantic Association Extraction and Analysis”. He has been working as an assistant Professor at the Department of Computer Science, Taif University. He is a member of Larodec Lab (Tunis University). His interests include semantic Web, data mining and web service. He is author of more than 20 scientific publications.</ref>
        </ref-list>
        <outsider class="DoCO:TextBox" type="footer" id="142" page="8" column="2">Copyright (c) 2013 International Journal of Computer Science Issues. All Rights Reserved.</outsider>
        <region class="DoCO:FigureBox" id="Fx143">
          <image class="DoCO:Figure" src="eo.page_008.image_10.png" thmb="eo.page_008.image_10-thumb.png"/>
        </region>
        <outsider class="DoCO:TextBox" type="header" id="144" page="9" column="1">IJCSI International Journal of Computer Science Issues, Vol. 10, Issue 1, No 3, January 2013 ISSN (Print): 1694-0784 | ISSN (Online): 1694-0814 www.IJCSI.org</outsider>
        <outsider class="DoCO:TextBox" type="page_nr" id="145" page="9" column="1">376</outsider>
        <outsider class="DoCO:TextBox" type="footer" id="171" page="9" column="2">Copyright (c) 2013 International Journal of Computer Science Issues. All Rights Reserved.</outsider>
        <region class="DoCO:FigureBox" id="Fx172">
          <image class="DoCO:Figure" src="eo.page_009.image_11.png" thmb="eo.page_009.image_11-thumb.png"/>
        </region>
        <outsider class="DoCO:TextBox" type="header" id="173" page="10" column="1">IJCSI International Journal of Computer Science Issues, Vol. 10, Issue 1, No 3, January 2013 ISSN (Print): 1694-0784 | ISSN (Online): 1694-0814 www.IJCSI.org</outsider>
        <outsider class="DoCO:TextBox" type="page_nr" id="174" page="10" column="1">377</outsider>
        <outsider class="DoCO:TextBox" type="header" id="175" page="10" column="1">Tab. 1 Comparison between SWS approaches functionalities.</outsider>
        <region class="unknown" id="176" page="10" column="1">Approach Year Conceptual Input UPML 1999 PSMs DAML-S 2001 Agents /OWL-S</region>
        <region class="unknown" id="177" page="10" column="1">Language Discovery Composition Invocation UPML/LISP Knowledge-Based Systems development Knowledge- Semantic annotations of WS Based Systems development</region>
        <region class="unknown" id="178" page="10" column="1">DIANE 2004 OWL-S DIANE √ √ Elements SWSO 2005 OWL-S SWSL √ √ √ √ USDL 2005 OWL-S OWL Language for formally describing the semantics services WSDL-S 2005 WSMO, XML Shema Linking semantic annotations to Web services OWL-S, WSDL WSMO 2005 WSMF, WSML, RDF √ √ UPML COWS 2006 DOLCE OWL Semantic management of middleware GPO 2006 UEMO OWL Process modeling QuASAR 2006 my Grid OWL Integrated platform enabled as Grid and Web services for the storage, dissemination and management of proteomic data WSO 2006 OWL-S, OWL x √ WSMO, WSBPEL BPEL4SWS 2007 BPEL4WS, XML Shema x x WSMO, SAWSDL SAWSDL 2007 WSDL-S XML Schema Semantic Annotations for WS WSDL and XML Schema FUSION 2008 SAWSDL, OWL-DL Service registry Ontology UDDI YASA 2008 SAWSDL XML Schema Extension of SAWSDL, service discovery MicroWSM 2008 hRESTS/WSM HTML with Semantic annotations of RESTful services and Web APIs O/ OLite microformat hRESTS tags MSM 2008 WSDL, RDF(S) √ x WSMOLite, hRESTS ServONT 2008 OWL OWL-DL √ x WSMO-Lite 2008 SAWSDL, RDF(S) √ √ OWL-S, WSMO ServFace 2009 WSDL XML Schema For adding of UI-related Annotations to Web service Descriptions (WSDL) SSWAP 2009 HTML, OWL Data and service integration in Biology Semantic MOBY SA-REST 2010 SAWSDL, RDFa Semantic annotations of RESTful services hRESTS ER Model 2010 ER, BPEL ER, OWL DL √ √ LIDS 2010 HTTP, Linked SPARQL Bridging the gap between data services and Linked Data principles. Lightweight composition Data RELL 2010 REST RDF / OWL Description of resource-centered Web APIs in terms of resources ROSM 2010 WSMO-Lite, RDFS, SPARQL Description of resource-centered Web APIs (RESTful services) REST SEREDASj 2011 JSON-LD, JSON, RDF, Semantic description of Restful Data Services REST FOAF</region>
        <region class="DoCO:TextChunk" id="179" confidence="possible" page="10" column="2">Goal Orchestration Mediation √ x x x of Web √ √ √ x x x x √ x √ x x x x x √ x x x x x</region>
        <outsider class="DoCO:TextBox" type="footer" id="180" page="10" column="2">Copyright (c) 2013 International Journal of Computer Science Issues. All Rights Reserved.</outsider>
        <region class="DoCO:FigureBox" id="Fx181">
          <image class="DoCO:Figure" src="eo.page_010.image_12.png" thmb="eo.page_010.image_12-thumb.png"/>
        </region>
      </section>
    </body>
  </article>
</pdfx>
