<?xml version='1.0' encoding='UTF-8'?>
<pdfx xmlns:xsi="http://www.w3.org/2001/XMLSchema-instance" xsi:noNamespaceSchemaLocation="http://pdfx.cs.man.ac.uk/static/article-schema.xsd">
  <meta>
    <job>ab42367542f4c8388eb1c66ba83d0a13692062c38cdbc9ee5e9a1936e944e11d</job>
    <base_name>eq</base_name>
    <doi>http://dx.doi.org/10.1145/775185.775187</doi>
    <warning>Name identification was not possible. </warning>
  </meta>
  <article>
    <front class="DoCO:FrontMatter">
      <title-group>
        <article-title class="DoCO:Title" id="1">Scholarly Publishing and Argument in Hyperspace</article-title>
      </title-group>
      <region class="unknown" id="7">Victoria Uren Simon Buckingham Shum <email id="2">v.s.uren@open.ac.uk</email> <email id="3">s.buckingham.shum@open.ac.uk</email> Gangmin Li John Domingue Enrico Motta <email id="4">g.li@open.ac.uk</email> <email id="5">j.b.domingue@open.ac.uk</email> <email id="6">e.motta@open.ac.uk</email> Knowledge Media Institute Open University Milton Keynes, MK7 6AA, UK</region>
      <abstract class="DoCO:Abstract" id="8">The World Wide Web is opening up access to documents and data for scholars. However it has not yet impacted on one of the primary activities in research: assessing new findings in the light of current knowledge and debating it with colleagues. The ClaiMaker system uses a directed graph model with similarities to hypertext, in which new ideas are published as nodes, which other contributors can build on or challenge in a variety of ways by linking to them. Nodes and links have semantic structure to facilitate the provision of specialist services for interrogating and visualizing the emerging network. By way of example, this paper is grounded in a ClaiMaker model to illustrate how new claims can be described in this structured way.</abstract>
      <section class="DoCO:Section">
        <h2 class="DoCO:SectionTitle" id="9" confidence="possible" page="1" column="1">Categories and Subject Descriptors</h2>
      </section>
      <section class="DoCO:Section">
        <h2 class="DoCO:SectionTitle" id="12" confidence="possible" page="1" column="1">General Terms Keywords</h2>
      </section>
    </front>
    <body class="DoCO:BodyMatter">
      <region class="DoCO:TextChunk" id="10" page="1" column="1">H.5.4 [Information Systems]: Information Interfaces and Presen- tation - Hypertext/Hypermedia; H.3.7 [Information Systems] Information Storage and Retrieval - Digital Libraries</region>
      <region class="DoCO:TextChunk" id="11" confidence="possible" page="1" column="1">Design, Human Factors.</region>
      <region class="DoCO:TextChunk" id="13" confidence="possible" page="1" column="1">Scientific Publishing, Scholarly Interpretation, Collaborative Web, Modeling Debate.</region>
      <section class="deo:Introduction">
        <h1 class="DoCO:SectionTitle" id="14" page="1" column="1">1. INTRODUCTION</h1>
        <section class="DoCO:Section">
          <h2 class="DoCO:SectionTitle" id="31" page="2" column="1">1.1 ClaiMaker system uses/applies/ isEnabledBy Hypertext Argumentation Research</h2>
          <region class="DoCO:TextChunk" id="35" page="2" column="1">It is widely recognized that hypertext was shaped by the Memex vision of Bush [<xref ref-type="bibr" rid="R16" id="32" class="deo:Reference">16</xref>] and the NLS system of Engelbart [<xref ref-type="bibr" rid="R18" id="33" class="deo:Reference">18</xref>]. It is less commonly known that both of these pioneers saw the construction and analysis of scholarly arguments as key applications of their technologies. The work described here can thus be traced back to Bush and Engelbart, via the extensive research in the 1980’s and early 1990’s into hypertext graphical argumentation tools, and more recent work on hypertext scholarship (for a review see [<xref ref-type="bibr" rid="R14" id="34" class="deo:Reference">14</xref>]). ClaiMaker models are analogous to signposts on the route of Bush's associative trails where the terrain being crossed is the Internet. This progression from the closed pre-Web argumentation systems to the Internet increases the scale of the user community proportionally.</region>
        </section>
      </section>
      <region class="DoCO:TextChunk" id="24" page="1" column="1">Debate at a distance is integral to modern scholarship. Many researchers participate actively on list servers for their specialism, and more “lurk” on the lists of related subjects to keep abreast of the issues that are exciting people there. At the Knowledge Media Institute, with the Open University’s distance learning students in mind, we take a long term interest in technologies that can help support debate at a distance. We have developed a variety of tools for supporting scholarly interaction. These include D3E [ <xref ref-type="bibr" rid="R2" id="15" class="deo:Reference">2</xref>; <xref ref-type="bibr" rid="R25" id="16" class="deo:Reference">25</xref>], a system for the discussion of single documents which has been implemented in the open peer reviewed journal JIME [<xref ref-type="bibr" rid="R13" id="17" class="deo:Reference">13</xref>]. For most scholars the World Wide Web is a document repository, plus a convenient way to access datasets and services. As such it is a valuable resource and services like CiteSeer [<xref ref-type="bibr" rid="R5" id="18" class="deo:Reference">5</xref>] and Google [<xref ref-type="bibr" rid="R3" id="19" class="deo:Reference">3</xref>] are constantly pushing the boundaries of what can be done with information retrieval technologies. The Semantic Web promises a future in which intelligent services will be provided Copyright is held by the author/owner(s). WWW 2003, May 20-24, 2003, Budapest, Hungary. ACM 1-58113-680-3/03/0005.<marker type="column" number="2"/><marker type="block"/> through the markup of Web documents according to agreed conventions [<xref ref-type="bibr" rid="R10" id="21" class="deo:Reference">10</xref>]. The question we address is whether the current Web as document repository and the emerging Semantic Web can be brought together to create something more like the scholarly hypertext envisaged by Kolb [<xref ref-type="bibr" rid="R21" id="22" class="deo:Reference">21</xref>]. This would be an environment in which scholars could debate and comment on articles, in the process building a model of the literature under analysis. The field of argument visualization, which is attracting interest in educational technology, public policy and organizational computing, is relevant to this challenge [<xref ref-type="bibr" rid="R14" id="23" class="deo:Reference">14</xref>].</region>
      <region class="DoCO:FigureBox" id="Fx25">
        <image class="DoCO:Figure" src="eq.page_001.image_01.png" thmb="eq.page_001.image_01-thumb.png"/>
      </region>
      <region class="DoCO:TextChunk" id="26" confidence="possible" page="1" column="2">Figure 1 Schematic diagram of a ClaiMaker model for this paper “Scholarly Publishing and Argument in Hyperspace”. Boxes represent concepts and arrows represent typed links. A Concept-link-Concept triple is a “claim”.</region>
      <region class="DoCO:TextChunk" id="30" page="1" column="2">In the Scholarly Ontologies Project we are building a prototype tool called ClaiMaker [ <xref ref-type="bibr" rid="R24" id="27" class="deo:Reference">24</xref>] that can be used to summarize the core contributions of an article, and their links to other work. This builds on the World Wide Web as document repository by providing URLs that link parts of the model to the document of interest. Furthermore, the models use typed links which may be exploited in the provision of intelligent services. This document has a slightly unusual format because we have “taken our own medicine”. As a demonstration that the core of an article can be represented in the form of a ClaiMaker model we started with the model (Figure 1) and built this paper from it. Subsections deal with parts of the model, and are clustered in sections based on their proximity. There is no particular reason to<marker type="page" number="2"/><marker type="column" number="1"/><marker type="block"/> read the document linearly, but if you choose to it should still be comprehensible.</region>
      <outsider class="DoCO:TextBox" type="page_nr" id="29" page="1" column="2">244</outsider>
      <section class="DoCO:Section">
        <h1 class="DoCO:SectionTitle" id="36" page="2" column="1">2. CLAIMAKER SYSTEM</h1>
        <region class="DoCO:TextChunk" id="38" page="2" column="1">ClaiMaker is a prototype tool for modeling documents, that combines knowledge engineering and visualization. It is being developed and assessed as part of the Scholarly Ontologies project. The current version is a server side application. This facilitates getting new versions to early adopters and also gives us access to the models they build allowing us to assess the modeling scheme and identify difficulties. The core functionalities of ClaiMaker are model building and discovery. The model building activity is document centric. Each concept (a box in Figure 1), and each triple of two concepts joined by a typed link (an arrow in Figure 1), is attributed to a document. This provides backing. In the example being discussed here the components of the model are backed by this document. Users are encouraged to make links to concepts backed by other documents and to reuse concepts. They may extend the models built by other contributors, adding further claims, or take issue with them if they feel the original interpretation is flawed. Thus the claim space emerges collaboratively and cumulatively as a complex web of interrelated claims. Claims are stored in a mySQL database which supports all the basic functions of model building, and search. The database is accessed via a webserver. A mirror of the database in RDF is also maintained on a development server where we are designing services that exploit the structure in the link ontology (see section 4). The first of these RDF-based services will soon be publicly available. Discovery comprises searching the claims network and presenting the results to users. Developing discovery services is a core research and development activity within the project. One of the approaches taken will be discussed in Section 6. Work on the visualisation of claim structures is presented elsewhere [<xref ref-type="bibr" rid="R15" id="37" class="deo:Reference">15</xref>].</region>
      </section>
      <section class="DoCO:Section">
        <h1 class="DoCO:SectionTitle" id="39" page="2" column="1">3. DIGITAL LIBRARY MANAGEMENT</h1>
        <region class="DoCO:TextChunk" id="44" page="2" column="1">The Web as document repository has a heterogenous structure and dispersed content. Sources such as digital libraries and pre-print archives apply some standardization to texts and data collections as well as widening access by removing the physical and geographical constraints on librarians and readers. However, bringing distributed archives to distributed users requires a <marker type="column" number="2"/><marker type="block"/> considerable effort in managing resources and making them available. Standardization activities such as Z39.50 [<xref ref-type="bibr" rid="R9" id="41" class="deo:Reference">9</xref>] and the Open Archives Initiative [<xref ref-type="bibr" rid="R6" id="42" class="deo:Reference">6</xref>] are dealing with core issues of infrastructure and interoperability and diverse work is being done by e-librarians and software developers to make user services. Nonetheless solitary users working like detectives to extract the information they need from multiple sources face usability difficulties [<xref ref-type="bibr" rid="R11" id="43" class="deo:Reference">11</xref>].</region>
        <section class="DoCO:Section">
          <h2 class="DoCO:SectionTitle" id="45" page="2" column="2">3.1 ClaiMaker system addresses Digital Library Management</h2>
          <region class="DoCO:TextChunk" id="46" page="2" column="2">ClaiMaker allows groups of researchers to collate their discoveries from digital libraries in a meaningful way. It gives control over the representation of the document collection to the users rather than to the managers of the collections. The users model their interpretations of the documents, producing a picture of the documents that is tailored to that particular group. Contributions to the model are “backed” by documents. These could be held in a specific digital library, or they could be links to distributed sources. They could even be conventional citations of non-digital sources. As a group builds a model they effectively build an index aimed at their peers and grounded in their readings of the literature. Group members can benefit from the collective knowledge of the group; they are less solitary. Clearly the dynamics of groups that would make knowledge available to each other are going to be rather special. These issues are discussed further in section 5.</region>
        </section>
      </section>
      <section class="DoCO:Section">
        <h1 class="DoCO:SectionTitle" id="47" page="2" column="2">4. REPRESENTING INTERPRETATION</h1>
        <region class="DoCO:TextChunk" id="48" page="2" column="2">Scholarly documents, even those that present factual results from experiments, are not bald collections of data but arguments. The authors have to make a case that the work they are presenting is a significant contribution and that their conclusions are reliable, given the current state of knowledge. The scholarly article can be seen as an interpretation of data in the light of wider debate.</region>
        <section class="DoCO:Section">
          <h2 class="DoCO:SectionTitle" id="49" page="2" column="2">4.1 Representing interpretation uses/applies /isEnabledBy Discourse Ontology Links</h2>
          <region class="DoCO:TextChunk" id="58" page="2" column="2">Representing interpretation is a knowledge engineering problem. By the nature of research we expect that the topics in which people are interested will shift as they take up new challenges. Additionally, the kinds of conceptual objects which are core to the research process will differ from discipline to discipline. The application of ontologies to contested fields may not seem a promising strategy when ontologies typically depend on consensus to control interpretation. However, the mechanisms of scholarly debate do remain stable over time, making discourse/argumentation ontologies good candidates for representational support. Whether research is in the arts or sciences there will always be problems that are of key interest, people will put forward theories, predictions, hypotheses, etc., and try to support them with data and analysis. These contributions may, in their turn, be challenged or developed further. Therefore our knowledge modeling effort has focused on capturing enduring, discipline-independent relationships between objects, rather than the types of objects. We have developed an ontology of links to represent the rhetorical moves researchers make when they present their arguments. Domain-specific vocabularies (e.g., the ACM Computing classification Scheme) <marker type="page" number="3"/><marker type="column" number="1"/><marker type="block"/> could be added if desired, but are orthogonal to the discourse ontology. This discourse ontology is a structured set of suitable links that provides a common language for authors to use when making claims and positioning them with respect to earlier work. It differs from most ontologies because it must accommodate more than one view of the data, because researchers often have different or even conflicting perspectives. The ontology provides the structures that are being used to design innovative search, interpretation and visualization tools to allow users to navigate large and growing models. The discourse ontology supplies a palette of typed links. The links are used to join objects we call “concepts”, which are short pieces of text describing a problem, a piece of experimental data, a hypothesis etc. The resulting triple we call a “claim”; it is in effect the assertion that a particular relationship holds between two concepts. To imagine how such claim triples might be claimed to be “interpretations” consider the following self- criticism of the triple used as the header for this subsection. Representing interpretation is a problem the Scholarly Ontologies Project is trying to tackle. We have developed a set of Discourse Ontology Links. Do these links really enable the representation of interpretation? We claim they do, because if you the reader write a paper proposing a better way of representing interpretation you can link your paper into this one challenging our claim, or extending our work. Your interpretation and ours would then coexist in the same claim space. Claims were modeled on paper for a range of research domains, including computer supported collaborative work, text categorization, and literary criticism. Relations common to several domains were identified. We found we could classify these into groups with similar rhetorical implications: Supports/Challenges, Problem-related, Taxonomic, Causality, Similarity, and General. Each relation belongs to one group. We also found that some relations occurred in pairs of opposites, e.g., proves and refutes, where one has positive and the other negative implications. We call this property “polarity”. For example, refutes has negative polarity; it implies disproof. Some relations are more forceful than others, for example refutes has stronger implications than disagreesWith. Therefore each relation is also assigned the parameter “weight”. Table 1 gives a breakdown of link characteristics for the Supports/Challenges class. It can be seen that the links occur in pairs of positive and negative links with opposite implications. Furthermore, two of the links, proves and refutes, are of high weight. If an author uses these the reader would expect strong evidence. To illustrate discourse ontology links in use, we will examine some of the triples from the model on which this paper is based. [ClaiMaker system] (addresses) [Digital library management] This uses one of the Problem-Related relations addresses, to assert that ClaiMaker is looking at an established problem, Digital library management. If the model were part of a real claim space the latter concept could have already been introduced by a different document, reusing the concept would position the model for this paper in context of other Digital Libraries research. [Shared modeling space] (sharesIssuesWith) [Virtual communities] This claim uses a relation of type Similarity to link into an established field. The implications are different. Here we say that<marker type="column" number="2"/><marker type="block"/> some of the social issues of running a shared modeling space with a tool such as ClaiMaker have already been examined in a different context. In subsection 5.1 we talk about specific issues in more detail. [Discourse ontology links] (improvesOn) [Untyped hyperlinks] This claim uses a General relation. It has the parameters strong and positive (see subsection 4.2 for further discussion of this claim). The Discourse Ontology is intended for use by subject specialists, not by trained knowledge engineers. Therefore, within the ClaiMaker tool the links are selected by the modeler as labels, and the polarity and weight of links are “hidden” so as not to burden the user with having to understand and assign weights. The parameters come into their own in the Discovery stages where they are used as the basis of services. They also mean that the tool can be modified for research communities that use a different vocabulary, or a different language, to conduct debate. The labels in the new “dialect” may be changed, but services which operate on type, polarity and weight parameters will not be affected. Table 1. Table summarizing discourse ontology parameters for the Supports/Challenges class of links Label Polarity Weight proves positive high refutes negative high isEvidenceFor positive low isEvidenceAgainst negative low agreesWith positive low disagreesWith negative low isConsistentWith positive low isInconsistentWith negative low<marker type="block"/> When developing the discourse ontology, we were aware of a trade-off between usability and expressiveness. Users may be wary of a very complex system, preferring not to use it rather than be seen to make a “mistake”. On the other hand very simple systems impose too many constraints on the types of models users can build. We took a pragmatic approach to selecting relations, aiming for a moderate palette of useful links rather than a very complete set such as that proposed by Trigg [<xref ref-type="bibr" rid="R27" id="54" class="deo:Reference">27</xref>]. Since then Gil and Ratnakar have published work on the TRELLIS system [<xref ref-type="bibr" rid="R19" id="55" class="deo:Reference">19</xref>] which also uses discourse relations. We note that they too selected relations that could be understood by users, rather than “precise” or “complete” relations. Our ontology differs from theirs in that we are also striving for links that are computable in order to help manage and interrogate the emerging structures. In addition, we argue that having a relatively simple ontology makes the system more robust to imperfect modeling. Since the proposed user group is researchers, who are adept at structured thinking but are not expert knowledge modelers, we expect a degree of imperfection. If, for example, a user chooses to use the agreesWith link where the isConsistentWith link would be more appropriate the polarity and type of the link remain the same and so services that use those parameters are robust to the error. Moreover, even if completely the “wrong” relation is used, the<marker type="page" number="4"/><marker type="column" number="1"/><marker type="block"/> fact that someone has made a connection of some sort will be used in services that ignore semantics.</region>
          <outsider class="DoCO:TextBox" type="page_nr" id="51" page="2" column="2">245</outsider>
          <outsider class="DoCO:TextBox" type="page_nr" id="57" page="3" column="2">246</outsider>
          <region class="unknown" id="59" page="4" column="1">improvesOn</region>
        </section>
        <section class="DoCO:Section">
          <h2 class="DoCO:SectionTitle" id="60" page="4" column="1">4.2 Discourse Ontology Links Untyped Hyperlinks</h2>
          <region class="DoCO:TextChunk" id="63" page="4" column="1">The Web has shown conclusively that linking documents in a non-linear way can enhance information. It has also demonstrated that an anarchic information space in which anyone can add any document and link it to any other faces major usability challenges. As pointed out by numerous hypertext researchers, part of the problem is that on the Web all hyperlinks are alike. This hampers human navigation to some extent, although the current generation of Web pages are written to be interpreted by people who can guess where a link may lead from its context. The main problem of untyped hyperlinks is rather that they limit the types of automatic processing that can be done. The Semantic Web [<xref ref-type="bibr" rid="R10" id="61" class="deo:Reference">10</xref>] is pertinent here. The aim of Semantic Web activity is to make the content of web pages machine interpretable. This is to be done with information structured using markup languages, and schemas and ontologies written in RDF, OIL etc. Since URLs can be used within these structures they effectively supply a mechanism for making typed hyperlinks. This opens up possibilities for reasoning and semantic services. From a Semantic Web perspective, the Scholarly Ontologies Project can be recast as the development of an annotation schema and associated services. Annotation consists of creating machine interpretable structures that reference Web documents [<xref ref-type="bibr" rid="R7" id="62" class="deo:Reference">7</xref>]. With this annotation model in mind we can envisage a scenario in which ClaiMaker models are published alongside the online versions of research papers. These could be downloaded by readers and meshed into their personal or community repositories, possibly further enhanced with personal comments. Software agents could be dispatched to crawl the Web to find models that match a specific query, pooling the results and analyzing them. The key to proving this claim is to demonstrate that typed links can be used to design semantic services. We will discuss this further in section 6.</region>
          <region class="unknown" id="64" page="4" column="1">improvesOn</region>
        </section>
        <section class="DoCO:Section">
          <h2 class="DoCO:SectionTitle" id="65" page="4" column="1">4.3 Discourse Ontology Links Untyped Citations</h2>
          <region class="DoCO:TextChunk" id="74" page="4" column="1">In ClaiMaker models claims have to be backed by linking to a source document that discusses the issues in depth. In research papers, backing may be provided by citing other work. These models of backing share issues with the analysis of argument structures presented by Toulmin [ <xref ref-type="bibr" rid="R26" id="66" class="deo:Reference">26</xref>]. Citations are proven research tools. Users of CiteSeer will know the benefits of being able to navigate from a paper to the articles it cites and the articles it is cited by [<xref ref-type="bibr" rid="R5" id="67" class="deo:Reference">5</xref>]. The development of such linking services within the Open Archives framework was explored by the OpCit Project [<xref ref-type="bibr" rid="R20" id="68" class="deo:Reference">20</xref>]. The Science Citation Index as established in the 1950s both as a tool for literature searching and as a repository of data that could be analyzed to get high level insights into the progress of science [<xref ref-type="bibr" rid="R4" id="69" class="deo:Reference">4</xref>]. Citation data continues to fuel useful research, for example to reveal the connections between researchers in a domain [<xref ref-type="bibr" rid="R17" id="70" class="deo:Reference">17</xref>]. However, as with hyperlinks, all the above examples use untyped citations. In practice, the rhetorical use of citations is a subcraft of research writing. The citation in the first paragraph of this section<marker type="column" number="2"/><marker type="block"/> has an explanatory purpose. “Backing” is not an obscure word, but by providing the link to Toulmin’s notion of backing readers who already know his work can rapidly orient themselves, for others it provides a signpost to a source of further data. Weinstock identified paying homage, correction and substantiating claims amongst others in his classic taxonomy of motivations for citing [<xref ref-type="bibr" rid="R28" id="72" class="deo:Reference">28</xref>]. A limitation of traditional citation studies is that they do not leverage such nuances of motivation, indeed they cannot even distinguish between citations that support the cited work and those that oppose it. By contrast, the links from concepts backed by one paper in ClaiMaker to concepts backed by another have both labels (i.e., they are typed citations), from which the motivation can be judged by humans, and computable features such as polarity and weight. As an example of how polarity can be put to work, ClaiMaker contains a discovery tool called Contrast which can identify concepts that have negative links proximate to concepts backed by a particular paper [<xref ref-type="bibr" rid="R24" id="73" class="deo:Reference">24</xref>]. This is implemented as a sequence of three SQL searches: 1. Select concepts backed by the paper 2. Extend the set by selecting concepts that are linked to/from the first set by a positive link 3. Select all the claim triples that include one of the concepts in the extended set and a link with negative polarity Although it is simple, the Contrast service demonstrates that link parameters can be used to provide services to users.</region>
        </section>
      </section>
      <section class="DoCO:Section">
        <h1 class="DoCO:SectionTitle" id="75" page="4" column="2">5. SHARED MODELING SPACE</h1>
        <region class="DoCO:TextChunk" id="76" page="4" column="2">The ClaiMaker tool is intended to serve a community of domain experts, who may be the authors of the documents being modeled or readers. Each presents their interpretation of claims made by relevant documents and links them to related models. However the tool itself can only provide mechanisms for handling data. The model is the common property of the community and the tool is only of value if it fits a need and works within existing mores.</region>
        <region class="unknown" id="77" page="4" column="2">sharesIssueswith</region>
        <section class="DoCO:Section">
          <h2 class="DoCO:SectionTitle" id="78" page="4" column="2">5.1 Shared modeling space Virtual communities</h2>
          <region class="DoCO:TextChunk" id="87" page="4" column="2">Researchers belong to communities in which documents play a central role. They are very often introduced to each other through their published work long before they meet in person. Schools of thought frequently coalesce around seminal papers. A typical example of such a document is Bush’s Memex article [ <xref ref-type="bibr" rid="R16" id="79" class="deo:Reference">16</xref>]. Research domains differ in their methods and ambitions but they all engage in constant reading and production of documents, as communication tools and as a lasting open record of their results. Tools for virtual research communities should support document centric debate at a distance. It has been noted that science communities have been virtual communities from their inception [<xref ref-type="bibr" rid="R12" id="80" class="deo:Reference">12</xref>], and the same would apply to research communities in general. Although much of the research about virtual communities has centered on recreational systems such as MUDs and graphical virtual worlds, less glamorous technologies are providing foci for scientific communities. For example, the September98-Forum list server [<xref ref-type="bibr" rid="R8" id="81" class="deo:Reference">8</xref>] provides an example where scholars, are debating, often passionately, the role of free to read electronic archives in scholarly publishing. However, the very success of some list servers can limit their usefulness. At the time of writing the<marker type="page" number="5"/><marker type="column" number="1"/><marker type="block"/> September98-Forum list had 225 streams of discussion for the year 2002, the longest stream had 31 email messages, and approximately 40% of the messages were over 100 lines long (the longest was 1164 lines). Following this debate is a formidable task, coming to it for the first time is daunting. Virtual research communities require a medium that will support them in producing summaries of their debates. We believe that ClaiMaker is a prototype of a summarizing medium. Identity persistence is necessary for successful cooperative relations [<xref ref-type="bibr" rid="R22" id="84" class="deo:Reference">22</xref>]. In the context of ClaiMaker, identity means that users cannot add to the debate anonymously; all concepts and claims are clearly labeled with the details of the creator as well as the original authors of the paper. When creating a concept node to refer to someone else’s work, the user also indicates whose ‘intellectual property’ they are claiming it is: are they merely intending to make explicit an idea already in the paper (IP=DocAuthors), or are they claiming to read something new into the paper? (IP=ClaiMakerUserID). Identity lets information users make judgements about trust. Whose claims about a paper do you trust most: the author's, an unknown contributor's, or a world expert's? It also brings accountability: what claims are you willing to make in the public domain? Accountability provides the foundation for informal social controls on what is acceptable in the community. The issue of social controls leads us to ask what kind of virtual communities might use ClaiMaker? What degree of control might be placed on contributors? How public will they wish to be? We currently have several claim spaces in operation. The most public is the Sandpit [<xref ref-type="bibr" rid="R1" id="85" class="deo:Reference">1</xref>]. Anyone can browse the models in the Sandpit or create an account to establish their identity, and start making their own models. However, we do not propose this claim space as a suitable area for serious modelers. It is more a place for people to familiarize themselves with the tool and decide if it is for them. Committed users may require a more private space. Whom they invite to join them there will then depend on the structure of their community in the wider world. A community of researchers in a particular domain may open the claim space to known colleagues. A research group may build a claim space of key papers in the area, but keep the resource private if they consider it gives them a competitive advantage. Lecturers may require students to contribute to a model of the papers on the course reading list as an assessment exercise. The ultimate question for a new technology is “will people use it?” This applies particularly to systems like ClaiMaker where busy users would have to expend time and effort on a new task. We can learn here from the cost benefit trade-off offered by the Web itself. The Web has been likened to a gift economy. Scholars put lists of their publications on their home pages, appreciating the ready access they have to other people's lists, and hoping that they will be read and even cited. If scholars are to publish ClaiMaker models in a communal space they will have to feel that they will get some benefit. One form would be the social benefit of increased digital visibility and recognition by other members of the community. This is not a dynamic that can be manipulated technologically any further than by ensuring contributors get credit for their work, which is an identity issue. Further benefits are access to other people's models and interpretations, the ability to distill personal views from a larger model, and agent mediated alerting to potentially relevant new work. We are still in the early phases of this kind of scholarly publishing, making it hard at this stage to deliver the critical mass that is required for people to<marker type="column" number="2"/><marker type="block"/> adopt new web services. Modeling is done by researchers and early adopters who see its potential. In the longer term, maximizing the cost-benefit tradeoff is the key challenge. It is by providing task-oriented tools that help researchers add to and query the claim space that we hope to demonstrate that the value of contributing to a communal model.</region>
          <outsider class="DoCO:TextBox" type="page_nr" id="83" page="4" column="2">247</outsider>
        </section>
      </section>
      <section class="DoCO:Section">
        <h1 class="DoCO:SectionTitle" id="88" page="5" column="2">6. SEARCH OF LINK STRUCTURE</h1>
        <region class="DoCO:TextChunk" id="89" page="5" column="2">A ClaiMaker model comprises a collection of short pieces of text (concepts) joined using links whose characteristics are defined by the discourse ontology described in section 4.1. It is the link structure, more than the text in the concepts, that drives the design of discovery tools.</region>
        <section class="DoCO:Section">
          <h2 class="DoCO:SectionTitle" id="90" page="5" column="2">6.1 Search of Link Structure uses/applies/isEnabledBy Path Matching</h2>
          <region class="DoCO:TextChunk" id="92" page="5" column="2">The enabling technology for searching link structure is path matching. This is a graph theoretic method which searches for paths (sequences) of links that follow a specific pattern. To experiment with this approach we expressed a ClaiMaker model of about 700 concepts and 600 links in RDF and used the Ivanhoe path matcher embedded in the Wilbur RDF Parser [<xref ref-type="bibr" rid="R23" id="91" class="deo:Reference">23</xref>].</region>
        </section>
        <section class="DoCO:Section">
          <h2 class="DoCO:SectionTitle" id="93" page="5" column="2">6.2 Search of Link Structure improvesOn Text Search</h2>
          <region class="DoCO:TextChunk" id="96" page="5" column="2">Searching text is a very well established information retrieval technique which has been refined over decades and is known and understood by millions of users worldwide. Setting ourselves up to improve on text search could be seen as hubris. Seen from another perspective, text still poses hard problems. For example, in the diverse environment of the Web, a word that is used in different contexts can return many hits, most of which are irrelevant. From a Scholarly Ontologies perspective, text search engines have a deeper flaw: they deal only with the words in documents, they do not support interpretation of documents. This limits the kinds of questions that can be posed. For example, it is possible to ask for documents on a particular topic, but not to ask how the topic evolved. We have taken on the task of answering questions such as “Has anyone built on this idea?” and “Are there distinct schools of thought on this issue?” that require interpretation. Text search cannot address this kind of query. We illustrate our present approach to answering questions that require interpretation by looking at the question “where did this come from?” This relates to a common activity in research, clarifying the lineage behind an idea. Lineage, and its inverse, the descendant, focus on the notion that ideas build on each other. We set the goal of picking out from the “spaghetti” of claims, candidate streams of ideas that appear to be building on each other. Our lineage tool tracks back semantically from a concept to see how it evolved, whereas the descendants tool tracks forward. Since descendants are the inverse of lineage, we will only discuss lineage. Lineage was defined as a path in which the links suggest development or improvement. Path queries were constructed from link-types using a set of primitives. For example, we can search for paths that may be of any length, and which contain (in any order) any of the positive links that have type Similarity in either direction, or the two general links uses/applies/isEnabledBy or improvesOn, going in the direction away from the target concept of the query. The improvesOn link type is included to reflect the <marker type="page" number="6"/><marker type="column" number="1"/><marker type="block"/> notion of progress implied by lineage, while uses/applies /isEnabledBy has a weaker implication of “building upon.” The Similarity links are included because if a new concept is like another that improvesOn a third concept, then the new concept is reasonably likely to be an improvement as well. Similarity links are acceptable in either direction because natural similarity is a symmetrical relation: if A is like B, then B is like A. In Figure 2 the principle of this lineage search is illustrated using the model for this paper. The figure shows the lineage that would be extracted for the concept “ClaiMaker System”.</region>
          <outsider class="DoCO:TextBox" type="page_nr" id="95" page="5" column="2">248</outsider>
          <region class="DoCO:FigureBox" id="Fx97">
            <image class="DoCO:Figure" src="eq.page_006.image_02.png" thmb="eq.page_006.image_02-thumb.png"/>
          </region>
          <region class="DoCO:TextChunk" id="98" confidence="possible" page="6" column="1">Figure 2 Schematic diagram of the lineage of the concept “ClaiMaker system”. Boxes represent concepts and arrows represent typed links. A Concept-link-Concept triple is a "claim".</region>
          <region class="DoCO:TextChunk" id="99" page="6" column="1">The search can be tightened by filtering the paths returned to ensure they contain the improvesOn relation. A search could also be broadened, to permit the inclusion of any Problem-related links (since addressing or solving a known problem usually represents progress of some sort), or to include Taxonomic links (since if a partOf some innovation improvesOn another approach then it implies there may be an improvement overall). Note that in these cases, the direction of the link is fundamental: it is only problems that the new concept solves that are of interest, and even if a whole innovation is an improvement, there is no reason to assume that every partOf it is also.</region>
        </section>
      </section>
      <section class="deo:Conclusion">
        <h1 class="DoCO:SectionTitle" id="100" page="6" column="1">7. CONCLUSIONS AND FUTURE WORK</h1>
        <region class="DoCO:TextChunk" id="103" page="6" column="1">Despite being central to all scholarly disciplines, interpretation and debate remain the province of verbal and textual communication. Meanwhile, the consumers of new research results must manage increasing amounts of information in order to stay up to date. There is a clear need for powerful, usable tools to prevent researchers from ‘drowning in the information ocean’. Consequently, the focus of our work is the evolution of the Web to better support scholarly publishing and interpretation. We have described the Scholarly Ontologies project whose ClaiMaker system offers a network model for summarizing research debates over a whole literature as well as for individual documents. This can be done asynchronously by groups of distributed users who build their models on a central server, thus <marker type="column" number="2"/><marker type="block"/> supporting debate at a distance. Furthermore, the models are machine interpretable, allowing us to develop novel user services such as analyzing the lineage of ideas. At this point, we have an ontology of links for discourse and a system that supports model building and some core services. The future promises some interesting challenges. Increasingly, services will incorporate visualization to assist the human interpretation of models. We will continue to collect evidence to support the ClaiMaker approach. Seeking and fostering early adopter communities to use and help in the evaluation of the system is now a central activity. Closely associated with this will be the implementation of further services to give those communities payback for their contributions to models. The reverse side of that particular coin is reducing the cost of building ClaiMaker models. In the early days of the World Wide Web people built their HTML competence by cutting and pasting useful bits of HTML code from other people's web pages. For ClaiMaker we are proposing a series of extensible templates for particular genres of paper. Users can then start out by “filling in the slots” on a standard model before progressing to build their own models from scratch. A subsidiary aim of this article was to demonstrate that the core of a research paper can be represented in the form of a ClaiMaker model. This has been a stimulating exercise. The model made the skeleton of the arguments clear. Putting flesh on the bones required explaining our meaning for concepts, and justifying our position for claim triples. Finally, if this article has aroused your interest and you want to try using ClaiMaker, you are very welcome to come and play in the Sandpit [<xref ref-type="bibr" rid="R1" id="102" class="deo:Reference">1</xref>].</region>
      </section>
      <section class="DoCO:Bibliography">
        <h1 class="DoCO:SectionTitle" id="104" page="6" column="2">8. REFERENCES</h1>
        <ref-list class="DoCO:BiblioGraphicReferenceList">
          <ref rid="R1" class="deo:BibliographicReference" id="106" page="6" column="2">[1] ClaiMaker Sandpit. <ext-link ext-link-type="uri" href="http://claimaker.open.ac.uk/Sandpit/" id="105">http://claimaker.open.ac.uk/Sandpit/</ext-link></ref>
          <ref rid="R2" class="deo:BibliographicReference" id="108" page="6" column="2">[2] Digital Document Discourse Environment. <ext-link ext-link-type="uri" href="http://d3e.sourceforge.net" id="107">http://d3e.sourceforge.net</ext-link></ref>
          <ref rid="R3" class="deo:BibliographicReference" id="110" page="6" column="2">[3] Google. <ext-link ext-link-type="uri" href="http://www.google.com/" id="109">http://www.google.com/</ext-link></ref>
          <ref rid="R4" class="deo:BibliographicReference" id="112" page="6" column="2">[4] History of citation indexing. <ext-link ext-link-type="uri" href="http://www.isinet.com/isi/hot/" id="111">http://www.isinet.com/isi/hot/</ext-link> essays/citationindexing/21.html</ref>
          <ref rid="R5" class="deo:BibliographicReference" id="115" page="6" column="2">[5] NEC Research Institute CiteSeer. <ext-link ext-link-type="uri" href="http://citeseer.nj.nec.com/" id="113">http://citeseer.nj.nec.com/</ext-link> [6] Open Archives Initiative. <ext-link ext-link-type="uri" href="http://www.openarchives.org/" id="114">http://www.openarchives.org/</ext-link></ref>
          <ref rid="R6" class="deo:BibliographicReference" id="117" page="6" column="2">[7] RDF Annotations. <ext-link ext-link-type="uri" href="http://ilrt.org/discovery/2001/04/annotations/" id="116">http://ilrt.org/discovery/2001/04/annotations/</ext-link></ref>
          <ref rid="R7" class="deo:BibliographicReference" id="119" page="6" column="2">[8] September-98 Forum Archives. <ext-link ext-link-type="uri" href="http://amsci" id="118">http://amsci</ext-link>- forum.amsci.org/archives/september98-forum.html</ref>
          <ref rid="R8" class="deo:BibliographicReference" id="121" page="6" column="2">[9] Z39.50 International Standard Maintenance Agency. <ext-link ext-link-type="uri" href="http://www.loc.gov/z3950/agency/" id="120">http://www.loc.gov/z3950/agency/</ext-link></ref>
          <ref rid="R9" class="deo:BibliographicReference" id="122" page="6" column="2">[10] Berners-Lee, T., Hendler, J., and Lassila, O. The Semantic Web. Scientific American (2001). 34-43.</ref>
          <ref rid="R10" class="deo:BibliographicReference" id="123" page="6" column="2">[11] Blandford, A., Stelmaszewska, H., Bryan-Kinns, N. Use of multiple digital libraries: a case study. 1st ACM/IEEE-CS Joint Conference on Digital Libraries, Roanoke VA (2001).</ref>
          <ref rid="R11" class="deo:BibliographicReference" id="124" page="6" column="2">[12] Brown, J. S., Duguid, P. The social life of information, Harvard Business School Press (2000).</ref>
          <ref rid="R12" class="deo:BibliographicReference" id="127" page="6" column="2">[13] Buckingham Shum, S., Sumner, T. JIME: an interactive Journal for Interactive Media. Learned Publishing: Journal of <marker type="page" number="7"/><marker type="column" number="1"/><marker type="block"/> Association of Learned and Professional Society Publishers (2002). 14(4) 273-285.</ref>
          <ref rid="R13" class="deo:BibliographicReference" id="128" page="7" column="1">[14] Buckingham Shum, S. The roots of computer supported argument visualization. Visualizing Argumentation: Software Tools for Collaborative and Educational Sense- Making. P. A. Kirschner, Buckingham Shum, S. and Carr, C. London, Springer-Verlag. (2003) 3-24.</ref>
          <ref rid="R14" class="deo:BibliographicReference" id="129" page="7" column="1">[15] Buckingham Shum, S., Uren, V., Li, G., Domingue, J., Motta, E. Visualising internetworked argumentation. Visualizing Argumentation: Software Tools for Collaborative and Educational Sense-Making. P. A. Kirschner, Buckingham Shum, S. and Carr, C. London, Springer-Verlag. (2003) 185-204.</ref>
          <ref rid="R15" class="deo:BibliographicReference" id="130" page="7" column="1">[16] Bush, V. As we may think. The Atlantic Monthly (1945). 176 101-108.</ref>
          <ref rid="R16" class="deo:BibliographicReference" id="131" page="7" column="1">[17] Chen, C., Paul, R.J. Visualising a knowledge domain's intellectual structure. Computer (2001). 34(3) 65-71.</ref>
          <ref rid="R17" class="deo:BibliographicReference" id="132" page="7" column="1">[18] Engelbart, D. C. Augmenting human intellect: A conceptual framework. SRI Project No. 3578, Summary Report AFOSR-3233 Stanford Research Institute.</ref>
          <ref rid="R18" class="deo:BibliographicReference" id="133" page="7" column="1">[19] Gil, Y., and Ratnakar V. TRELLIS: an interactive tool for capturing information analysis and Decision making. EKAW 2002, LNAI 2473 (2002).</ref>
          <ref rid="R19" class="deo:BibliographicReference" id="135" page="7" column="1">[20] Hitchcock, S., Carr, L., Jiao, Z., Bergmark, D., Hall, W., Lagoze, C., Harnad, S. Developing services for open eprint archives: globalisation, integration and the impact of links. <marker type="column" number="2"/><marker type="block"/> ACM DL00, Fifth ACM International Conference on Digital Libraries (2000).</ref>
          <ref rid="R20" class="deo:BibliographicReference" id="136" page="7" column="2">[21] Kolb, D. Scholarly Hypertext: self-represented complexity. Hypertext '97 (1997).</ref>
          <ref rid="R21" class="deo:BibliographicReference" id="137" page="7" column="2">[22] Kollock, P. Design principles for online communities. PC Update (1998). 15(5).</ref>
          <ref rid="R22" class="deo:BibliographicReference" id="138" page="7" column="2">[23] Lassila, O. Enabling Semantic Web programming by integrating RDF and Common Lisp. SWWS, Semantic Web Working Symposium, Stanford (2001).</ref>
          <ref rid="R23" class="deo:BibliographicReference" id="139" page="7" column="2">[24] Li, G., Uren, V., Motta, E., Buckingham Shum, S., Domingue, J. ClaiMaker: weaving a semantic web of research papers. ISWC2002, 1st International Semantic Web Conference, Sardimia (2002).</ref>
          <ref rid="R24" class="deo:BibliographicReference" id="140" page="7" column="2">[25] Sumner, T., Buckingham Shum, S. From Documents to Discourse: Shifting Conceptions of Scholarly Publishing. CHI98: Human Factors in Computing Systems, Los Angeles, ACM Press (1998).</ref>
          <ref rid="R25" class="deo:BibliographicReference" id="141" page="7" column="2">[26] Toulmin, S. The uses of argument, Cambridge University Press (1958).</ref>
          <ref rid="R26" class="deo:BibliographicReference" id="142" page="7" column="2">[27] Trigg, R. A network-based approach to text handling for the online scientific community. (1983) Department of Computer Science, University of Maryland</ref>
          <ref rid="R27" class="deo:BibliographicReference" id="143" page="7" column="2">[28] Weinstock, M. Citation Indexes. Encyclopedia of Library and Information Science. (1971) 5, 16-40.</ref>
        </ref-list>
        <outsider class="DoCO:TextBox" type="page_nr" id="126" page="6" column="2">249</outsider>
        <outsider class="DoCO:TextBox" type="page_nr" id="144" page="7" column="2">250</outsider>
      </section>
    </body>
  </article>
</pdfx>
