<?xml version='1.0' encoding='UTF-8'?>
<pdfx xmlns:xsi="http://www.w3.org/2001/XMLSchema-instance" xsi:noNamespaceSchemaLocation="http://pdfx.cs.man.ac.uk/static/article-schema.xsd">
  <meta>
    <job>872a5a051c95a4093c78337e634e3c74c7fd91761b86a7196cdf3b2b7615a6c2</job>
    <base_name>es</base_name>
    <doi>10.5121/ijdms.2012.4502</doi>
    <warning>Name identification was not possible. </warning>
  </meta>
  <article>
    <front class="DoCO:FrontMatter">
      <outsider class="DoCO:TextBox" type="header" id="1">International Journal of Database Management Systems ( IJDMS ) Vol.4, No.5, October 2012</outsider>
      <title-group>
        <article-title class="DoCO:Title" id="2">R OLE OF V OCABULARY FOR SEMANTIC INTEROPERABILITY IN ENABLING THE L INKED O PEN D ATA PUBLISHING</article-title>
      </title-group>
      <region class="unknown" id="3">Ahsan Morshed</region>
      <abstract class="DoCO:Abstract" id="5" confidence="possible">Intelligent Sensing and System Laboratory (ICT) Commonwealth Scientific and Industrial Research Organization (CSIRO), Hobart, TAS-7001, Australia <email id="4">ahsan.morshed@csiro.au</email> A BSTRACT</abstract>
      <region class="DoCO:TextChunk" id="6" confidence="possible">In spite of the explosive growth of the Internet, information relevant to users often unavailable even when using the latest browsers. At the same time, there is an ever increasing number of documents that vary widely in content, format and quality. The documents often change in content and location because they do not belong to any kind of centralized control. On the other hand, there is a huge number of unknown users with extremely diverse needs, skills, education, and cultural and language backgrounds. One of the solutions to these problems might be to use standard terms with meaning, this can be termed as controlled vocabulary (CV). Though there is no specific notion of CV, we can define it as a set of concepts or preferred terms and existing relations among them. In this paper, we focus on the role of CV for publishing the web of Data on the web. K EYWORDS Ontology, Classification, Linked Open Data, Semantic Web &amp; Vocabularies</region>
    </front>
    <body class="DoCO:BodyMatter">
      <region class="DoCO:TextChunk" id="47" page="1" column="1">1. I NTRODUCTION In spite of explosive growth of the Internet, information relevant to user is often unavailable even when using the latest browsers. At the same time, there is an ever increasing number of documents that vary widely in content, format and quality. The documents often change in content and location because they do not belong to any kind of centralized control. On the other hand, there is a huge number of unknown users with extremely diverse needs, skills, education, and cultural and language backgrounds. One of the solutions to these problems might be to use standard terms with meaning, this can be termed as controlled vocabulary (CV) [ <xref ref-type="bibr" rid="R3" id="7" class="deo:Reference">3</xref>, <xref ref-type="bibr" rid="R4" id="8" class="deo:Reference">4</xref>]. Though there is no specific notion of CV, we can define it as a set of concepts or preferred terms and existing relations among them. For example, thesauri, WordNet [<xref ref-type="bibr" rid="R22" id="9" class="deo:Reference">22</xref>], MeSH [<xref ref-type="bibr" rid="R25" id="10" class="deo:Reference">25</xref>], LCSH [<xref ref-type="bibr" rid="R23" id="11" class="deo:Reference">23</xref>], all kinds of ontologies, etc. are sorts of CVs. These CVs are used to match purpose that make more flexible for information extraction. In a semantic or controlled vocabulary [<xref ref-type="bibr" rid="R15" id="12" class="deo:Reference">15</xref>] a matching operator takes two-graph like structures, for instance ontologies or classifications and produces matching relationship among them. This semantic matching system is based on two key notions. One of them is the concept of nodes and the other is the concept of labels. In semantic matching, labels are written in natural language. These labels are disambiguated using a lexicon [<xref ref-type="bibr" rid="R29" id="13" class="deo:Reference">29</xref>]. In this case, they are working as background knowledge. In this paper, we will see the contribution of CV for publishing the web of data purposes and review the main applications of controlled vocabularies.<marker type="page" number="2"/><marker type="block"/> The rest of this paper is organized as follows: section two provides more details about classification of controlled vocabularies; section three presents the application of CVs in different aspects, section four presents semantic operability of controlled vocabularies for publishing linked open data and it also provides matching different matching techniques and tools and finally conclusion.<marker type="block"/> In our case, we can classify our controlled vocabularies based on nature, construction perspective and usage. These constructions are based on regions, countries, products, services, vertical markets, clients, customer alliances, structure subsidiaries histories and cultures etc. For instance, two words “Center" and “Centre" both have the same meaning but different spelling in different regions and cultures. We can classify controlled vocabularies in the following way:<marker type="block"/> This class of controlled vocabulary is mainly included in usage and existing relationships among the concepts and entities. For example, the most prominent representation of these vocabularies are Thesaurus, WordNet, Classification, Directories, Lightweight Ontologies [<xref ref-type="bibr" rid="R1" id="22" class="deo:Reference">1</xref>], etc.<marker type="block"/> 2.1.1 Thesaurus A thesaurus [<xref ref-type="bibr" rid="R18" id="24" class="deo:Reference">18</xref>, <xref ref-type="bibr" rid="R49" id="25" class="deo:Reference">49</xref>] can be defined as a controlled vocabulary that includes synonyms, hierarchies and associative relationships among terms to help users to find the information they need". For example, two users are looking for information on “Automobile". One may use the term “Car" while the other may use “Auto". Each of them queries the same information with different terms, but these terms belong to same concept. So, the success of finding relevant documents varies based on demand and context. To address the problem, thesauri map variations in terms (synonyms, abbreviations, acronyms and altered spelling) of a single preferred term for each concept. For document indexer, the thesauri provide the index term to be used to describe each concept. This enforces consistency of document indexing. For users of a Web site, the thesauri work in the background, mapping their keywords onto single preferred terms, so they can be presented with the complete set of relevant documents.<marker type="block"/> 2.1.2. WordNet A human compiled electronic dictionary is one kind of ontology that expresses meanings of bounded terms. It was developed by Prof. George Miller at Princeton University. It mainly builds up on a lexical knowledge base born from psycholinguistic research into the human lexicon. It has applications in different fields of research, sense disambiguation, semantic tagging and information retrieval [<xref ref-type="bibr" rid="R22" id="27" class="deo:Reference">22</xref>].<marker type="block"/> 2.1.3. EuroWordNet This is an European project for WordNet. The aim of this project is to develop multilingual dictionaries with WordNet for several European languages. In this project based on WordNet, each individual net is linked to a central system which is called Inter-Lingual-Index. Each net is composed of about 30,000 synsets and 50,000 entries [<xref ref-type="bibr" rid="R8" id="29" class="deo:Reference">8</xref>].<marker type="page" number="3"/><marker type="block"/> 2.1.4. Dmoz An open directory project is the most panoptic human edited directory of the Web. It is constructed and maintained by a vast, global community of volunteer editors. Web content is growing at staggering rates. Search engines are increasingly unable to provide useful results to search queries. The open directory provides a way to keep the Internet itself classified. It uses standard terms to tag the directories so that anyone can browse it [<xref ref-type="bibr" rid="R5" id="33" class="deo:Reference">5</xref>].<marker type="block"/> Construction of sentences, words and data are most of the time used in subject specific controlled vocabularies, for example languages to express chronology, hypothesis, comparison, etc. Typically an SSCV is expressed as key words, key phrases or classification codes that describe the theme of the resource. In the library sciences, due to the ever-increasing number of records, bibliographic systems are facing difficulties. Documents in the library system are heterogeneous: some of them provide few hints, some are disparate, while in others structural tags are sometimes not used properly, which results in inefficiency in extracting documents. However, controlled vocabularies which have traditionally been used in libraries, could serve as good-quality structures for subject browsing among entire documents. Subject heading systems and thesauri have traditionally been developed for subject indexing that would describe topics of the document more specifically structured [<xref ref-type="bibr" rid="R20" id="39" class="deo:Reference">20</xref>].<marker type="page" number="4"/><marker type="block"/> The Semantic Web and library communities have both been working toward the same set of goals: naming concepts, naming entities and bringing different forms of those names together. The Semantic Web's efforts toward this end are relatively new, whereas libraries have been doing work in this area for hundreds of years. Vocabularies developed in libraries, particularly at the Library of Congress, are sophisticated and advanced in searching and representation. Libraries have a long-standing history of developing, implementing and providing tools and services that encourage the use of numerous controlled vocabularies. When the naming conventions are translated into Semantic Web technologies, they will help realize Berners-Lee's dream [<xref ref-type="bibr" rid="R23" id="46" class="deo:Reference">23</xref>]. Furthermore, the roles of libraries in the Semantic Web are as follows:</region>
      <outsider class="DoCO:TextBox" type="footer" id="15" page="1" column="1">DOI: 10.5121/ijdms.2012.4502</outsider>
      <outsider class="DoCO:TextBox" type="page_nr" id="16" page="1" column="1">21</outsider>
      <outsider class="DoCO:TextBox" type="header" id="17" page="2" column="1">International Journal of Database Management Systems ( IJDMS ) Vol.4, No.5, October 2012</outsider>
      <region class="unknown" id="19" page="2" column="1">2. C LASSIFICATION OF C ONTROLLED V OCABULARY</region>
      <region class="unknown" id="21" page="2" column="1">2.1 General controlled vocabulary:</region>
      <outsider class="DoCO:TextBox" type="page_nr" id="31" page="2" column="1">22</outsider>
      <outsider class="DoCO:TextBox" type="header" id="32" page="3" column="1">International Journal of Database Management Systems ( IJDMS ) Vol.4, No.5, October 2012</outsider>
      <region class="unknown" id="35" page="3" column="1">.</region>
      <region class="DoCO:FigureBox" id="F1">
        <image class="DoCO:Figure" src="es.page_003.image_01.png" thmb="es.page_003.image_01-thumb.png"/>
        <caption class="deo:Caption" id="37" page="3" column="1">Figure 1. CVs</caption>
      </region>
      <region class="unknown" id="38" page="3" column="1">2.2 Subject specific controlled vocabulary (SSCV)</region>
      <outsider class="DoCO:TextBox" type="page_nr" id="41" page="3" column="1">23</outsider>
      <outsider class="DoCO:TextBox" type="header" id="42" page="4" column="1">International Journal of Database Management Systems ( IJDMS ) Vol.4, No.5, October 2012</outsider>
      <region class="DoCO:FigureBox" id="F2">
        <image class="DoCO:Figure" src="es.page_004.image_02.png" thmb="es.page_004.image_02-thumb.png"/>
        <caption class="deo:Caption" id="44" page="4" column="1">Figure 2. Library of Congress Online Catalog</caption>
      </region>
      <region class="unknown" id="45" page="4" column="1">2.3 Library Congress and Authors List</region>
      <outsider class="DoCO:TextBox" type="page_nr" id="48" page="4" column="1">24</outsider>
      <outsider class="DoCO:TextBox" type="header" id="49" page="5" column="1">International Journal of Database Management Systems ( IJDMS ) Vol.4, No.5, October 2012</outsider>
      <region class="DoCO:FigureBox" id="F3">
        <image class="DoCO:Figure" src="es.page_005.image_03.png" thmb="es.page_005.image_03-thumb.png"/>
        <caption class="deo:Caption" id="51" page="5" column="1">Figure 3. Library Congress Author List</caption>
      </region>
      <region class="DoCO:TextChunk" id="53" confidence="possible" page="5" column="1">• Exposing collections-use Semantic Web technologies to make content available • Web’ifying, • Thesaurus/Mappings/Services • Sharing Learned. • Persistence. As all of the above roles are equally important, the intuition to move controlled vocabularies into a standard to which web services can gain easy access to information management. By conforming all these vocabularies to Semantic Web standards, such as controlled vocabularies will provide limitless opportunities to use them in different ways. This can make possible searching and browsing diverse records, verifying and identifying particular authors and browsing sets of topics related to a particular concept [<xref ref-type="bibr" rid="R20" id="52" class="deo:Reference">20</xref>]. Authors List can be categorized into two ways:</region>
      <region class="DoCO:TextChunk" id="115" page="5" column="1">2.3.1 Uniform List This category [ <xref ref-type="bibr" rid="R18" id="54" class="deo:Reference">18</xref>] includes all universal names. For example, the “Bible", the “Gita", the “Quran", the “Tripod” and the “Lake of Garda" etc. This kind of series list of controlled vocabularies is included in different consecutive names. From a unique list it is easier to match the concepts they represent.<marker type="block"/> 2.3.2 Series List This category includes the series of same name with the different themes such as “Terminator-1", “Terminator-2", and“Terminator-3".<marker type="page" number="6"/><marker type="block"/> 3.1.1 Traditional Controlled Vocabulary tools The vocabulary which is used in legacy systems is called the traditional vocabulary. For example, the AGROVOC[<xref ref-type="bibr" rid="R9" id="60" class="deo:Reference">9</xref>], a thesaurus is mainly in relational database format and is published on the website for browsing and navigating concepts and their relations. It was previously available only in four languages. Now it is available in 22 languages. Major drawbacks of traditional controlled vocabularies are that they were not well structured, they were only text format or SQL format, their relationships were not well defined, there was no semantics between the concepts and there was no Unified Resource Identifier (URI) for locating the concepts.<marker type="block"/> 3.1.2 A Modern Controlled vocabulary collaborative management system Modern controlled vocabularies[<xref ref-type="bibr" rid="R12" id="62" class="deo:Reference">12</xref>]are one kind of lightweight ontologies with well defined multiple formats (SKOS, RDF, and OWL etc). In this vocabulary, each concept is assigned a URL. Using this URI, one can populate concept information and use this information for further research. One example of modern controlled vocabulary is AGROVOC VocBench. In VocBench, one can add or modify the concepts in distributed manner.<marker type="page" number="7"/><marker type="block"/> 3.2.1 Background Knowledge Controlled vocabularies are used in subject indexing schemes, subject headings, thesauri and taxonomies to provide a way to organize knowledge for subsequent retrieval [<xref ref-type="bibr" rid="R2" id="69" class="deo:Reference">2</xref>, <xref ref-type="bibr" rid="R16" id="70" class="deo:Reference">16</xref>].The Controlled vocabulary strategy assigns the use of predefined, authorized terms that have been preselected by the designer of the vocabulary. For easy accessing to the digital information and library catalogues, tags are carefully selected from the words and phrases in a controlled vocabulary. CV controls the use of synonyms (and near-synonyms) by establishing a single form of the term. This ensures that indexers apply the same terms to describe the same or similar concepts, thus reducing the probability that relevant resources will be missed during a user search. The biggest advantage to controlled vocabularies is that once you find the correct term, most of the information you need is grouped together in one place, saving you the time of having to search under all of the other synonyms for that term. In large organizations, controlled vocabularies may be introduced to improve inter-departmental communication. The use of controlled vocabularies ensures that everyone is using the same word to mean the same thing. This consistency of terms is one of the most important concepts in technical writing and knowledge management, where effort is expended to use the same word throughout a document organization instead of slightly different ones referring the same thing.<marker type="block"/> 3.2.2 Document annotation The objective of document annotation is to use appropriate terms so that machines can easily understand and correctly classify the documents, allowing the user easy access while searching or browsing. For example, Clusty[<xref ref-type="bibr" rid="R6" id="72" class="deo:Reference">6</xref>], Vivisimo[<xref ref-type="bibr" rid="R7" id="73" class="deo:Reference">7</xref>], Swoogle[<xref ref-type="bibr" rid="R45" id="74" class="deo:Reference">45</xref>], etc. are classified documents under pre-defined keywords or terms so that one can go to specific locations to find the needed information[<xref ref-type="bibr" rid="R19" id="75" class="deo:Reference">19</xref>]. Furthermore, document annotation is needed for building knowledge bases that will be used in the future Web and existing large sets of corporas. However, existing information retrieval systems use string matching techniques for full-text search or key phrase search. Thus, a major problem with these systems is overlapping the matching terms or matching results. To overcome these difficulties, more semantic information should be added to matching techniques. The present NLP (natural language processing) techniques cannot provide the complete solution. There is more work to be done. In additional, document annotation can help to improve the performance of information extraction.<marker type="block"/> 3.2.3. Information retrieval and extraction WordNet has been used as a comprehensive semantic lexicon in a module for full text message retrieval as a communication aid, in which queries are expanded through keyword design. In [<xref ref-type="bibr" rid="R16" id="77" class="deo:Reference">16</xref>], automatic construction of thesauri, based on the occurrences determined by the automatic statistical identification of semantic relations is used for text categorization. English words can have different meanings or the same meaning with different structures or descriptions. For example, “center" and “centre" have the same meaning but different spelling for American and British English. Conversely, the same words can have different meanings, for example “bank" means “river side" or “financial institution". It is hard to classify documents or satisfy user queries according to the meaning of words. Text categorization is the process of categorizing the document under a specific class. WordNet lexical information builds a relation between sentences and coherent categories. Sebastiani [<xref ref-type="bibr" rid="R47" id="78" class="deo:Reference">47</xref>] describes an algorithm for text categorization using WordNet.<marker type="block"/> 3.2.4. Audio and Video retrieval In the digital age, the most challenge is to handle the huge amount of hyper-media or non-textual information on the Web. For example, an YouTube [<xref ref-type="bibr" rid="R26" id="80" class="deo:Reference">26</xref>], over 150,000 videos are uploaded and 100,000,000 queries are performed every day. In order to control these high volumes of hyper-<marker type="page" number="8"/><marker type="block"/> media information, information must be used and used in the right way. For instance, the multimedia miner [<xref ref-type="bibr" rid="R24" id="84" class="deo:Reference">24</xref>] is a prototype to extract multimedia information and knowledge from the web to generate conceptual hierarchies for interactive information retrieval and build multi- dimensional cubes for multimedia data. Finally, WordNet or Thesaurus are used in query expansion for TV or radio programs to index the news automatically. It has some drawbacks; for instance, it is not domain specific and it is not possible to find relationships between terms with different partsof speech.<marker type="block"/> Controlled vocabularies are used in resolving semantic heterogeneity among data sources for data exchange and integration in different domain.<marker type="block"/> In bioinformatics domain [<xref ref-type="bibr" rid="R41" id="89" class="deo:Reference">41</xref>], controlled vocabulary is used in ingrating molecular biological data for resolving different terms of the same thing and accessing data without know the structure and technical issues. In medical domain [<xref ref-type="bibr" rid="R39" id="90" class="deo:Reference">39</xref>], different ontology alignment through controlled vocabularies is ued in semantic ingration of medica data. In geology and mining [<xref ref-type="bibr" rid="R39" id="91" class="deo:Reference">39</xref>], controlled vocabulary is used for semantic interoperability of geodata from mining projects. For this purpose, concepts and their relationships are proposed in knowledge domain of mineral exploration for mining projects. In devolping controlled vocabulary, the used national standard of geosciences taxonomies and terminolgies. Further, controlled vocabulary is used resolving heterogeneity anong data sources from mining projects in integrating databases. Sharing data in hydrological domain [<xref ref-type="bibr" rid="R42" id="92" class="deo:Reference">42</xref>], controlled vocabulary is also used. In [<xref ref-type="bibr" rid="R43" id="93" class="deo:Reference">43</xref>], to annotate and integrate biological datasets, controlled vocabulary is used.<marker type="block"/> 3.2.6 Managing information in social network The endlessly growth of information resources on the web demands better classification. This classification is needed to browse web pages more smoothly. Previous orthodox information resources were not consistent because of changing static to dynamic pages on the Web. After changing those information resources to modern information resources, a more consistent to<marker type="page" number="9"/><marker type="block"/> categorization is needed. However, the problem was not only browsing the pages but also consisting of qualities of Web sites content. To overcome this problem, a change to apply online vocabulary resources is needed to help end users to find what they are looking for. Furthermore, social networking, linking data, Flickr[<xref ref-type="bibr" rid="R13" id="98" class="deo:Reference">13</xref>], Google Maps[<xref ref-type="bibr" rid="R46" id="99" class="deo:Reference">46</xref>] and intercompany collaboration, etc. brings have a common ground which further necessitates a controlled vocabulary.<marker type="block"/> In personalized recommender system [<xref ref-type="bibr" rid="R44" id="103" class="deo:Reference">44</xref>], controlled vocabualry is used in tagging of items. The item taxonomy is a set of controlled vocabulary terms.<marker type="block"/> People are breaking their legacy data silos and uploading the data on the web . To get the real value from these uploaded data , it is needed to connect them. It occurs the heterogenous issue. The Maching is the main factor for linking the data in distributed environment . According to Tim Berners-Lee, linking resource get the highest start for Linked Open Data principle’s .<marker type="block"/> The semantic heterogeneity is the big problem of matching the controlled vocabularies. In order to clarify our problem statement, let us proceed to match CVs. The CV stores concepts and C relationships between these concepts. We write cv to denote the set of concepts stored in the CV database. We write c i to denote a concept with ID i in the CV database (i.e., c i ∈ C cv ). The<marker type="page" number="10"/><marker type="block"/> stored relations are specificity(c i ⊆ cj) and disjoint relationship(c i ∩ cj). We write Ro to represent the ( ⊆ or ⊥ ) that holds between concept c i and cj. The set Ro can be used to compute all the other possible relations that hold between concepts in CV. The set of concepts and the set of original relation in the CV can be represented in the form of a graph, whose nodes are concepts and which has two kind of edges .The first kind represent the specificity and it is shown as a directed edge. An edge directed from node i (concept c i ) and node j (concept cj) means that cj ⊆ c i . The second kind of relation is disjoint relation. Let a mapping element be a 4-tuple ID ij , c i , c j , R , where ID ij = is unique identifier of the given element c i = a set of concepts in CV1, cj = a set of concepts of concept CV2, R=relation which holds between concepts of vocabularies. The possible semantic relations are: equivalence ( ≡ ), more general ( ⊇ ), less general ( ⊆ ), and mismatch ( ⊥ ).<marker type="block"/> For instance, we consider two concepts from CV1 and CV2. The two concepts respectively C car and C automobile which represent concept label car and concept label automobile that mean car is a entity or thing in the real world, similarly automobile mean an entity in the real word. As we know that C car ≡ C automobile if C car I =C automobile I Since there is no similarity between two concepts label then we cannot say that they are equivalent. Now, we check their synonym to find out if there is any similarity existing or not. Synset of C car : &lt;car, auto, machine and&gt; C Synset of automobile :&lt; auto, automobile, motorcar&gt;<marker type="block"/> Since they have common word “auto” then we can assume they have an existing relationship. However, it is not enough to draw the conclusion about similarity between two concepts only using synonym. We go through less general ( ⊆ ) and more general ( ⊇ ) relationship of concepts. For example, car is having two children</region>
      <outsider class="DoCO:TextBox" type="page_nr" id="57" page="5" column="1">25</outsider>
      <outsider class="DoCO:TextBox" type="header" id="58" page="6" column="1">International Journal of Database Management Systems ( IJDMS ) Vol.4, No.5, October 2012</outsider>
      <region class="unknown" id="59" page="6" column="1">3. A PPLICATIONS 3.1 Applications for managing controlled vocabularies</region>
      <region class="DoCO:FigureBox" id="F4">
        <image class="DoCO:Figure" src="es.page_006.image_04.png" thmb="es.page_006.image_04-thumb.png"/>
        <caption class="deo:Caption" id="65" page="6" column="1">Figure 4. AGROVOC VocBench</caption>
      </region>
      <outsider class="DoCO:TextBox" type="page_nr" id="66" page="6" column="1">26</outsider>
      <outsider class="DoCO:TextBox" type="header" id="67" page="7" column="1">International Journal of Database Management Systems ( IJDMS ) Vol.4, No.5, October 2012</outsider>
      <region class="unknown" id="68" page="7" column="1">3.2 Applications for exploiting controlled vocabularies</region>
      <outsider class="DoCO:TextBox" type="page_nr" id="82" page="7" column="1">27</outsider>
      <outsider class="DoCO:TextBox" type="header" id="83" page="8" column="1">International Journal of Database Management Systems ( IJDMS ) Vol.4, No.5, October 2012</outsider>
      <region class="DoCO:FigureBox" id="F5">
        <image class="DoCO:Figure" src="es.page_008.image_05.png" thmb="es.page_008.image_05-thumb.png"/>
        <caption class="deo:Caption" id="87" page="8" column="1">Figure 5. Video Indexing 3.2.5. Semantic interoperability, data exchange and integration</caption>
      </region>
      <outsider class="DoCO:TextBox" type="page_nr" id="96" page="8" column="1">28</outsider>
      <outsider class="DoCO:TextBox" type="header" id="97" page="9" column="1">International Journal of Database Management Systems ( IJDMS ) Vol.4, No.5, October 2012</outsider>
      <region class="DoCO:FigureBox" id="F6">
        <image class="DoCO:Figure" src="es.page_009.image_06.png" thmb="es.page_009.image_06-thumb.png"/>
        <caption class="deo:Caption" id="102" page="9" column="1">Figure 6. Controlled Vocabulary used as Tagging in Flickr 3.2.7 Controlled vocabulary in web intelligence and recommender systems</caption>
      </region>
      <region class="unknown" id="105" page="9" column="1">4. S EMANTIC I NTEROPERALABILITY OF C ONTROLLED V OCABULARIES F OR P UBLISHING L INKED O PEN D ATA 4.1 Controlled vocabularies in matching</region>
      <region class="unknown" id="107" page="9" column="1">4.1. 1. Matching problem</region>
      <outsider class="DoCO:TextBox" type="page_nr" id="109" page="9" column="1">29</outsider>
      <outsider class="DoCO:TextBox" type="header" id="110" page="10" column="1">International Journal of Database Management Systems ( IJDMS ) Vol.4, No.5, October 2012</outsider>
      <region class="unknown" id="112" page="10" column="1">vehicle 1 automobile cycle 2 3 car 1 6 8 4 sedan wagon 2 4 5 taxi 5 sedan wagon Bicycle motorcycle</region>
      <region class="DoCO:FigureBox" id="F7">
        <caption class="deo:Caption" id="113" page="10" column="1">Figure 7. CV 1 and CV 2</caption>
      </region>
      <region class="DoCO:TextChunk" id="116" confidence="possible" page="10" column="1">C sedan ⊆ C car</region>
      <outsider class="DoCO:TextBox" type="page_nr" id="117" page="10" column="1">30</outsider>
      <outsider class="DoCO:TextBox" type="header" id="118" page="11" column="1">International Journal of Database Management Systems ( IJDMS ) Vol.4, No.5, October 2012</outsider>
      <region class="DoCO:TextChunk" id="119" page="11" column="1">C wagon ⊆ C car and automobile is having three children C sedan ⊆ C automobile C wagon ⊆ C automobile C taxi ⊆ C automobile Since they have two common children, we can assume they might same concept. For these reason we need to find out the parent of car and parent of automobile. For instance, these two concepts are having same parent vehicle. So, we can say that they are siblings. C vehicle ⊇ C car C vehicle ⊇ C automobile</region>
      <region class="DoCO:TextChunk" id="122" confidence="possible" page="11" column="1">The following assumption we know from CV database [<xref ref-type="bibr" rid="R3" id="120" class="deo:Reference">3</xref>, <xref ref-type="bibr" rid="R4" id="121" class="deo:Reference">4</xref>] that A word cannot exist in the database without at least one synset associated with it A synset cannot exist in the database without at least one word associated with it.</region>
      <region class="DoCO:TextChunk" id="124" page="11" column="1">According to this assume, we can say, a concept can represent one word or multiple words. C For instance, C car can be represented word “car” and similarly, automobile can be represented word “automobile” W car CV 1 ≠ W automobile CV 2 <marker type="block"/> These two words can compare only by syntactically [0,1]. Therefore, we can only use equivalent relation ( ≡ ) on it. The problem occurs due to different word form stores in different controlled vocabularies and there is no standard file or authenticate file to describe for forming of words. For instance,</region>
      <region class="DoCO:TextChunk" id="125" confidence="possible" page="11" column="1">If we have two words network and networking W netork CV 1 W networking CV 2</region>
      <region class="DoCO:TextChunk" id="129" page="11" column="1">This above case, we can see that both words have a common 6 literals. In our case, we consider equivalent relation between words by given threshold in order to solve the problem. More precisely, we will give equivalent relation ( ≡ ) between words if their three literals are common. As result, <marker type="block"/> Therefore, the only the equivalence relation could be used for words and synonyms. Furthermore, concepts are equivalent if they have the same concept label, i.e., they carry the same meaning in the real world for example if we say concept of car, it means a set of document which tell about the car [<xref ref-type="bibr" rid="R22" id="128" class="deo:Reference">22</xref>]; otherwise, they are mismatched. Hence, equivalence is the strongest binding relation as the second entity is exactly the same as the first. On the other hand, “more general” and “less general” relations give us containment information with respect to the first entity, while the mismatch relation provides containment information with respect to the extension of the complement of the first entity.</region>
      <region class="unknown" id="127" page="11" column="1">W netork CV 1 ≡ W networking CV 2</region>
      <outsider class="DoCO:TextBox" type="page_nr" id="130" page="11" column="1">31</outsider>
      <outsider class="DoCO:TextBox" type="header" id="131" page="12" column="1">International Journal of Database Management Systems ( IJDMS ) Vol.4, No.5, October 2012</outsider>
      <region class="DoCO:TextChunk" id="132" confidence="possible" page="12" column="1">There are some restrictions in case of mapping control vocabularies. If c i , c j , ⊥ ∈ Ro ( c i , c j ∈ C cv , i ≠ j ) then c cj and cj ci If c i , c j , ⊥ ∈ Ro ( c i , c j ∈ C cv , i ≠ j ) then ( k ≠ i , k ≠ j ) s.t. c k ⊆ c i and c k ⊆ c j ;</region>
      <region class="DoCO:FigureBox" id="Fx133">
        <image class="DoCO:Figure" src="es.page_012.image_07.png" thmb="es.page_012.image_07-thumb.png"/>
      </region>
      <region class="DoCO:TextChunk" id="142" page="12" column="1">The first restriction specifies that tha t there cannot be a “disjoint” relation between two concepts if one is more specific than other, the second restriction specifies that “mismatch” concept cannot have common descendent. Apart from these restrictions, we do not consider the “more general” or “less general” relation between words and synonyms. <marker type="block"/> 4.1.2.1 String matching These techniques are often used to match between two words from given entities. They consider strings as sequences of letters in an alphabet. They are typically based on the following intuition: the more similar the strings, the more likely they denote the same concepts. Some examples of string-based based techniques which are extensively used in matching systems are prefix prefix, suffix, edit distance, and n-gram [<xref ref-type="bibr" rid="R27" id="136" class="deo:Reference">27</xref>, <xref ref-type="bibr" rid="R35" id="137" class="deo:Reference">35</xref>]. For example, example we can consider a match atch between the words the “Hot” ” and “Hotel” according the prefix matching.<marker type="block"/> 4.1.2.2 Semantic matching Semantic Matching is introduced in [<xref ref-type="bibr" rid="R14" id="139" class="deo:Reference">14</xref>, <xref ref-type="bibr" rid="R15" id="140" class="deo:Reference">15</xref>, <xref ref-type="bibr" rid="R27" id="141" class="deo:Reference">27</xref>] and it does not consider straight string matching techniques for matching purpose. It takes two classifications and produces matches. This matching system based on two key notations; notation one is concept of node, concept of label. However, background knowledge is major factor for its functionalities. WordNet plays vital role for this purpose.</region>
      <region class="unknown" id="135" page="12" column="1">4.1.2 Matching methods</region>
      <region class="DoCO:TextChunk" id="143" confidence="possible" page="12" column="1">4.2. Vocabulary matching tools There are several tools for matching purposes. We descirbe some of them in here.</region>
      <region class="DoCO:TextChunk" id="171" page="12" column="1">4.2.1. FALCON-AO Falcon [ <xref ref-type="bibr" rid="R36" id="144" class="deo:Reference">36</xref>] is a platform for Semantic Web applications that provides fundamental technology for finding, aligning and learning ontologies. Falcon-AO Falcon is an automatic ontology matching system that aids interoperability between ontologies. The Falcon-AO Falcon AO tool takes RDF /OWL as input and produces RDF as output. Furthermore, this tool includes LMO (linguistic matching for ontologies), GMO (graph matching for fo ontologies) and PBM (a partition-based based matcher for large ontologies).<marker type="block"/> 4.2.2 CTXMatch, S-match Context Match (CTXmatch) and Semantic Matcher Mat (S-match) [<xref ref-type="bibr" rid="R15" id="146" class="deo:Reference">15</xref>, <xref ref-type="bibr" rid="R37" id="147" class="deo:Reference">37</xref>] is developed by the University of Trento. CtxMatch presents an approach to derive semantic relations rela tions between classes of two classification schemas, which are extracted from databases or ontologies. Based on the labels the system identifies equivalent entities. For this, it also makes use of synonyms defined in WordNet. Other element level matchers are a also included. Through an SAT-solver solver the system identifies additional relations between the two schemas. The SAT-solver SAT solver takes the structure of the schemas into account, especially the taxonomy and its inferred implications, e.g., the fact that any object t in a class is also an element of all the superclasses there of. As a result, the system returns equivalence, subsumption, or mismatch between two classes. A recent version S S-Match also provides explanations of the alignments.<marker type="page" number="13"/><marker type="block"/> 4.2.3. Silk framework The Silk frame work is a tool for matching the data from different Linked Open data source. It takes two RDF files (Resource Description Frame work) as input and generate the similarity matrics among the links by using the the string matching techniques. It uses the concept-to- concept matching approach [<xref ref-type="bibr" rid="R35" id="151" class="deo:Reference">35</xref>].<marker type="block"/> 4.3. Controlled facilitating the Linked Open Data The key factor of semantic web is a web of data. These data need to be linked for the broader usages of semantic web community. “Linked Data is about using the Web to connect related data that wasn't previously linked, or using the Web to lower the barriers to linking data currently linked using other methods”. More specifically, Wikipedia defines Linked Data [<xref ref-type="bibr" rid="R32" id="153" class="deo:Reference">32</xref>] as "a term used to describe a recommended best practice for exposing, sharing, and connecting pieces of data, information, and knowledge on the Semantic Web using URIs and RDF." The controlled vocabularies play important role for this new dimension of datasharing arena. The most callenges are the data formats (i.e., XML, CVS, txt, etc) and licence policy . In order to publish the data, we need to make the datasources in RDF/XML format and the free licence policy so that anybody can use the published data in their applications.<marker type="block"/> For example, “AGROVOC thesaurus” is aligned with thirteen vocabularies, thesauri and ontologies in areas related to the domains it covers for joining the LOD. The Six of the linked resources are general in scope: the Library of Congress Subject Headings (LCSH), NAL Thesaurus, RAMEAU (Répertoire d'autorité-matière encyclopedique et alphabetique unifie), Eurovoc, DBpedia, and an experimental Linked Data version of the Dewey Decimal Classification. The remaining seven resources are specific to various domains: GEMET on the environment, STW for Economics, TheSoz is about social science and both GeoNames and the FAO Geopolitical Ontology cover countries and political regions. ASFA covers all aquatic science and the aptly named Biotechnology glossary covers biotechnology. These linked resources are mostly available as RDF/XML resources.<marker type="block"/> The thesauri were considered in their entirety barring RAMEAU, for which only agriculture related concepts were considered (amounting to some 10% of its 150 000 concepts). Candidate mappings were found by applying string similarity matching algorithms to pairs of preferred labels [<xref ref-type="bibr" rid="R34" id="159" class="deo:Reference">34</xref>] and by using the Ontology Alignment API [<xref ref-type="bibr" rid="R28" id="160" class="deo:Reference">28</xref>] for managing the produced matches.<marker type="page" number="14"/><marker type="block"/> The common analysis language used was English in all cases except the AGROVOC - RAMEAU alignment for which French was used. <xref ref-type="table" rid="T1" id="164" class="deo:Reference">Table 1</xref> shows, for each eac h resource linked to AGROVOC (column 1), its area of coverage (column 2), the language considered for mapping with AGROVOC (column 3), and the number of matches resulting from the evaluation (column 4).<marker type="block"/> Candidate links were presented to a domain expert for f or evaluation in the form of a spread sheet. Once validated the mappings were loaded in the same triple store where the linked data version of AGROVOC is stored. All resulting validated candidate matches were considered to be skos:exactMatch.<marker type="block"/> The objective e when linking AGROVOC to other resources was to provide only main anchors, privileging accuracy over recall. This is why it only used exactMatch, found by means of string string- similarity techniques as opposed to more sophisticated context-based context based approaches. Als Also, the One Sense per Domain hypothesis [<xref ref-type="bibr" rid="R34" id="167" class="deo:Reference">34</xref>] supports the claim that in the case similar strings correspond to equivalent meanings. The use of more sophisticated approaches might have contributed to filtering out potential results more than widening their n number umber (thus incrementing precision over recall), however this potential loss of precision was well compensated by the manual validation of candidate links by y a domain expert [<xref ref-type="bibr" rid="R30" id="168" class="deo:Reference">30</xref>] . In addition, these secure links from the AGROVOC LOD are used to facilitate the AGRIS[<xref ref-type="bibr" rid="R31" id="169" class="deo:Reference">31</xref>] AGRIS which is “a global public domain Database with 2830342 structured bibliographical records on agricultural science and technology. 79.78% of records are citations from fr om scientific journals. The bibliographic references contain either links to the full text of the publication or additional information retrieved from related Internet resources” to network to join the LOD. The Agris Linked Open Data verison is called the “OpenAgris”[<xref ref-type="bibr" rid="R32" id="170" class="deo:Reference">32</xref>]. . The Open Agris uses the AGROVOC links to connect the Dbpedia and extract the information. All the process happens on the fly.</region>
      <outsider class="DoCO:TextBox" type="page_nr" id="149" page="12" column="1">32</outsider>
      <outsider class="DoCO:TextBox" type="header" id="150" page="13" column="1">International Journal of Database Management Systems ( IJDMS ) Vol.4, No.5, October 2012</outsider>
      <region class="DoCO:TableBox" id="Tx156">
        <content>
          <table class="DoCO:Table" number="1" page="13">
            <thead class="table">
              <tr class="table">
                <th class="table"> Vocabulary</th>
                <th class="table"> Coverage</th>
                <th class="table"> Lang used for link</th>
                <th class="table"> #matches</th>
              </tr>
            </thead>
            <tbody>
              <tr class="table.strange">
                <td class="table.strange"></td>
                <td class="table.strange"></td>
                <td class="table.strange"> discovery</td>
                <td class="table.strange"></td>
              </tr>
              <tr class="table">
                <td class="table"> EUROVOC</td>
                <td class="table"> General</td>
                <td class="table"> EN</td>
                <td class="table"> 1,297</td>
              </tr>
              <tr class="table">
                <td class="table"> DDC</td>
                <td class="table"> General</td>
                <td class="table"> EN</td>
                <td class="table"> 409</td>
              </tr>
              <tr class="table">
                <td class="table"> LCSH</td>
                <td class="table"> General</td>
                <td class="table"> EN</td>
                <td class="table"> 1,093</td>
              </tr>
              <tr class="table">
                <td class="table"> NALT</td>
                <td class="table"> Agriculture</td>
                <td class="table"> EN</td>
                <td class="table"> 13,390</td>
              </tr>
              <tr class="table">
                <td class="table"> RAMEAU</td>
                <td class="table"> General (cut on Agri.)</td>
                <td class="table"> FR</td>
                <td class="table"> 686</td>
              </tr>
              <tr class="table">
                <td class="table"> DBpedia</td>
                <td class="table"> General</td>
                <td class="table"> EN</td>
                <td class="table"> 1,099</td>
              </tr>
              <tr class="table">
                <td class="table"> TheSoz</td>
                <td class="table"> Social science</td>
                <td class="table"> EN</td>
                <td class="table"> 846</td>
              </tr>
              <tr class="table">
                <td class="table"> STW</td>
                <td class="table"> Economy</td>
                <td class="table"> EN</td>
                <td class="table"> 1,136</td>
              </tr>
              <tr class="table">
                <td class="table"> FAO Geopol. Ontology</td>
                <td class="table"> Geopolitical</td>
                <td class="table"> EN</td>
                <td class="table"> 253</td>
              </tr>
              <tr class="table">
                <td class="table"> GEMET</td>
                <td class="table"> Environment</td>
                <td class="table"> EN</td>
                <td class="table"> 1,191</td>
              </tr>
              <tr class="table">
                <td class="table"> ASFA</td>
                <td class="table"> Aquatic sciences</td>
                <td class="table"> EN</td>
                <td class="table"> 1,812</td>
              </tr>
              <tr class="table">
                <td class="table"> Biotech</td>
                <td class="table"> Biotechnology</td>
                <td class="table"> EN</td>
                <td class="table"> 812</td>
              </tr>
              <tr class="table">
                <td class="table"> GeoNames</td>
                <td class="table"> Gazeteer</td>
                <td class="table"> EN</td>
                <td class="table"> 212</td>
              </tr>
            </tbody>
          </table>
        </content>
        <region class="TableInfo" id="157" confidence="possible" page="13" column="1">Lang used for link #matches Vocabulary Coverage discovery EUROVOC General EN 1,297 DDC General EN 409 LCSH General EN 1,093 NALT Agriculture EN 13,390 RAMEAU General (cut on Agri.) FR 686 DBpedia General EN 1,099 TheSoz Social science EN 846 STW Economy EN 1,136 FAO Geopol. Ontology Geopolitical EN 253 GEMET Environment EN 1,191 ASFA Aquatic sciences EN 1,812 Biotech Biotechnology EN 812 GeoNames Gazeteer EN 212</region>
        <caption class="deo:Caption" id="158" page="13" column="1">Table 1. Resources linked to AGROVOC.</caption>
      </region>
      <outsider class="DoCO:TextBox" type="page_nr" id="162" page="13" column="1">33</outsider>
      <outsider class="DoCO:TextBox" type="header" id="163" page="14" column="1">International Journal of Database Management Systems ( IJDMS ) Vol.4, No.5, October 2012</outsider>
      <region class="DoCO:FigureBox" id="F8">
        <image class="DoCO:Figure" src="es.page_014.image_08.png" thmb="es.page_014.image_08-thumb.png"/>
        <caption class="deo:Caption" id="173" page="14" column="1">Figure 8. AGROVOC links use for the extracting the information</caption>
      </region>
      <outsider class="DoCO:TextBox" type="page_nr" id="174" page="14" column="1">34</outsider>
      <outsider class="DoCO:TextBox" type="header" id="175" page="15" column="1">International Journal of Database Management Systems ( IJDMS ) Vol.4, No.5, October 2012</outsider>
      <region class="DoCO:TextChunk" id="176" confidence="possible" page="15" column="1">Finally, we learn a couple of lessons • The AGROVOC can be a hub of linking data sources and use these links for extracting the information from different data providers • The most important things that we can classify the information and search them easily by using the CVS.</region>
      <region class="DoCO:TextChunk" id="178" page="15" column="1">5. C ONCLUSION Controlled vocabularies are playing vital role for information integration and information retrieval.It can be more useful as linking information, discovery knowledge, and knowledge base in the web. However, a complete universal controlled vocabulary is not yet to be done by any research. It is extremely necessary in the filed of information science, earth science, biological science, cyber science and medical science for common ground of vocabularies so that anyone can access information even he or she does not understand full of language. We have discussed pros and cons different kind of controlled vocabularies and mentioned some on going work on this domain. <marker type="block"/> A CKNOWLEDGEMENTS The CSIRO Intelligent Sensing and Systems Laboratory and the Tasmanian node of the Australian Centre for Broadband Innovation are assisted by a grant from the Tasmanian Government which is administered by the Tasmanian Department of Economic Development, Tourism and the Arts. Author also would like to thanks Gudrun Johannsen, Johannes Keizer, and Prof. Fausto Giunchiglia</region>
      <section class="DoCO:Section">
        <h1 class="DoCO:SectionTitle" id="179" confidence="possible" page="15" column="1">R EFERENCES</h1>
        <ref-list class="DoCO:BiblioGraphicReferenceList">
          <ref rid="R1" class="deo:BibliographicReference" id="180" confidence="possible" page="15" column="1">[1] Zhu, H., &amp; Madnick, S. (2006).A lightweight ontology approach to scalable interoperability. Working paper CISL, The Massachusetts Institute of Technology,Cambridge, MA ,USA, June 2006.</ref>
          <ref rid="R2" class="deo:BibliographicReference" id="181" confidence="possible" page="15" column="1">[2] Faatz, T. Kamps A. &amp; Steinmetz, R.(2000) Background knowledge,indexing and matching interdependencies ofdocument management and ontology maintenance. In Proceedings of the First Workshop on Ontology Learning(OL-2000) in conjunction with the 14th European Conference on Arti_cial Intelligence (ECAI 2000), Berlin,.</ref>
          <ref rid="R3" class="deo:BibliographicReference" id="182" confidence="possible" page="15" column="1">[3] Morshed, A.(2009). Controlled vocabulary matching in distributed system. 26th British National Conference on Databases,UK, July 2009.</ref>
          <ref rid="R4" class="deo:BibliographicReference" id="183" confidence="possible" page="15" column="1">[4] Morshed.A(2010). Aligning Controlled vocabularies for enabling semantic matching in a distributed knowledge management system. Unpublished doctoral disseration, University of Trento, Trento, Italy.</ref>
          <ref rid="R5" class="deo:BibliographicReference" id="186" confidence="possible" page="15" column="1">[5] DMOZ. (2012).Open directory project.Retrieved Jan, 2012, from <ext-link ext-link-type="uri" href="http://www.dmoz.org/." id="184">http://www.dmoz.org/.</ext-link> [6] Clusty.(2012).MetaSearch Engine. Retrieved March, 2012, from <ext-link ext-link-type="uri" href="http://clusty.com/." id="185">http://clusty.com/.</ext-link></ref>
          <ref rid="R6" class="deo:BibliographicReference" id="189" confidence="possible" page="15" column="1">[7] Vivisimo.(2012). MetaSearch Engine. Retrieved March,2012, from <ext-link ext-link-type="uri" href="http://vivisimo.com/." id="187">http://vivisimo.com/.</ext-link> [8] EuroWordNet.(2012). Retrieved Jan,2012, from <ext-link ext-link-type="uri" href="http://www.illc.uva.nl/EuroWordNet/." id="188">http://www.illc.uva.nl/EuroWordNet/.</ext-link></ref>
          <ref rid="R7" class="deo:BibliographicReference" id="191" confidence="possible" page="15" column="1">[9] AGROVOC.(2012).AGROVOCThesaurus.RetrievedJan,2012,from <ext-link ext-link-type="uri" href="http://aims.fao.org/standards/agrovoc/functionalities/search" id="190">http://aims.fao.org/standards/agrovoc/functionalities/search</ext-link></ref>
          <ref rid="R8" class="deo:BibliographicReference" id="193" confidence="possible" page="15" column="1">[12] VocBench.(2012). Retrieved June, 2012, from <ext-link ext-link-type="uri" href="http://aims.fao.org/tools/vocbench-2." id="192">http://aims.fao.org/tools/vocbench-2.</ext-link></ref>
          <ref rid="R9" class="deo:BibliographicReference" id="195" confidence="possible" page="15" column="1">[13] Flickr.(2012). Retrieved March,2012, from <ext-link ext-link-type="uri" href="http://www.flickr.com/." id="194">http://www.flickr.com/.</ext-link></ref>
          <ref rid="R10" class="deo:BibliographicReference" id="196" confidence="possible" page="15" column="1">[14] Giunchiglia, F &amp;Shvaiko, P. (2003). Semantic matching. "Ontologies and Distributed Systems" workshop, IJCAI, 2003.</ref>
          <ref rid="R11" class="deo:BibliographicReference" id="197" confidence="possible" page="15" column="1">[15] Giunchiglia,F, Shvaiko P, &amp; Yatskevich, M.(2004). S-match: An algorithm and an implementation of semantic matching. In Proceedings of ESWS'04, 2004.</ref>
          <ref rid="R12" class="deo:BibliographicReference" id="198" confidence="possible" page="15" column="1">[16] Shvaiko, P. ,Giunchiglia, F. &amp; Yatskevich, M.(2006).Discovering missing background knowledge in onology matching. In 17th European Conference on Artificial Intelligance (ECAI 2006), volume 141, pages 382-386, 2006.</ref>
          <ref rid="R13" class="deo:BibliographicReference" id="201" confidence="possible" page="16" column="1">[17] Zhu, H &amp; Madnick,S.(2006). A lightweight ontology approach to scalable interoperability. Working paper CISL, The Massachusetts Institute of Technology,Cambridge, MA ,USA, June 2006.</ref>
          <ref rid="R14" class="deo:BibliographicReference" id="202" confidence="possible" page="16" column="1">[18] Gilchrist, A &amp; Aitchison, J&amp; Bawden.(2006). Thesaurus construction and use:a practical manual. 4th ed., page 240, London, 2006. Aslib.</ref>
          <ref rid="R15" class="deo:BibliographicReference" id="203" confidence="possible" page="16" column="1">[19] Daphne, K &amp; Sahami,M.(1997). Hierarchically classifying documents using very few words. In Douglas H. Fisher, editor, Proceedings of ICML-97, 14th International Conference on Machine Learning, pages 170–178, Nashville, US, 1997.Morgan Kaufmann Publishers, San Francisco, US.</ref>
          <ref rid="R16" class="deo:BibliographicReference" id="205" confidence="possible" page="16" column="1">[20] LCA.(2012).Library Congress Author List. Retrieved Feb ,2012 <ext-link ext-link-type="uri" href="http://www.loc.gov/bookfest/2009/authors/." id="204">http://www.loc.gov/bookfest/2009/authors/.</ext-link></ref>
          <ref rid="R17" class="deo:BibliographicReference" id="206" confidence="possible" page="16" column="1">[21] McGuinness, D.L, &amp; Shvaiko, P &amp; Giunchiglia, F &amp; Pinheiro da Silva, P. (2004).Towards explaining semantic matching. In International Workshop on Description Logics at KR'04, 2004.</ref>
          <ref rid="R18" class="deo:BibliographicReference" id="207" confidence="possible" page="16" column="1">[22] Miller, G.(1998). WordNet: An electronic Lexical Database. MIT Press, 1998.</ref>
          <ref rid="R19" class="deo:BibliographicReference" id="209" confidence="possible" page="16" column="1">[23] LCSH.(2012).The Library of Congress Classification system.March,2012, Retrieved from <ext-link ext-link-type="uri" href="http://www.loc.gov/catdir/cpso/lcco/lcco.html/." id="208">http://www.loc.gov/catdir/cpso/lcco/lcco.html/.</ext-link></ref>
          <ref rid="R20" class="deo:BibliographicReference" id="211" confidence="possible" page="16" column="1">[24] OVP.(2011). Open Video Project. Retrieved December,2011, from <ext-link ext-link-type="uri" href="http://www.open-video.org/." id="210">http://www.open-video.org/.</ext-link></ref>
          <ref rid="R21" class="deo:BibliographicReference" id="213" confidence="possible" page="16" column="1">[25] MeSH.(2012)the National Library of Medicine’s controlled vocabulary thesaurus. Retrieved April, 2012, from <ext-link ext-link-type="uri" href="http://www.nlm.nih.gov/mesh/." id="212">http://www.nlm.nih.gov/mesh/.</ext-link></ref>
          <ref rid="R22" class="deo:BibliographicReference" id="215" confidence="possible" page="16" column="1">[26] YouTube.(2012). Retrieved May, 2012, from <ext-link ext-link-type="uri" href="http://www.youtube.com/." id="214">http://www.youtube.com/.</ext-link></ref>
          <ref rid="R23" class="deo:BibliographicReference" id="216" confidence="possible" page="16" column="1">[27] Cohen, W.W &amp; Ravikumar, P and Fienberg, S.E.(2003). A comparison of string distance metrics for name-matching tasks, in IJCAI-2003, 2003.</ref>
          <ref rid="R24" class="deo:BibliographicReference" id="217" confidence="possible" page="16" column="1">[28] Jérôme, D., Euzenat, J., Scharffe, F., &amp; Cássia Trojahn dos Santos.(2011). The Alignment API 4.0. Semantic Web Journal, vol. 2, no. 1, pp. 3-10, 2011.</ref>
          <ref rid="R25" class="deo:BibliographicReference" id="218" confidence="possible" page="16" column="1">[29] Gale, W., Church, K, &amp; Yarowsky, D. (1992)A Method for Disambiguating Word Senses in a Large Corpus. Computers and the Humanities, no. 26, pp. 415-439, 1992</ref>
          <ref rid="R26" class="deo:BibliographicReference" id="219" confidence="possible" page="16" column="1">[30] Morshed, A, &amp;Caracciolo, C &amp; Johannsen, G &amp; Keizer, J.(2011). Thesaurus Alignment for Linked Data publishing. Ahsan Morshed, Caterina Caracciolo, Gudrun Johannsen and Johannes Keizer, DCMI International Conference on Dublin Core and Metadata Applications DC-2011</ref>
          <ref rid="R27" class="deo:BibliographicReference" id="221" confidence="possible" page="16" column="1">[31] Agris. (2012).Retrieved May, 2012, from <ext-link ext-link-type="uri" href="http://agris.fao.org/knowledge-and-information-sharing-" id="220">http://agris.fao.org/knowledge-and-information-sharing-</ext-link> through-agris-network</ref>
          <ref rid="R28" class="deo:BibliographicReference" id="223" confidence="possible" page="16" column="1">[32] OpenAgris.(2012). Retrieved May, 2012, from <ext-link ext-link-type="uri" href="http://agris.fao.org/news/openagris-journals-rdf-" id="222">http://agris.fao.org/news/openagris-journals-rdf-</ext-link> visual-reader</ref>
          <ref rid="R29" class="deo:BibliographicReference" id="225" confidence="possible" page="16" column="1">[33] LOD. (2012).Linked Open Data.Retrieved June, 2012, from <ext-link ext-link-type="uri" href="http://linkeddata.org/" id="224">http://linkeddata.org/</ext-link></ref>
          <ref rid="R30" class="deo:BibliographicReference" id="226" confidence="possible" page="16" column="1">[34] Stoilos, G., Stamou, G., Kollias, S.(2005). A string metric for ontology alignment. In Proceedings of the 4th International Semantic Web Conference, pages 624–637, Berlin, Heidelberg. Springer-Verlag.</ref>
          <ref rid="R31" class="deo:BibliographicReference" id="227" confidence="possible" page="16" column="1">[35] Volz, J., Bizer, C., Gaedke M., Kobilarov, G. (2009) Silk – A Link Discovery Framework for the Web of Data . 2nd Workshop about Linked Data on the Web (LDOW2009), Madrid, Spain, April 2009.</ref>
          <ref rid="R32" class="deo:BibliographicReference" id="228" confidence="possible" page="16" column="1">[36] Gong Cheng ingsheng Jian, Wei Hu and Yuzhong Qu. Falcon-ao:Aligning ontologies with falcon. In In Proceedings of the International and Interdisciplinary Conference on Modeling and Using Context (CONTEXT), pages 85-91, 2005.</ref>
          <ref rid="R33" class="deo:BibliographicReference" id="229" confidence="possible" page="16" column="1">[37] Euzenate, J. &amp; Shaviko, P.(Ed.)(2007). Ontology Matching. Springer, 1st edition, 2007.</ref>
          <ref rid="R34" class="deo:BibliographicReference" id="230" confidence="possible" page="16" column="1">[38] Bouquet P., Serafini, L., &amp; Zanobini,S.(2003). Semantic coordination: a new approach and an application. In Proc. of the 2nd International Semantic Web Conference (ISWO'03). Sanibel Islands, Florida, USA, October 2003.</ref>
          <ref rid="R35" class="deo:BibliographicReference" id="231" confidence="possible" page="16" column="1">[39] Merabti, T., Soualmia, LF., Grosjean, J., Joubert, M. &amp; Darmoni, SJ. (2003) Aligning Biomedical Terminologies in French: Towards Semantic Interoperability in Medical Applications. Chapitre 3, Medical Informatics, March, Pages 41-68, InTech, 2012 .</ref>
          <ref rid="R36" class="deo:BibliographicReference" id="232" confidence="possible" page="16" column="1">[40] Xiaogang Ma, Chonglong Wu, Emmanuel John M. Carranza, Ernst M. Schetselaar,Freek D. van der Meer, Gang Liu, Xinqing Wang, Xialin Zhang.(2010) Development of a controlled vocabulary for semantic interoperability of mineral exploration geodata for mining projects, Computer and Geosciences, Vol. 36, Issue. 12, pp. 1512-1522, 2010.</ref>
          <ref rid="R37" class="deo:BibliographicReference" id="233" confidence="possible" page="16" column="1">[41] SEMEDA.(2003). ontology based semantic integration of biological databases, Jacob Köhler, Stephan Philipp and Matthias Lange, Vol. 19 no. 18 2003, pages 2420–2427.</ref>
          <ref rid="R38" class="deo:BibliographicReference" id="235" confidence="possible" page="16" column="1">[42] Cuahsi.(2012). Retrieved 5 June, 2012 <ext-link ext-link-type="uri" href="http://his.cuahsi.org/mastercvdata.html" id="234">http://his.cuahsi.org/mastercvdata.html</ext-link></ref>
          <ref rid="R39" class="deo:BibliographicReference" id="236" confidence="possible" page="16" column="1">[43] Srinubabu, G.(2011). Integration, Warehousing, and Analysis Strategies of Omics Data, Methods in Molecular Biology, 2011, Volume 719, Part 3, 399-414,</ref>
          <ref rid="R40" class="deo:BibliographicReference" id="239" confidence="possible" page="17" column="1">[44] Liang, H., Xu, Y. and Nayak, R. (2009) Personalized Recommender Systems Integrating Social Tags and Item Taxonomy. In: 2009 IEEE/WIC/ACM International Conference on Web Intelligence and Intelligent Agent Technology Workshops, September 15-18, 2009, Milano, Italy.</ref>
          <ref rid="R41" class="deo:BibliographicReference" id="241" confidence="possible" page="17" column="1">[45] Swoogle.(2012).Semantic Search Engine. Retrieved March, 2012, from <ext-link ext-link-type="uri" href="http://swoogle.umbc.edu/." id="240">http://swoogle.umbc.edu/.</ext-link></ref>
          <ref rid="R42" class="deo:BibliographicReference" id="242" confidence="possible" page="17" column="1">[46] Map.(2012). GoogleMaps. Retrieved June, 2012, from https://maps.google.com.au/</ref>
          <ref rid="R43" class="deo:BibliographicReference" id="243" confidence="possible" page="17" column="1">[47] Sebastiani, F.(2002) Machine learning in automated text categorization. ACM Computing Surveys, 34(1):1–47, 2002.</ref>
          <ref rid="R44" class="deo:BibliographicReference" id="244" confidence="possible" page="17" column="1">[48] McCulloch, E.(2005). Digital direction thesauri:practical guidance for construction. Volume 54, 2005.</ref>
          <ref rid="R45" class="deo:BibliographicReference" id="245" confidence="possible" page="17" column="1">[49] Ibekwe-SanJuan,F.(2006) Construction and maintaining knowledge organization tools a symbolic appraoch. volume 62, 2006</ref>
          <ref class="deo:BibliographicReference" id="247" confidence="possible" page="17" column="1">Authors Dr. Ahsan Morshed is Postdoctoral fellow at CSIRO. Before joining to CSIRO, he was an information management specialist at, FAO of UN, Rome, Italy. He is author of 19 publications and member of 4 scientific committees. He is a member of DC task group. His interest is in semantic web and Linked Open Data.</ref>
        </ref-list>
        <outsider class="DoCO:TextBox" type="page_nr" id="199" page="15" column="1">35</outsider>
        <outsider class="DoCO:TextBox" type="header" id="200" page="16" column="1">International Journal of Database Management Systems ( IJDMS ) Vol.4, No.5, October 2012</outsider>
        <outsider class="DoCO:TextBox" type="page_nr" id="237" page="16" column="1">36</outsider>
        <outsider class="DoCO:TextBox" type="header" id="238" page="17" column="1">International Journal of Database Management Systems ( IJDMS ) Vol.4, No.5, October 2012</outsider>
        <region class="DoCO:FigureBox" id="Fx246">
          <image class="DoCO:Figure" src="es.page_017.image_09.png" thmb="es.page_017.image_09-thumb.png"/>
        </region>
        <outsider class="DoCO:TextBox" type="page_nr" id="248" page="17" column="1">37</outsider>
      </section>
    </body>
  </article>
</pdfx>
