<?xml version='1.0' encoding='UTF-8'?>
<pdfx xmlns:xsi="http://www.w3.org/2001/XMLSchema-instance" xsi:noNamespaceSchemaLocation="http://pdfx.cs.man.ac.uk/static/article-schema.xsd">
  <meta>
    <job>4a5050cf21803a250464a1f69961d00785cc61fb29d12476662a640b459f0e00</job>
    <base_name>ev</base_name>
    <doi>http://dx.doi.org/10.5334/ban.j</doi>
    <warning>Name identification was not possible. </warning>
  </meta>
  <article>
    <front class="DoCO:FrontMatter">
      <outsider class="DoCO:TextBox" type="header" id="1">1</outsider>
      <outsider class="DoCO:TextBox" type="header" id="2">Semantic Web 0 (2015) 1–0 IOS Press</outsider>
      <title-group>
        <article-title class="DoCO:Title" id="3">The Open University Linked Data data.open.ac.uk</article-title>
      </title-group>
      <region class="unknown" id="5">Editor(s): Philippe Cudre-Mauroux, University of Fribourg, Switzerland Solicited review(s): Amrapali Zaveri, University of Leipzig, Germany; Michael Luggen, Bern University of Applied Sciences, Switzerland; Alex Olivieri, University of Applied Sciences and Arts Western Switzerland Valais (HES-SO Valais-Wallis), Switzerland Enrico Daga a , Mathieu d’Aquin a , Alessandro Adamou a and Stuart Brown a a The Open University, Walton Hall, Milton Keynes, Buckinghamshire MK7 6AA, United Kingdom E-mail: <email id="4">{enrico.daga,mathieu.daquin,alessandro.adamou,stuart.brown}@open.ac.uk</email></region>
      <abstract class="DoCO:Abstract" id="6">The article reports on the evolution of data.open.ac.uk, the Linked Open Data platform of the Open University, from a research experiment to a data hub for the open content of the University. Entirely based on Semantic Web technologies (RDF and the Linked Data principles), data.open.ac.uk is used to curate, publish and access data about academic degree qualifications, courses, scholarly publications and open educational resources of the University. It exposes a SPARQL endpoint and several other services to support developers, including queries stored server-side and entity lookup using known identifers such as course codes and YouTube video IDs. The platform is now a key information service at the Open University, with several core systems and websites exploiting linked data through data.open.ac.uk. Through these applications, data.open.ac.uk is now fulfilling a key role in the overall data infrastructure of the university, and in establishing connections with other educational institutions and information providers. Keywords: Linked Open Data, Dataset, University data, Education</abstract>
    </front>
    <body class="DoCO:BodyMatter">
      <section class="deo:Introduction">
        <h1 class="DoCO:SectionTitle" id="7" page="1" column="1">1. Introduction</h1>
      </section>
      <region class="DoCO:TextChunk" id="18" page="1" column="1">The Open University (OU) has a vast presence on the WWW. Having distance learning in its core, the dissemination of open-access learning material is part of its student recruitement strategy as well as “brand” communication. The University publishes a number of websites that contain open-access content, most no- tably OpenLearn 1 , and has a number of channels on social media such as YouTube 2 or Audioboo 3 . In over 40 years, the OU developed a vast amount of educational resources, a fair deal of which are now online as freely accessible material. The creation of learning and teaching material is part of the regular job <marker type="column" number="2"/><marker type="block"/> of OU faculties, and the production and reuse of media assets are key factors for the effective development of new courses. This activity is spread across several units of the University, each specialised in different types of assets. In particular, the units that have the role of disseminating content across social media are different from the ones that produce this content. Facul- ties do the actual teaching and produce content, while specialised units develop media items or are in charge of dissemination and student recruitment. Knowledge sharing and reuse in this context is a challenge where Linked Open Data have an obvious role to play. <ext-link ext-link-type="uri" href="http://data.open.ac.uk" id="12">http://data.open.ac.uk</ext-link> is the home of linked open data from the OU. The data available come from various institutional repositories of the University, and are collected, interlinked and openly published for reuse. Born in November 2010 as the final<marker type="page" number="2"/><marker type="column" number="1"/><marker type="block"/> outcome of the LUCERO project 4 , data.open.ac.uk was the first initiative to expose public information from across the University in an accessible, open, integrated and Web-based format 5 . Since then, a number of British and European universities have followed, tak- ing the experience and model generated by LUCERO to open up data for education and research [<xref ref-type="bibr" rid="R2" id="17" class="deo:Reference">2</xref>]. In nearly four years, the linked data services have pro- gressed in many ways, e.g. (1) more connections and greater engagement of OU units; (2) end-user services built on top of linked data that progressed beyond the experimental or prototypical stage; (3) constant evolu- tion in the infrastructure. In Section 2 we describe the data included in data.open.ac.uk, while Section 3 focuses on the de- sign aspects and the modelling choices that have been made. The services offered by data.open.ac.uk are de- scribed in Section 4, and their usage in applications in Section 5. Technical aspects and maintenance issues are illustrated in Section 6, before concluding the arti- cle with future work.</region>
      <region class="unknown" id="11" page="1" column="1">1 <ext-link ext-link-type="uri" href="http://www.open.ac.uk/openlearn/" id="9">http://www.open.ac.uk/openlearn/</ext-link> 2 https://www.youtube.com/user/ TheOpenUniversity 3 <ext-link ext-link-type="uri" href="http://audioboo.fm/search?utf8=%E2%9C" id="10">http://audioboo.fm/search?utf8=%E2%9C</ext-link>% 93&amp;q=the+open+university</region>
      <outsider class="DoCO:TextBox" type="footer" id="14" page="1" column="2">1570-0844/15/$27.50 c 2015 – IOS Press and the authors. All rights reserved</outsider>
      <outsider class="DoCO:TextBox" type="page_nr" id="15" page="2" column="1">2</outsider>
      <outsider class="DoCO:TextBox" type="header" id="16" page="2" column="1">E. Daga et al. / The Open University Linked Data - data.open.ac.uk</outsider>
      <section class="DoCO:Section">
        <h1 class="DoCO:SectionTitle" id="19" page="2" column="1">2. The Data</h1>
        <region class="DoCO:TextChunk" id="22" page="2" column="1">data.open.ac.uk publishes Five-Star open data 6 : The dataset (1) is available on the Web, (2) as structured data, (3) in a standard, non-proprietary format (RDF), (4) uses (resolvable) URIs to denote things and (5) links to other datasets. Moreover, it includes a num- ber of features to support discovery and reuse of its linked data endpoint. <xref ref-type="table" rid="T1" id="20" class="deo:Reference">Table 1</xref> lists some key facts about data.open.ac.uk. The references in the table assume the <ext-link ext-link-type="uri" href="http://data.open.ac.uk" id="21">http://data.open.ac.uk</ext-link> prefix, which we shall hereinafter omit for data.open.ac.uk URIs. The /context/ graph represents the default union of all available named graphs, yet its URI is resolvable, as is any URI in data.open.ac.uk. The SPARQL service description can be obtained resolving the URI of the SPARQL endpoint, if a client requests a non-HTML format 7 . data.open.ac.uk includes many graphs at different stages of development. The graphs that are considered stable are officially released, documented on the web-</region>
        <region class="DoCO:TextChunk" id="26" confidence="possible" page="2" column="1">4 see <ext-link ext-link-type="uri" href="http://lucero-project.org" id="23">http://lucero-project.org</ext-link> and [<xref ref-type="bibr" rid="R5" id="24" class="deo:Reference">5</xref>] 5 See the press release from November 2010: <ext-link ext-link-type="uri" href="http://www3" id="25">http://www3</ext-link>. open.ac.uk/media/fullstory.aspx?id=20073 6 see 5-star data deployment scheme, http://5stardata. info 7 The redirection can be forced using the URL: http:// data.open.ac.uk/resource/sparql.</region>
        <region class="DoCO:TableBox" id="T1">
          <caption class="deo:Caption" id="27" page="2" column="2">Table 1</caption>
          <content>
            <table class="DoCO:Table" number="1" page="2">
              <thead class="table"/>
              <tbody>
                <tr class="table"/>
                <tr class="table.strange"/>
                <tr class="table.strange"/>
                <tr class="table.strange"/>
                <tr class="table.strange"/>
                <tr class="table.strange"/>
                <tr class="table.strange"/>
                <tr class="table.strange"/>
                <tr class="table.strange"/>
                <tr class="table.strange"/>
                <tr class="table.strange"/>
                <tr class="table.strange"/>
              </tbody>
            </table>
          </content>
          <region class="TableInfo" id="29" confidence="possible" page="2" column="2">Key facts about data.open.ac.uk. Name: Linked Data from The Open University Address: <ext-link ext-link-type="uri" href="http://data.open.ac.uk" id="28">http://data.open.ac.uk</ext-link> VoID description: /void Sitemap: /sitemap.xml Union graph: /context/ (default graph) Graphs: 11 officially released, 30 in total (See Section 6) Triples: 2.865.651 officially released, 3.720.570 in total Vocabularies: 57 Classes: 125 Properties: 785 SPARQL: /sparql</region>
        </region>
        <region class="DoCO:TextChunk" id="30" page="2" column="2">site, and marked as such in the RDF description. A graph is considered to be stable when: a) the process that led to the data acquisition is robust and the data provider is considered reliable (i.e. can guarantee future updates); b) the infrastructure includes a robust update mecha- nism that guarantees the data are updated regularly, un- less they are static data that do not need to be updated. 11 stable graphs have been released so far through data.open.ac.uk, but many others are also available with lower degrees of support and warranty 8 . In this article we focus on the graphs officially released.</region>
        <section class="DoCO:Section">
          <h2 class="DoCO:SectionTitle" id="31" page="2" column="2">2.1. Topic coverage and data sources</h2>
          <region class="DoCO:TextChunk" id="33" page="2" column="2">The dataset is collected from various sources, which may be public websites or content management sys- tems internal to the University. Data from each source at hand are completely remodelled to include as much information as in their original form. Remodelled data are then exposed through a single SPARQL endpoint and can be queried as a whole. However, each data portion is identified by a named graph, reflecting its primary source. Graph names are resolvable URIs de- fined in the namespace <ext-link ext-link-type="uri" href="http://data.open.ac" id="32">http://data.open.ac</ext-link>. uk/context/. From now on, we will use the prefix g: to refer to graph names. We shall group the graphs under six themes: 1. Open Educational Resources 2. Scientific production 3. Social media 4. Organisational data 5. Research project output 6. Metadata</region>
          <region class="unknown" id="34" page="2" column="2">8 The following query lists all graphs: SELECT DISTINCT ?G WHERE {GRAPH ?G {}}</region>
          <outsider class="DoCO:TextBox" type="header" id="35" page="3" column="1">E. Daga et al. / The Open University Linked Data - data.open.ac.uk</outsider>
          <outsider class="DoCO:TextBox" type="page_nr" id="36" page="3" column="1">3</outsider>
          <section class="DoCO:Section">
            <h3 class="DoCO:SectionTitle" id="37" page="3" column="1">2.1.1. Open Educational Resources</h3>
            <region class="DoCO:TextChunk" id="39" page="3" column="1">A significant part of the information in this cat- egory is metadata about educational resources pro- duced or co-produced by the OU. Open Learn is the home of free learning from The Open University 9 . The Web portal includes a large number of free learning units as well as articles exploring a wide range of topics, often embedding media con- tent. Data are collected from RSS feeds and ex- posed as RDF in the graphs g:openlearn and g:openlearnexplore. Other media objects are catalogued by internal content management systems and metadata are extracted and translated into RDF. It is the case of video and audio podcasts hosted at <ext-link ext-link-type="uri" href="http://podcast.open.ac.uk/" id="38">http://podcast.open.ac.uk/</ext-link> and published in g:podcast. Similarly, co-productions with the BBC 10 are collected in the graph g:bbc, which also links to entities that represent BBC programmes.</region>
          </section>
          <section class="DoCO:Section">
            <h3 class="DoCO:SectionTitle" id="40" page="3" column="1">2.1.2. Scientific production</h3>
            <region class="DoCO:TextChunk" id="41" page="3" column="1">Other open data that exist in another form and are transformed and linked are those of the Open Research Online repository (ORO) 11 . Open Research Online is the repository of scholarly publications and other re- search output of the OU. It is an Open Access resource that can be searched and browsed freely by the public. The corresponding graph is g:oro.</region>
          </section>
          <section class="DoCO:Section">
            <h3 class="DoCO:SectionTitle" id="42" page="3" column="1">2.1.3. Social media</h3>
            <region class="DoCO:TextChunk" id="49" page="3" column="1">Content is often hosted by third-party organisa- tions, and metadata are extracted from public APIs and aggregated into RDF. The OU publishes media on YouTube (g:youtube) and Audioboo (g:audioboo). Objects are often annotated with courses, qualifica- tions or OU people they relate to. Playlists and meta- data about videos and audio podcasts are extracted from Web APIs, then translated and enriched to inter- link with the other entities in data.open.ac.uk. 2.1.4. Organisational data, courses, people, news In other cases, data are collected from internal repositories and first made public as linked data. It is the case of reference data about courses (g:course) and qualifications (g:qualification) under pre- sentation, as well as the profiles of researchers and academic staff (g:people/profiles). The Key Information Set of the OU is published by HESA 12 <marker type="column" number="2"/><marker type="block"/> as part of the Unistats dataset 13 . This dataset is trans- formed and made available as Linked Data by the LinkedUp project 14 . The sub-graph of this dataset fo- cusing on the OU is also published in data.open.ac.uk as g:kis. Finally, the graphs g:kmiplanet and g:people/kmifoaf provide data about news and staff of the Knowledge Media Institute of the OU.</region>
            <region class="unknown" id="48" page="3" column="1">9 <ext-link ext-link-type="uri" href="http://www.open.ac.uk/openlearn" id="44">http://www.open.ac.uk/openlearn</ext-link> 10 <ext-link ext-link-type="uri" href="http://www.bbc.co.uk" id="45">http://www.bbc.co.uk</ext-link> 11 <ext-link ext-link-type="uri" href="http://oro.open.ac.uk" id="46">http://oro.open.ac.uk</ext-link> 12 Higher Education Statistics Agency, <ext-link ext-link-type="uri" href="http://hesa.ac.uk" id="47">http://hesa.ac.uk</ext-link></region>
          </section>
          <section class="DoCO:Section">
            <h3 class="DoCO:SectionTitle" id="50" page="3" column="2">2.1.5. Data from research projects</h3>
            <region class="DoCO:TextChunk" id="51" page="3" column="2">data.open.ac.uk also hosts data produced by re- search projects. At the moment there are three datasets officially published that come from two projects of the OU Faculty of Arts, namely the Reading Experience dataset 15 (g:red and g:redperssa) and the Lis- tening Experience dataset 16 (g:led).</region>
          </section>
          <section class="DoCO:Section">
            <h3 class="DoCO:SectionTitle" id="52" page="3" column="2">2.1.6. Metadata</h3>
            <region class="DoCO:TextChunk" id="54" page="3" column="2">An important requirement of any RDF database is to specify and document its structure to support exter- nal agents in automatically discovering data, detect- ing the characteristics of the data and possibly config- uring their behavior accordingly. It is also useful for open data to expose and document their schema so that users can make sense of it. Three data spaces are dedi- cated to metadata: 1) g:meta - Graph metadata using mainly VoID and the SPARQL Service Description; 2) g:ontology - Definitions of terms used, particu- larly those defined in the data.open.ac.uk domain; 3) g:about - Graph metadata containing links to DB- pedia entities that are topics of open educational re- sources and other entities of the data.open.ac.uk graphs. <marker type="block"/> 2.2. Links Links between entities of different graphs enable data integration with little effort. A key example in data.open.ac.uk is the use of courses as aggregators for similar, related objects through the graphs. Courses are referenced by almost all sources in the University, thus enabling use cases such as content recommenda- tion 17 . The data are also linked to external datasets in the Linked Data Cloud. The g:kis graph includes owl:sameAs links from OU qualifications to the same entities in the external KIS Linked Data end-</region>
            <region class="DoCO:TextChunk" id="59" confidence="possible" page="3" column="2">13 Unistats data <ext-link ext-link-type="uri" href="http://unistats.direct.gov.uk/" id="55">http://unistats.direct.gov.uk/</ext-link> open-access-data/. 14 <ext-link ext-link-type="uri" href="http://www.linkedup-project.eu" id="56">http://www.linkedup-project.eu</ext-link> 15 <ext-link ext-link-type="uri" href="http://www.open.ac.uk/Arts/RED/" id="57">http://www.open.ac.uk/Arts/RED/</ext-link> 16 <ext-link ext-link-type="uri" href="http://led.kmi.open.ac.uk/linkeddata/" id="58">http://led.kmi.open.ac.uk/linkeddata/</ext-link> 17 While this use case is one of the most interesting, and applications using data.open.ac.uk do implement it in different ways, evaluating it is out of the scope of this article.</region>
            <outsider class="DoCO:TextBox" type="page_nr" id="60" page="4" column="1">4</outsider>
            <outsider class="DoCO:TextBox" type="header" id="61" page="4" column="1">E. Daga et al. / The Open University Linked Data - data.open.ac.uk</outsider>
            <region class="DoCO:TextChunk" id="65" confidence="possible" page="4" column="1">point 18 . Courses under presentation link to http: //sws.geonames.org to contextualise the offer, which may be subject to regional pricing 19 . The BBC coproductions graph points to BBC entities 20 . A dedicated graph includes links to DBpedia enti- ties: they are the topics of media objects, Web pages, courses and other entities in the OU data environment. These topics are generated by DiscOU [<xref ref-type="bibr" rid="R1" id="62" class="deo:Reference">1</xref>], an applica- tion that annotates documents of data.open.ac.uk en- tities with DBpedia entities. For example, OpenLearn Units are made of a number of Web pages or video podcasts have transcripts. These are collected by Dis- cOU and analysed using DBpedia Spotlight 21 to gen- erate a number of dc:subject links to DBpedia. These links are published in the g:about graph. The graph g:led includes time-related data, with links to related entities in the <ext-link ext-link-type="uri" href="http://reference" id="63">http://reference</ext-link>. data.gov.uk/id/gregorian-instant/ names- pace as well as the corresponding xsd:dateTime literal values. Links to Web pages containing human- readable information are provided by all the graphs. Sometimes these pages are also the primary source of the data. Metadata also link directly to downloadable media objects. Links (especially internal ones) in most datasets are generated from the source information and are 100% accurate. Others, such as DiscOU are auto- matically generated and, although evaluating them is out of our scope, some known inaccuracies are being recorded. <xref ref-type="table" rid="T2" id="64" class="deo:Reference">Table 2</xref> outlines some details about the ex- ternal links that exist in the different graphs.</region>
            <region class="DoCO:TableBox" id="T2">
              <caption class="deo:Caption" id="66" page="4" column="1">Table 2 Graphs, links and target datasets. Graph Property ⇠No Target about dc:subject 490000 dbpedia.org course gr:availableAtOrFrom 50000 sws.geonames.org oro owl:sameAs 7500 oro.open.ac.uk redperssa owl:sameAs 6500 dbpedia.org bbc owl:sameAs 120 www.bbc.co.uk led event:time 500 reference.data.gov.uk kis owl:sameAs 80 data.linkedu.eu</caption>
            </region>
          </section>
        </section>
        <section class="DoCO:Section">
          <h2 class="DoCO:SectionTitle" id="67" page="4" column="1">2.3. Licensing</h2>
          <region class="DoCO:TextChunk" id="68" page="4" column="1">Unless otherwise specified, the data released through data.open.ac.uk are licensed under a Cre- ative Commons Attribution 3.0 Unported License 22 .</region>
          <region class="DoCO:TextChunk" id="73" confidence="possible" page="4" column="1">18 <ext-link ext-link-type="uri" href="http://data.linkedu.eu/kis/query." id="69">http://data.linkedu.eu/kis/query.</ext-link> 19 Example: <ext-link ext-link-type="uri" href="http://data.open.ac.uk/course/y031" id="70">http://data.open.ac.uk/course/y031</ext-link> 20 Example: <ext-link ext-link-type="uri" href="http://data.open.ac.uk/bbc/" id="71">http://data.open.ac.uk/bbc/</ext-link> b00mfl7n 21 <ext-link ext-link-type="uri" href="http://spotlight.dbpedia.org/" id="72">http://spotlight.dbpedia.org/</ext-link> 22 https://creativecommons.org/licenses/by/ 3.0/</region>
          <region class="DoCO:TextChunk" id="74" page="4" column="2">Specific graphs might have a different license. For instance, the g:people/profiles graph is dis- tributed under the Creative Commons Attribution- NonCommercial-ShareAlike 4.0 International license.</region>
        </section>
      </section>
      <section class="DoCO:Section">
        <h1 class="DoCO:SectionTitle" id="75" page="4" column="2">3. Modelling issues</h1>
        <region class="DoCO:TextChunk" id="88" page="4" column="2">Several design choices for the data.open.ac.uk data models are aimed at making the data as reusable as possible. In the following, we address the different as- pects arising from Linked Data design. <marker type="block"/> The totality of the data in the repository is obtained from external sources. Triples in the data store are or- ganised by source, so that all triples coming from a source are stored in a dedicated graph. This data man- agement pattern is called “Graph-Per-Source” [<xref ref-type="bibr" rid="R3" id="78" class="deo:Reference">3</xref>]. One drawback of this approach is that if the same informa- tion is contributed by several sources, it will be repli- cated in the two graphs and might lead to inconsis- tencies between graphs. However, assessing the prove- nance of each statement (graph) is a core requirement for a service that publishes integrated data, and facili- tates maintenance.<marker type="block"/> Identifiers (URIs 23 ) have a crucial role in support- ing users and developers in the usage of data. Read- able and meaningful URIs help users make sense of a data snippet with a lesser effort than with opaque ones. data.open.ac.uk adopts a number of known patterns [<xref ref-type="bibr" rid="R3" id="81" class="deo:Reference">3</xref>] for building such identifiers: a) External identifiers are reused when available. This practice follows the "Natural Keys" pattern [<xref ref-type="bibr" rid="R3" id="82" class="deo:Reference">3</xref>]. It is the case of courses and qualifications, but also of OU accounts and publications in ORO: /course/a100 /qualification/q46 /account/sab668 /oro/21166 This pattern is fundamental to users who are famil- iar with the organisational structure of the OU, as entity codes often play a key role in the communi- cation flow of large organisations.<marker type="page" number="5"/><marker type="column" number="1"/><marker type="block"/> b) A readable type description of the entity is refer- enced within the path of the URI. This helps clas- sify an item at first sight, reducing the need for ad- ditional queries, e.g.: /person/0fe4...dbe76 /member/0fe4...dbe76/organization/kmi The second example above is slighty more complex as it reflects the statement: This is a membership of this ID to an organisation that is KMi. c) Often, a hierarchical URI is created by using the graph/source name at the beginning of the path, and then replicating the local identifier of the source: /audioboo/playlist/1252980-women-in-science /youtube/KcrtCncGAEo However, this structure of URIs is not enforced, as new data sources might require different strategies.</region>
        <region class="unknown" id="77" page="4" column="2">3.1. Design of graphs</region>
        <region class="unknown" id="80" page="4" column="2">3.2. Design of entity URIs</region>
        <region class="unknown" id="85" page="4" column="2">23 <ext-link ext-link-type="uri" href="http://www.isi.edu/in-notes/rfc2396.txt" id="84">http://www.isi.edu/in-notes/rfc2396.txt</ext-link></region>
        <outsider class="DoCO:TextBox" type="header" id="86" page="5" column="1">E. Daga et al. / The Open University Linked Data - data.open.ac.uk</outsider>
        <outsider class="DoCO:TextBox" type="page_nr" id="87" page="5" column="1">5</outsider>
        <section class="DoCO:Section">
          <h2 class="DoCO:SectionTitle" id="89" page="5" column="1">3.3. Domain modeling</h2>
          <region class="DoCO:TextChunk" id="94" page="5" column="1">The dataset includes 125 classes and 785 properties from 57 public vocabularies. The choice of terms to be used is based on the following process: (1) identify the concept to be expressed; (2) search for a widespread existing vocabulary to be used; (3) if found, use it, oth- erwise (4) search for a less-known vocabulary to reuse; (5) if not found, create a new term; (6) in either case, if there is no well-known term to be used, try to gener- alise the concept and add an additional statement with a well-known term. This approach led to the adoption of a variety of vocabularies. Sometimes information is redundant, being repeated with different properties such as a generic well-known term and a more spe- cific less known (or proprietary) term. These are conse- quences of the choice to privilege the reuse of existing terms and the will to choose the best possible terms in- stead of being restricted to the semantics of only a few widely used ontologies. For reasons of space here we will only mention some vocabularies that are widely used across many graphs. FOAF, SKOS, SIOC, OWL, Dublin Core are used by almost all graphs. GoodRela- tions is used by g:course to specify the learning of- fer of the University. This vocabulary is particularly useful because the OU is a decentralised institution, and students are recruited all over the world, so prices and features of the offer may differ. Media ontologies (video, audio) are also used to describe aspects of me- dia objects. Schema.org 24 is used in some cases, and <marker type="column" number="2"/><marker type="block"/> there are plans to extend its usage. Bibo 25 is used to describe library items and publications and XCRI 26 to describe courses and course material. Courses and qualifications are entities with a special role in strenghtening the interlinking between graphs. Their codes are widely used within the University to annotate documents, media objects or Web pages. The opportunity here is to query for all content related to a given course (or qualification), or restricting the range of values to a specific graph population. There is a gen- eral property, named <ext-link ext-link-type="uri" href="http://data.open.ac" id="93">http://data.open.ac</ext-link>. uk/ontology/relatesTo, that is widely used for this purpose. Moreover, this property is specialised in different ways: relatesTo relatesToCourse /bbc/ontology/relatesToCourse ... relatesToQualification /audioboo/ontology/relatesToQualification ... This set of properties allows for easy querying by fil- tering the source of the linked entities with basic triple patterns, without the need for further constraints on the rdf:type or the named graph. This shortcut simpli- fies a number of very common queries.</region>
          <region class="unknown" id="92" page="5" column="1">24 <ext-link ext-link-type="uri" href="http://schema.org" id="91">http://schema.org</ext-link></region>
        </section>
        <section class="DoCO:Section">
          <h2 class="DoCO:SectionTitle" id="95" page="5" column="2">3.4. Metadata modeling</h2>
          <region class="DoCO:TextChunk" id="97" page="5" column="2">VoID 27 and SD 28 are the basis to describe the metalevel aspects of data.open.ac.uk and its graphs. Like any entity in the dataset, graph names are resolvable URIs. In the g:meta graph differ- ent kind of datasets are described. Named graphs are typed as void:Dataset, sd:Graph and sd:NamedGraph. The default graph (non-named) is still described using the URI <ext-link ext-link-type="uri" href="http://data" id="96">http://data</ext-link>. open.ac.uk/context/ as the union of all graphs, with the only difference that it is not a sd:NamedGraph. Class and Property partitions are still void:Datasets, but not instances of sd:Graph or sd:NamedGraph. All entities link to their named graphs with the property void:inDataset. In this way linked data agents can reach the dataset description from any URI, for example to obtain the address of the SPARQL end- point. This is also useful to filter the context of the en- tity without the need for a quad pattern, which can be hard to include in some complex SPARQL queries.</region>
          <region class="unknown" id="102" page="5" column="2">25 <ext-link ext-link-type="uri" href="http://bibliontology.com/" id="98">http://bibliontology.com/</ext-link> 26 <ext-link ext-link-type="uri" href="http://www.xcri.co.uk/" id="99">http://www.xcri.co.uk/</ext-link> 27 <ext-link ext-link-type="uri" href="http://www.w3.org/TR/void/" id="100">http://www.w3.org/TR/void/</ext-link> 28 <ext-link ext-link-type="uri" href="http://www.w3.org/TR/" id="101">http://www.w3.org/TR/</ext-link> sparql11-service-description/</region>
          <outsider class="DoCO:TextBox" type="page_nr" id="103" page="6" column="1">6</outsider>
          <outsider class="DoCO:TextBox" type="header" id="104" page="6" column="1">E. Daga et al. / The Open University Linked Data - data.open.ac.uk</outsider>
        </section>
        <section class="DoCO:Section">
          <h2 class="DoCO:SectionTitle" id="105" page="6" column="1">3.5. Blank nodes and other modeling issues</h2>
          <region class="DoCO:TextChunk" id="108" page="6" column="1">Naming resources globally enables important facil- ities for data consumption and maintenance. This is why we avoid blank nodes. It is of great usefulness to be able to identify a resource in a graph-independent way: a) any entity from a previously selected result set can be inspected in the current endpoint by only know- ing the identifier, and b) it is easier to compare dataset dumps, reducing the operation to a diff on two sorted triple collections. A negative consequence of blank nodes is that the data become redundant on incremen- tal updates, as updating the same information twice will add the information twice because of blank nodes being local identifiers. Similarly, users who download the same data might end up with different RDF graphs, making it harder to maintain consistency in their appli- cations. Also, we have not been able to so far identify any practical advantage on using blank nodes instead of portable identifiers in data.open.ac.uk. Another design choice was the use of RDF cardi- nal properties to list the positions of authors of pub- lications. As described in the specification of RDFS: “Container membership properties may be applied to resources other than containers”. In the g:oro graph, container membership properties are used alongside dc:creator for each author. This redundancy al- lows for compatibility with the widely known Dublin Core vocabulary. Users can decide to use the shal- low dc:creator property or the fine-grained RDF membership property, depending on her query require- ments, as in the following query: SELECT ?account (COUNT(?pub) AS ?No) FROM &lt;<ext-link ext-link-type="uri" href="http://data.open.ac.uk/context/" id="106">http://data.open.ac.uk/context/</ext-link> people/profiles&gt; FROM &lt;<ext-link ext-link-type="uri" href="http://data.open.ac.uk/context/oro" id="107">http://data.open.ac.uk/context/oro</ext-link>&gt; { ?pub rdf:_1 ?author . ?author foaf:account ?account } GROUP BY ?account ORDER BY DESC(?No) Finally, all entities have a single, untyped and not lang- tagged skos:prefLabel literal. This is a conve- nience that provides a human-readable name for en- tities whilst still allowing multiple rdfs:labels to support multilinguality.</region>
        </section>
      </section>
      <section class="DoCO:Section">
        <h1 class="DoCO:SectionTitle" id="109" page="6" column="1">4. Services</h1>
        <region class="DoCO:TextChunk" id="115" page="6" column="1">There is a strong commitment to provide derefer- enceable, “cool” URIs 29 . Any entity in the http: <marker type="column" number="2"/><marker type="block"/> //data.open.ac.uk/ namespace can be resolved as an HTML page or an RDF document according to HTTP content negotiation 30 . The HTTP response sup- ports Cross-Origin Resource Sharing 31 and a custom header pointing to the SPARQL endpoint. However, data.open.ac.uk provides more services than the com- mon Linked Data ones and take into account the needs of developers, who are typically the end “customers” of a data service. Indeed, besides the SPARQL 1.1 compliant query endpoint, some other useful funtion- alities have been setup. The /about service allows to resolve any URI by looking up the triple store. For example, the following request will show information available about a URI outside the data.open.ac.uk domain: curl <ext-link ext-link-type="uri" href="http://data.open.ac.uk/about/" id="113">http://data.open.ac.uk/about/</ext-link> -G --data- urlencode uri=<ext-link ext-link-type="uri" href="http://www.bbc.co.uk/" id="114">http://www.bbc.co.uk/</ext-link> programmes/b021n3x1#programme -H "Accept: text/turtle" -L The /lookup service is used to retrieve entities from some well-known codes, such as the OU employee username (OUCU, e.g. ed4565), the YouTube video ID or the course code (e.g. A100) 32 . Data can be queried with SPARQL through the end- point provided. Developers can embed the query in their code and execute it at runtime. However, this practice creates a strong dependency between the ap- plication and the database. This dependency might create problems for the developers, because they do not have control of the data source, so they cannot know whether the query would continue functioning when changes on the data occur. One practical so- lution to this problem was to setup an endpoint for stored queries. Developers can store their queries on the server and use a plain URL to point to the data. Maintainers can then manage the evolution of the database and inform the developers of coming evolu- tions, when it might affect an existing query. This ser- vice is available only to applications developed inter- nally to the University. The content of the graphs is archived on a weekly basis, and the versions are made available for down- load from a section of the website.</region>
        <region class="unknown" id="112" page="6" column="1">29 <ext-link ext-link-type="uri" href="http://www.w3.org/TR/cooluris/" id="111">http://www.w3.org/TR/cooluris/</ext-link></region>
        <region class="DoCO:TextChunk" id="119" confidence="possible" page="6" column="2">30 See <ext-link ext-link-type="uri" href="http://tools.ietf.org/html/rfc7231" id="116">http://tools.ietf.org/html/rfc7231</ext-link># section-5.3. Sometimes content negotiation is hard to use for developers. For this reason the data.open.ac.uk server also support the output query parameter. 31 <ext-link ext-link-type="uri" href="http://www.w3.org/TR/cors/" id="117">http://www.w3.org/TR/cors/</ext-link> 32 Other examples can be found on the <ext-link ext-link-type="uri" href="http://data.open" id="118">http://data.open</ext-link>. ac.uk/ home page</region>
        <outsider class="DoCO:TextBox" type="header" id="120" page="7" column="1">E. Daga et al. / The Open University Linked Data - data.open.ac.uk</outsider>
        <outsider class="DoCO:TextBox" type="page_nr" id="121" page="7" column="1">7</outsider>
      </section>
      <section class="DoCO:Section">
        <h1 class="DoCO:SectionTitle" id="122" page="7" column="1">5. Usage</h1>
        <region class="DoCO:TextChunk" id="133" page="7" column="1">The goal of exposing interlinked data on data.open.ac.uk is to make existing public data more accessible, reusable and exploitable. This can only be demonstrated through applications that make use of this data in innovative and/or cost-effective ways. Var- ious production systems are using data.open.ac.uk as source of information. For example, the OpenLearn website queries the SPARQL endpoint to get the list of qualifications under presentation, along with related information. Similarly, a system from the Student Services Unit of the OU scans data.open.ac.uk to upgrade the list of available courses. An application in the OU YouTube space queries data.open.ac.uk to get related courses and qualifi- cations as well as other open educational content. If a user is interested in, for instance, the OU YouTube video https://www.youtube.com/ watch?v=NcFrxXKtoXk, the following query to data.open.ac.uk can retrieve a number of other educa- tional resources, as well as courses on offer: PREFIX schema: &lt; <ext-link ext-link-type="uri" href="http://schema.org/" id="123">http://schema.org/</ext-link>&gt; PREFIX ou: &lt;<ext-link ext-link-type="uri" href="http://data.open.ac.uk/ontology/" id="124">http://data.open.ac.uk/ontology/</ext-link>&gt; SELECT * FROM &lt;<ext-link ext-link-type="uri" href="http://data.open.ac.uk/context/youtube" id="125">http://data.open.ac.uk/context/youtube</ext-link>&gt; FROM &lt;<ext-link ext-link-type="uri" href="http://data.open.ac.uk/context/audioboo" id="126">http://data.open.ac.uk/context/audioboo</ext-link>&gt; FROM &lt;<ext-link ext-link-type="uri" href="http://data.open.ac.uk/context/openlearn" id="127">http://data.open.ac.uk/context/openlearn</ext-link>&gt; FROM &lt;<ext-link ext-link-type="uri" href="http://data.open.ac.uk/context/course" id="128">http://data.open.ac.uk/context/course</ext-link>&gt; WHERE { ?x schema:productID "NcFrxXKtoXk" . ?x ou:relatesToCourse ?course . ?related ou:relatesToCourse ?course } DiscOU [<xref ref-type="bibr" rid="R1" id="129" class="deo:Reference">1</xref>] is a recommender system developed by the data.open.ac.uk team to support the discovery of open educational content similar to other online re- sources like a BBC program or a Web page. This sys- tem builds an index of the open educational resources catalogued in the data.open.ac.uk dataset that includes a set of DBpedia entities that are representative of the resource. This index is then processed by a similarity algorithm. Two positive outcomes of this application have been recorded. First, it boosted the adoption of linked data within the University by giving an exem- plary use case that is otherwise very hard to imple- ment using legacy technologies. Second, we used the content generated by the tool to populate the graphs of topics g:about, as already described in Section 2. These are but a few of the applications developed on top of the dataset. Others are described on the data.open.ac.uk website and in an earlier paper [<xref ref-type="bibr" rid="R4" id="130" class="deo:Reference">4</xref>]. <xref ref-type="fig" rid="F1" id="131" class="deo:Reference">Figure 1</xref> displays the result of an analysis performed on server logs. This historical view displays the num- ber of clients using data.open.ac.uk from the launch of the platform on September 2010 until today (Septem-<marker type="column" number="2"/><marker type="block"/> ber 2014). It shows that the number of clients has since doubled over time, particularly in the last two years. This gives a promising perspective on the adoption of linked open data in this context.</region>
        <region class="unknown" id="134" page="7" column="2">1,000 500 0 2010 2011 2012 2013 2014 Total Doing SPARQL queries Resolving URIs</region>
        <region class="DoCO:FigureBox" id="F1">
          <caption class="deo:Caption" id="135" page="7" column="2">Fig. 1. The diagram above displays the progress in number of clients requesting RDF data (not HTML) on a monthly basis from the launch of data.open.ac.uk in September 2010 to September 2014. There are some visible peaks. The first is on 2010-11 (679 clients), then on 2012-08 (720) and 2013-05 (1057). The first is most prob- ably related to the first launch of data.open.ac.uk. We presume the others to be related to the release of new applications consuming data.open.ac.uk data.</caption>
        </region>
      </section>
      <section class="DoCO:Section">
        <h1 class="DoCO:SectionTitle" id="136" page="7" column="2">6. Technical notes and maintenance</h1>
        <region class="DoCO:TextChunk" id="140" page="7" column="2">The data are basically a snapshot of the status of the related information at a given time. Most of the graphs are updated on a daily basis. Since the lifecycles of the graphs differ, the infras- tructure supports three different update policies: 1) graph rebuild: the data are rebuilt entirely and a new version substitutes the previous (e.g. g:course); 2) incremental update: data are never deleted, and new content is added once available (e.g. g:bbc); and 3) synchronisation: changes in the source are re- flected on the RDF graph as soon as possible (e.g. g:people/profile). The data import activity is performed with a num- ber of dedicated procedures, orchestrated according to the specific case. We can summarise the process as fol- lows, abstracting from the specific cases: 1. data collection: an item is collected from a data source; 2. transformation: the item is inspected, the data translated into RDF and enriched, by material- ising some inferences and eventually inspecting other data sources; 3. update plan: depending on the update policy, the commands to perform the change are prepared (for instance to replace the whole data in a graph, or to perform a delete query and then add the con- tent of the file); <marker type="page" number="8"/><marker type="column" number="1"/><marker type="block"/> 4. update execution: the related graph is updated. The datasets updated daily (both as full replace- ment or incremental additions) might have misalign- ments for up to 24 hours with respect to the sources. However, the change rate of that information is slow and full timeliness not really important for existing applications. This process requires less than one hour to be completed, and it does not affect the running system until data replacement occurs, which runs in less than 2 minutes. The information published tends to reflect the sources as much as possible, and in- accurate information is identified and corrected fol- lowing feedback from users. A special case is the g:people/profile graph, which is updated in real time from the source content management system, to immediately react to the change of policy that users might operate with respect to the privacy status of their data. When a profile is updated, the change is noti- fied to the updating procedure that adds the profile to a queue, which is then inspected regularly. Relevant triples are deleted with an ad-hoc query and the new version is loaded. The method guarantees full accu- racy and good timeliness despite loading the live sys- tem with write transactions 33 . data.open.ac.uk code is mostly written in PHP (front-end services) and Java (data importing and remodeling). The system relies on existing, open source software, especially the Fuseki server from Apache Jena 34 . The maintenance of the dataset in- cludes weekly dumps for history analysis and as back- ups for disaster recovery. Data are tested before apply- ing changes in order to detect common error patterns. This includes bad responses from external servers or corrupted downloaded files. The repository contains more than 3.500.000 RDF triples. While this is a fairly large amount, it is far from causing scalability issues with state-of-the-art triple stores. Indeed, the data.open.ac.uk platform only rarely experiences any downtime, and even that is mostly due to planned maintenance on the infrastruc- ture, given that it is supported by a small team (offi- cially amounting to 50% of a single developer).</region>
        <outsider class="DoCO:TextBox" type="page_nr" id="138" page="8" column="1">8</outsider>
        <outsider class="DoCO:TextBox" type="header" id="139" page="8" column="1">E. Daga et al. / The Open University Linked Data - data.open.ac.uk</outsider>
      </section>
      <section class="DoCO:Section">
        <h1 class="DoCO:SectionTitle" id="141" page="8" column="1">7. Ongoing work</h1>
        <region class="DoCO:TextChunk" id="142" page="8" column="1">data.open.ac.uk is today a reliable, constantly mon- itored service, whose data are updated on a daily</region>
        <region class="DoCO:TextChunk" id="143" confidence="possible" page="8" column="1">33 In general, write transactions are always sequential and we did not experience significant issues with the stability or efficiency of the live system during updates. 34 https://jena.apache.org/</region>
        <region class="DoCO:TextChunk" id="144" page="8" column="2">basis. The quality of service offered has led to a steady increase in its usage. Applications are using data.open.ac.uk to obtain official information about courses and qualifications and for the discovery of and linkage to relevant content spread across the hetero- geneus landscape of systems, websites and reposito- ries of the Open University. While data.open.ac.uk has evolved into a full-grown semantic dataset, some work is still required to make it the reference method for open data integration in the organisation. In particu- lar, there is a need for new tools and services that can make the data we offer easier to explore, understand, query and embed in applications efficiently. Metadata are also an important asset of data.open.ac.uk. An in- vestigation into the ways to provide provenance infor- mation for both entity resolution and SPARQL queries is ongoing. We are observing the evolution of linked CSV specifications, and considering a service that pro- vides predefined views over the triple store listing types of objects with their properties in this format. There are plans to include new data, such as the up- coming course description using XCRI 2.0, as well as library data from the OUDL project 35 . Other sources of data will also cover more information about people profiles and a complete graph dedicated to the organi- sational structure of the University.</region>
      </section>
      <section class="DoCO:Bibliography">
        <h1 class="DoCO:SectionTitle" id="145" page="8" column="2">References</h1>
        <ref-list class="DoCO:BiblioGraphicReferenceList">
          <ref rid="R1" class="deo:BibliographicReference" id="146" page="8" column="2">[1] M. d’Aquin, C. Allocca, and T. Collins. Discou: A flexible discovery engine for open educational resources using semantic in- dexing and relationship summaries. In B. Glimm and D. Huynh, editors, Proceedings of the ISWC 2012 Posters &amp; Demonstra- tions Track, Boston, USA, November 2012.</ref>
          <ref rid="R2" class="deo:BibliographicReference" id="147" page="8" column="2">[2] M. d’Aquin and S. Dietze. Open education: A growing, high impact area for linked open data. ERCIM News, (96), January 2014.</ref>
          <ref rid="R3" class="deo:BibliographicReference" id="148" page="8" column="2">[3] L. Dodds and I. Davis. Linked Data Patterns. Online: http:// patterns.dataincubator.org/book, (accessed: De- cember, 2014), 2011.</ref>
          <ref rid="R4" class="deo:BibliographicReference" id="149" page="8" column="2">[4] M. d’Aquin. Putting linked data to use in a large higher- education organisation. In C. Unger, P. Cimiano, V. Lopez, E. Motta, P. Buitelaar, and R. Cyganiak, editors, Proceedings of the Interacting with Linked Data (ILD) workshop at the 9th Ex- tended Semantic Web Conference (ESWC), volume 913, Herak- lion, Greece, May 2012. CEUR-WS.</ref>
          <ref rid="R5" class="deo:BibliographicReference" id="150" page="8" column="2">[5] F. Zablith, M. d’Aquin, S. Brown, and L. Green-Hughes. Consuming linked data within a large educational organization. In O. Hartig, A. Harth, and J. Sequeda, editors, Second International Workshop on Consuming Linked Data (COLD) at 10th International Semantic Web Conference (ISWC 2011), volume 782, Bonn, Germany, October 2011. CEUR-WS.</ref>
        </ref-list>
        <region class="unknown" id="152" page="8" column="2">35 <ext-link ext-link-type="uri" href="http://www.open.ac.uk/blogs/OUDL/" id="151">http://www.open.ac.uk/blogs/OUDL/</ext-link></region>
      </section>
    </body>
  </article>
</pdfx>
