<?xml version='1.0' encoding='UTF-8'?>
<pdfx xmlns:xsi="http://www.w3.org/2001/XMLSchema-instance" xsi:noNamespaceSchemaLocation="http://pdfx.cs.man.ac.uk/static/article-schema.xsd">
  <meta>
    <job>478c1cade22623c64d14f569c79dbe3f2995cda40078905a15ed604bc019cea6</job>
    <base_name>gr</base_name>
    <doi>http://dx.doi.org/10.15766/mep_2374-8265.227</doi>
    <warning>Name identification was not possible. </warning>
    <warning>The font used for 'body text' does not predominate across pages. Output quality may be degraded.</warning>
    <warning>Original PDF was found to be an image-based/possible OCR document. Output quality may be degraded.</warning>
  </meta>
  <article>
    <front class="DoCO:FrontMatter">
      <title-group>
        <article-title class="DoCO:Title" id="1" confidence="possible">Publications = Data, Data ≠ Publications</article-title>
      </title-group>
      <outsider class="DoCO:TextBox" type="footer" id="3">Prof. Dr. Stefan Gradmann Humboldt-Universität zu Berlin / School of Library and Information Science <email id="2">stefan.gradmann@ibi.hu-berlin.de</email></outsider>
      <outsider class="DoCO:TextBox" type="page_nr" id="4">1</outsider>
      <region class="DoCO:FigureBox" id="Fx5">
        <image class="DoCO:Figure" src="gr.page_001.image_01.png" thmb="gr.page_001.image_01-thumb.png"/>
      </region>
      <outsider class="DoCO:TextBox" type="header" id="6">A Three-Course Menu</outsider>
      <outsider class="DoCO:TextBox" type="header" id="7">Hors d'oeuvre: The distinction of 'publications' and 'data' never worked universally!</outsider>
      <outsider class="DoCO:TextBox" type="sidenote" id="8">Main course: Gutenberg Galaxy → Semantic Dessert: Surprise</outsider>
      <outsider class="DoCO:TextBox" type="footer" id="9">Data &lt;=&gt; Publications / Prof. Dr. Stefan Gradmann London: Fourth Bloomsbury Conference</outsider>
      <outsider class="DoCO:TextBox" type="page_nr" id="10">2</outsider>
      <region class="DoCO:FigureBox" id="Fx11">
        <image class="DoCO:Figure" src="gr.page_002.image_02.png" thmb="gr.page_002.image_02-thumb.png"/>
      </region>
      <outsider class="DoCO:TextBox" type="sidenote" id="12">Hors Data =</outsider>
      <outsider class="DoCO:TextBox" type="footer" id="13">Data &lt;=&gt; Publications / Prof. Dr. Stefan Gradmann London: Fourth Bloomsbury Conference</outsider>
      <outsider class="DoCO:TextBox" type="page_nr" id="14">3</outsider>
      <region class="DoCO:FigureBox" id="Fx15">
        <image class="DoCO:Figure" src="gr.page_003.image_03.png" thmb="gr.page_003.image_03-thumb.png"/>
      </region>
      <outsider class="DoCO:TextBox" type="header" id="16">Where the distinction never really worked ...</outsider>
      <outsider class="DoCO:TextBox" type="header" id="17">Publication formats and research data have always been intrinsically disjoint in the STM area: this fact is at the origin of of the conference theme ...</outsider>
      <outsider class="DoCO:TextBox" type="sidenote" id="18">the (hence the</outsider>
      <outsider class="DoCO:TextBox" type="sidenote" id="19">... there was until recently no publishing container and the success of tools like</outsider>
      <outsider class="DoCO:TextBox" type="footer" id="20">'Data' and 'publication' belong to different signification models! Publishing formats of scholarly discourse and the objects of this discourse are intrinsically interwoven in large parts of the humanities ... ... producing books about books! Discourse and meta-discourse (data and publications) traditionally are part of one shared model of signification!</outsider>
      <outsider class="DoCO:TextBox" type="footer" id="21">Data &lt;=&gt; Publications / Prof. Dr. Stefan Gradmann London: Fourth Bloomsbury Conference</outsider>
      <outsider class="DoCO:TextBox" type="page_nr" id="22">4</outsider>
      <region class="DoCO:FigureBox" id="Fx23">
        <image class="DoCO:Figure" src="gr.page_004.image_04.png" thmb="gr.page_004.image_04-thumb.png"/>
      </region>
      <outsider class="DoCO:TextBox" type="sidenote" id="24">Main Towards</outsider>
      <outsider class="DoCO:TextBox" type="footer" id="25">Data &lt;=&gt; Publications / Prof. Dr. Stefan Gradmann London: Fourth Bloomsbury Conference</outsider>
      <outsider class="DoCO:TextBox" type="page_nr" id="26">5</outsider>
      <region class="DoCO:FigureBox" id="Fx27">
        <image class="DoCO:Figure" src="gr.page_005.image_05.png" thmb="gr.page_005.image_05-thumb.png"/>
      </region>
      <outsider class="DoCO:TextBox" type="header" id="28">Linear Document Continuum ... ... in the Gutenberg galaxy</outsider>
      <outsider class="DoCO:TextBox" type="footer" id="29">Data &lt;=&gt; Publications / Prof. Dr. Stefan Gradmann London: Fourth Bloomsbury Conference</outsider>
      <outsider class="DoCO:TextBox" type="page_nr" id="30">6</outsider>
      <region class="DoCO:FigureBox" id="Fx31">
        <image class="DoCO:Figure" src="gr.page_006.image_06.png" thmb="gr.page_006.image_06-thumb.png"/>
      </region>
      <outsider class="DoCO:TextBox" type="header" id="32">Linear Document Continuum ... ... in emulation mode</outsider>
      <outsider class="DoCO:TextBox" type="footer" id="33">Data &lt;=&gt; Publications / Prof. Dr. Stefan Gradmann London: Fourth Bloomsbury Conference</outsider>
      <outsider class="DoCO:TextBox" type="page_nr" id="34">7</outsider>
      <region class="DoCO:FigureBox" id="Fx35">
        <image class="DoCO:Figure" src="gr.page_007.image_07.png" thmb="gr.page_007.image_07-thumb.png"/>
      </region>
      <outsider class="DoCO:TextBox" type="header" id="36">Linear Document Continuum ... ... going digital (entering Turing galaxy)</outsider>
      <outsider class="DoCO:TextBox" type="footer" id="37">Data &lt;=&gt; Publications / Prof. Dr. Stefan Gradmann London: Fourth Bloomsbury Conference</outsider>
      <outsider class="DoCO:TextBox" type="page_nr" id="38">8</outsider>
      <region class="DoCO:FigureBox" id="Fx39">
        <image class="DoCO:Figure" src="gr.page_008.image_08.png" thmb="gr.page_008.image_08-thumb.png"/>
      </region>
      <outsider class="DoCO:TextBox" type="header" id="40">Web Based Scholarly Working Continuum ... ... a triple paradigm shift: Beyond Documents</outsider>
      <outsider class="DoCO:TextBox" type="footer" id="41">Decreasing functional determination by traditional cultural techniques Disintegration of the linear / circular functional paradigma Erosion of the monolithic document notion in hypertext paradigms</outsider>
      <outsider class="DoCO:TextBox" type="footer" id="42">Data &lt;=&gt; Publications / Prof. Dr. Stefan Gradmann London: Fourth Bloomsbury Conference</outsider>
      <outsider class="DoCO:TextBox" type="page_nr" id="43">9</outsider>
      <region class="DoCO:FigureBox" id="Fx44">
        <image class="DoCO:Figure" src="gr.page_009.image_09.png" thmb="gr.page_009.image_09-thumb.png"/>
      </region>
      <outsider class="DoCO:TextBox" type="header" id="45">Ted Nelson's Xanadu: radicalised Hypertext ...</outsider>
      <outsider class="DoCO:TextBox" type="footer" id="46">Data &lt;=&gt; Publications / Prof. Dr. Stefan Gradmann London: Fourth Bloomsbury Conference</outsider>
      <outsider class="DoCO:TextBox" type="page_nr" id="47">10</outsider>
      <region class="DoCO:FigureBox" id="Fx48">
        <image class="DoCO:Figure" src="gr.page_010.image_10.png" thmb="gr.page_010.image_10-thumb.png"/>
      </region>
      <outsider class="DoCO:TextBox" type="header" id="49">... the web of 'documents' extended with a web of 'things' ...</outsider>
      <outsider class="DoCO:TextBox" type="footer" id="50">Data &lt;=&gt; Publications / Prof. Dr. Stefan Gradmann London: Fourth Bloomsbury Conference</outsider>
      <outsider class="DoCO:TextBox" type="page_nr" id="51">11</outsider>
      <region class="DoCO:FigureBox" id="Fx52">
        <image class="DoCO:Figure" src="gr.page_011.image_11.png" thmb="gr.page_011.image_11-thumb.png"/>
      </region>
      <outsider class="DoCO:TextBox" type="header" id="53">... another instance of the web of 'things' ...</outsider>
      <outsider class="DoCO:TextBox" type="footer" id="54">Data &lt;=&gt; Publications / Prof. Dr. Stefan Gradmann London: Fourth Bloomsbury Conference</outsider>
      <outsider class="DoCO:TextBox" type="page_nr" id="55">12</outsider>
      <region class="DoCO:FigureBox" id="Fx56">
        <image class="DoCO:Figure" src="gr.page_012.image_12.png" thmb="gr.page_012.image_12-thumb.png"/>
      </region>
      <outsider class="DoCO:TextBox" type="header" id="57">... and 'publication' aggregations combining 'documents' and 'things' B</outsider>
      <outsider class="DoCO:TextBox" type="sidenote" id="58">do resource</outsider>
      <outsider class="DoCO:TextBox" type="footer" id="59">A</outsider>
      <outsider class="DoCO:TextBox" type="footer" id="60">'start'? Where do they 'end'? And what constitutes document boundaries?? And which node was connected to which one at a given time???</outsider>
      <outsider class="DoCO:TextBox" type="footer" id="61">C</outsider>
      <outsider class="DoCO:TextBox" type="footer" id="62">Data &lt;=&gt; Publications / Prof. Dr. Stefan Gradmann London: Fourth Bloomsbury Conference</outsider>
      <outsider class="DoCO:TextBox" type="page_nr" id="63">13</outsider>
      <region class="DoCO:FigureBox" id="Fx64">
        <image class="DoCO:Figure" src="gr.page_013.image_13.png" thmb="gr.page_013.image_13-thumb.png"/>
      </region>
      <outsider class="DoCO:TextBox" type="header" id="65">Machines can reason on triple sets!</outsider>
      <outsider class="DoCO:TextBox" type="footer" id="66">Data &lt;=&gt; Publications / Prof. Dr. Stefan Gradmann London: Fourth Bloomsbury Conference</outsider>
      <outsider class="DoCO:TextBox" type="page_nr" id="67">14</outsider>
      <region class="DoCO:FigureBox" id="Fx68">
        <image class="DoCO:Figure" src="gr.page_014.image_14.png" thmb="gr.page_014.image_14-thumb.png"/>
      </region>
      <outsider class="DoCO:TextBox" type="header" id="69">Some reasoning preconditions ...</outsider>
      <outsider class="DoCO:TextBox" type="footer" id="70">Data &lt;=&gt; Publications / Prof. Dr. Stefan Gradmann London: Fourth Bloomsbury Conference</outsider>
      <outsider class="DoCO:TextBox" type="page_nr" id="71">15</outsider>
      <region class="DoCO:FigureBox" id="Fx72">
        <image class="DoCO:Figure" src="gr.page_015.image_15.png" thmb="gr.page_015.image_15-thumb.png"/>
      </region>
      <outsider class="DoCO:TextBox" type="header" id="73">... and an automated inference!</outsider>
      <outsider class="DoCO:TextBox" type="footer" id="74">There is quite some potential for generating scholarly heuristics here!</outsider>
      <outsider class="DoCO:TextBox" type="footer" id="75">Data &lt;=&gt; Publications / Prof. Dr. Stefan Gradmann London: Fourth Bloomsbury Conference</outsider>
      <outsider class="DoCO:TextBox" type="page_nr" id="76">16</outsider>
      <region class="DoCO:FigureBox" id="Fx77">
        <image class="DoCO:Figure" src="gr.page_016.image_16.png" thmb="gr.page_016.image_16-thumb.png"/>
      </region>
      <outsider class="DoCO:TextBox" type="header" id="78">The use of Inferences Citation: van Haagen HHHBM, 't Hoen PAC, Botelho Bovo A, de Morrée A, van Mulligen EM, et al. (2009) Novel Protein-Protein Interactions Inferred from Literature Context. PLoS ONE 4(11): e7894. doi:10.1371/journal.pone.0007894 / Example provided by Jan Velterop</outsider>
      <outsider class="DoCO:TextBox" type="footer" id="79">Data &lt;=&gt; Publications / Prof. Dr. Stefan Gradmann London: Fourth Bloomsbury Conference</outsider>
      <outsider class="DoCO:TextBox" type="page_nr" id="80">17</outsider>
      <region class="DoCO:FigureBox" id="Fx81">
        <image class="DoCO:Figure" src="gr.page_017.image_17.png" thmb="gr.page_017.image_17-thumb.png"/>
      </region>
      <outsider class="DoCO:TextBox" type="header" id="83">LoD: Billions of Triples ... ... and Semantic Publishing! <ext-link ext-link-type="uri" href="http://esw.w3.org/TaskForces/CommunityProjects/LinkingOpenData/DataSets" id="82">http://esw.w3.org/TaskForces/CommunityProjects/LinkingOpenData/DataSets</ext-link></outsider>
      <outsider class="DoCO:TextBox" type="footer" id="84">Data &lt;=&gt; Publications / Prof. Dr. Stefan Gradmann London: Fourth Bloomsbury Conference</outsider>
      <outsider class="DoCO:TextBox" type="footer" id="85">18 34</outsider>
      <region class="DoCO:FigureBox" id="Fx86">
        <image class="DoCO:Figure" src="gr.page_018.image_18.png" thmb="gr.page_018.image_18-thumb.png"/>
      </region>
      <outsider class="DoCO:TextBox" type="header" id="87">Semantic Publishing as Defined by Shotton</outsider>
      <outsider class="DoCO:TextBox" type="header" id="88">Shotton et al. (2009b) define semantic publication to include anything that enhances the meaning of a published journal article,</outsider>
      <outsider class="DoCO:TextBox" type="sidenote" id="89">facilitates its automated enables its linking to</outsider>
      <outsider class="DoCO:TextBox" type="footer" id="90">provides access to data within the article in actionable form, or facilitates integration of data between articles. Example of an enhanced article</outsider>
      <outsider class="DoCO:TextBox" type="footer" id="91">Data &lt;=&gt; Publications / Prof. Dr. Stefan Gradmann London: Fourth Bloomsbury Conference</outsider>
      <outsider class="DoCO:TextBox" type="page_nr" id="92">19</outsider>
      <region class="DoCO:FigureBox" id="Fx93">
        <image class="DoCO:Figure" src="gr.page_019.image_19.png" thmb="gr.page_019.image_19-thumb.png"/>
      </region>
      <outsider class="DoCO:TextBox" type="header" id="94">An example</outsider>
      <outsider class="DoCO:TextBox" type="footer" id="95">Data &lt;=&gt; Publications / Prof. Dr. Stefan Gradmann London: Fourth Bloomsbury Conference</outsider>
      <outsider class="DoCO:TextBox" type="page_nr" id="96">20</outsider>
      <region class="DoCO:FigureBox" id="Fx97">
        <image class="DoCO:Figure" src="gr.page_020.image_20.png" thmb="gr.page_020.image_20-thumb.png"/>
      </region>
      <outsider class="DoCO:TextBox" type="header" id="98">Semantic Enrichment Tools</outsider>
      <outsider class="DoCO:TextBox" type="header" id="101">Generic: OpenCalais (<ext-link ext-link-type="uri" href="http://www.opencalais.com/)" id="99">http://www.opencalais.com/)</ext-link> Temis (<ext-link ext-link-type="uri" href="http://www.temis.com/)" id="100">http://www.temis.com/)</ext-link> Specialised:</outsider>
      <outsider class="DoCO:TextBox" type="sidenote" id="102">Bio Taxon Finder ml_services)</outsider>
      <outsider class="DoCO:TextBox" type="footer" id="105">ConceptWebAlliance (<ext-link ext-link-type="uri" href="http://conceptwiki.org" id="103">http://conceptwiki.org</ext-link>) (Biomedical, Jan Velterop) Good critique by Roderic Page: <ext-link ext-link-type="uri" href="http://iphylo.blogspot.com/2009/04/semantic-publishing-towards-real.html" id="104">http://iphylo.blogspot.com/2009/04/semantic-publishing-towards-real.html</ext-link> “linking terms to HTML pages doesn't get us much further. Great for humans, not so good for computers.” Too much focus on journal article format! → We need a little more!</outsider>
      <outsider class="DoCO:TextBox" type="footer" id="106">Data &lt;=&gt; Publications / Prof. Dr. Stefan Gradmann London: Fourth Bloomsbury Conference</outsider>
      <outsider class="DoCO:TextBox" type="page_nr" id="107">21</outsider>
      <region class="DoCO:FigureBox" id="Fx108">
        <image class="DoCO:Figure" src="gr.page_021.image_21.png" thmb="gr.page_021.image_21-thumb.png"/>
      </region>
      <outsider class="DoCO:TextBox" type="header" id="109">Semantic Micro-Content: PAUX</outsider>
      <region class="DoCO:TextChunk" id="111" confidence="possible">PAUX is a Semantic Wiki, which is not based on static HTML pages, but instead consists of dynamic documents, which are provided at runtime from semantic microcontent (“PAUX-Objects”), which are semantically linked by “PAUX- Links” PAUX (<ext-link ext-link-type="uri" href="http://www.paux.de" id="110">http://www.paux.de</ext-link>): origins in eLearning Microcontent elements have HTTP URIs! → PAUX documents can be published as Linked (Open) Data aggregations with maximum granularity: down to word level.</region>
      <outsider class="DoCO:TextBox" type="footer" id="112">Data &lt;=&gt; Publications / Prof. Dr. Stefan Gradmann London: Fourth Bloomsbury Conference</outsider>
      <outsider class="DoCO:TextBox" type="page_nr" id="113">22</outsider>
      <region class="DoCO:FigureBox" id="Fx114">
        <image class="DoCO:Figure" src="gr.page_022.image_22.png" thmb="gr.page_022.image_22-thumb.png"/>
      </region>
      <outsider class="DoCO:TextBox" type="header" id="115">Granular Semantic Publishing: Paux (1)</outsider>
      <outsider class="DoCO:TextBox" type="footer" id="116">Data &lt;=&gt; Publications / Prof. Dr. Stefan Gradmann London: Fourth Bloomsbury Conference</outsider>
      <outsider class="DoCO:TextBox" type="page_nr" id="117">23</outsider>
      <region class="DoCO:FigureBox" id="Fx118">
        <image class="DoCO:Figure" src="gr.page_023.image_23.png" thmb="gr.page_023.image_23-thumb.png"/>
      </region>
      <outsider class="DoCO:TextBox" type="header" id="119">Very Granular Semantic Publishing: Paux (2)</outsider>
      <outsider class="DoCO:TextBox" type="footer" id="120">Data &lt;=&gt; Publications / Prof. Dr. Stefan Gradmann London: Fourth Bloomsbury Conference</outsider>
      <outsider class="DoCO:TextBox" type="page_nr" id="121">24</outsider>
      <region class="DoCO:FigureBox" id="Fx122">
        <image class="DoCO:Figure" src="gr.page_024.image_24.png" thmb="gr.page_024.image_24-thumb.png"/>
      </region>
      <outsider class="DoCO:TextBox" type="header" id="123">Semantic Publishing: Paux (3)</outsider>
      <outsider class="DoCO:TextBox" type="footer" id="124">Data &lt;=&gt; Publications / Prof. Dr. Stefan Gradmann London: Fourth Bloomsbury Conference</outsider>
      <outsider class="DoCO:TextBox" type="page_nr" id="125">25</outsider>
      <region class="DoCO:FigureBox" id="Fx126">
        <image class="DoCO:Figure" src="gr.page_025.image_25.png" thmb="gr.page_025.image_25-thumb.png"/>
      </region>
      <outsider class="DoCO:TextBox" type="header" id="127">Linked Semantic Publishing: Paux (4)</outsider>
      <outsider class="DoCO:TextBox" type="footer" id="128">Data &lt;=&gt; Publications / Prof. Dr. Stefan Gradmann London: Fourth Bloomsbury Conference</outsider>
      <outsider class="DoCO:TextBox" type="page_nr" id="129">26</outsider>
      <region class="DoCO:FigureBox" id="Fx130">
        <image class="DoCO:Figure" src="gr.page_026.image_26.png" thmb="gr.page_026.image_26-thumb.png"/>
      </region>
      <outsider class="DoCO:TextBox" type="header" id="131">Linked Semantic Publishing: Paux (5)</outsider>
      <outsider class="DoCO:TextBox" type="footer" id="132">Data &lt;=&gt; Publications / Prof. Dr. Stefan Gradmann London: Fourth Bloomsbury Conference</outsider>
      <outsider class="DoCO:TextBox" type="page_nr" id="133">27</outsider>
      <region class="DoCO:FigureBox" id="Fx134">
        <image class="DoCO:Figure" src="gr.page_027.image_27.png" thmb="gr.page_027.image_27-thumb.png"/>
      </region>
      <outsider class="DoCO:TextBox" type="header" id="135">Social Semantic Publishing: Paux (6)</outsider>
      <outsider class="DoCO:TextBox" type="footer" id="136">Data &lt;=&gt; Publications / Prof. Dr. Stefan Gradmann London: Fourth Bloomsbury Conference</outsider>
      <outsider class="DoCO:TextBox" type="page_nr" id="137">28</outsider>
      <region class="DoCO:FigureBox" id="Fx138">
        <image class="DoCO:Figure" src="gr.page_028.image_28.png" thmb="gr.page_028.image_28-thumb.png"/>
      </region>
      <outsider class="DoCO:TextBox" type="header" id="139">Paux live (1): Outline &amp; Sentences</outsider>
      <outsider class="DoCO:TextBox" type="header" id="140">c</outsider>
      <outsider class="DoCO:TextBox" type="footer" id="141">Data &lt;=&gt; Publications / Prof. Dr. Stefan Gradmann London: Fourth Bloomsbury Conference</outsider>
      <outsider class="DoCO:TextBox" type="page_nr" id="142">29</outsider>
      <region class="DoCO:FigureBox" id="Fx143">
        <image class="DoCO:Figure" src="gr.page_029.image_29.png" thmb="gr.page_029.image_29-thumb.png"/>
      </region>
      <outsider class="DoCO:TextBox" type="header" id="144">Paux live (2): Sentence &amp; Linking Options</outsider>
      <outsider class="DoCO:TextBox" type="footer" id="145">Data &lt;=&gt; Publications / Prof. Dr. Stefan Gradmann London: Fourth Bloomsbury Conference</outsider>
      <outsider class="DoCO:TextBox" type="page_nr" id="146">30</outsider>
      <region class="DoCO:FigureBox" id="Fx147">
        <image class="DoCO:Figure" src="gr.page_030.image_30.png" thmb="gr.page_030.image_30-thumb.png"/>
      </region>
      <outsider class="DoCO:TextBox" type="header" id="148">Paux live (3): Word &amp; Hyperlinks</outsider>
      <outsider class="DoCO:TextBox" type="footer" id="149">Data &lt;=&gt; Publications / Prof. Dr. Stefan Gradmann London: Fourth Bloomsbury Conference</outsider>
      <outsider class="DoCO:TextBox" type="page_nr" id="150">31</outsider>
      <region class="DoCO:FigureBox" id="Fx151">
        <image class="DoCO:Figure" src="gr.page_031.image_31.png" thmb="gr.page_031.image_31-thumb.png"/>
      </region>
      <outsider class="DoCO:TextBox" type="header" id="152">Paux live (4): Word &amp; Link to Sentence</outsider>
      <outsider class="DoCO:TextBox" type="footer" id="153">Data &lt;=&gt; Publications / Prof. Dr. Stefan Gradmann London: Fourth Bloomsbury Conference</outsider>
      <outsider class="DoCO:TextBox" type="page_nr" id="154">32</outsider>
      <region class="DoCO:FigureBox" id="Fx155">
        <image class="DoCO:Figure" src="gr.page_032.image_32.png" thmb="gr.page_032.image_32-thumb.png"/>
      </region>
      <outsider class="DoCO:TextBox" type="header" id="156">Data = Publication</outsider>
      <outsider class="DoCO:TextBox" type="header" id="157">Distinction data vs. publication will get increasingly obsolete in semantic publishing environments ... ... at least (and somewhat paradoxically) in the STM sector.</outsider>
      <outsider class="DoCO:TextBox" type="sidenote" id="158">in</outsider>
      <outsider class="DoCO:TextBox" type="sidenote" id="159">The move into semantic the SSH because of</outsider>
      <outsider class="DoCO:TextBox" type="footer" id="160">fuzzy and unstable terminology fuzzy linking semantics hard to formalise consistently close relation between complex document formats and scholarly discourse Current examples are mostly from the medical and bio- medical area as a consequence. =&gt; Jan Velterop's concept of “Nano-Publications” or Bill Town's examples from chemistry (namely OreChem)</outsider>
      <outsider class="DoCO:TextBox" type="footer" id="161">Data &lt;=&gt; Publications / Prof. Dr. Stefan Gradmann London: Fourth Bloomsbury Conference</outsider>
      <outsider class="DoCO:TextBox" type="page_nr" id="162">33</outsider>
      <region class="DoCO:FigureBox" id="Fx163">
        <image class="DoCO:Figure" src="gr.page_033.image_33.png" thmb="gr.page_033.image_33-thumb.png"/>
      </region>
      <outsider class="DoCO:TextBox" type="footer" id="164">Data &lt;=&gt; Publications / Prof. Dr. Stefan Gradmann London: Fourth Bloomsbury Conference</outsider>
      <outsider class="DoCO:TextBox" type="page_nr" id="165">34</outsider>
      <region class="DoCO:FigureBox" id="Fx166">
        <image class="DoCO:Figure" src="gr.page_034.image_34.png" thmb="gr.page_034.image_34-thumb.png"/>
      </region>
      <outsider class="DoCO:TextBox" type="header" id="167">Semantics and Reputation: Valued Resources How to create value in the sense of building reputation? The currency in semantic publishing will not just be 'data volume' or 'amount of information' but 'attention'!</outsider>
      <outsider class="DoCO:TextBox" type="footer" id="168">Semantic contextualisation is key for creating attention in future scholarly environments (think back to LoD cloud!) The elementary digital curation decision thus remains a very old one: what to semantically enrich (and thus add value to) - and what to forget? Do not keep data, nor information: preserve knowledge! Context is king! Data &lt;=&gt; Publications / Prof. Dr. Stefan Gradmann London: Fourth Bloomsbury Conference</outsider>
      <outsider class="DoCO:TextBox" type="page_nr" id="169">35</outsider>
      <region class="DoCO:FigureBox" id="Fx170">
        <image class="DoCO:Figure" src="gr.page_035.image_35.png" thmb="gr.page_035.image_35-thumb.png"/>
      </region>
      <outsider class="DoCO:TextBox" type="header" id="171">Some Reading</outsider>
      <outsider class="DoCO:TextBox" type="header" id="172">David Shotton (2009a): Semantic Publishing. The coming revolution inscientific journal publishing. Learned Publishing Volume 22, No 2, 85–94, April 2009; doi:10.1087/2009202 David Shotton et al. (2009b): Adventures in Semantic Publishing: Exemplar Semantic Enhancements of a Research Article (</outsider>
      <outsider class="DoCO:TextBox" type="footer" id="173">Data &lt;=&gt; Publications / Prof. Dr. Stefan Gradmann London: Fourth Bloomsbury Conference</outsider>
      <outsider class="DoCO:TextBox" type="page_nr" id="174">36</outsider>
      <region class="DoCO:FigureBox" id="Fx175">
        <image class="DoCO:Figure" src="gr.page_036.image_36.png" thmb="gr.page_036.image_36-thumb.png"/>
      </region>
    </front>
    <body class="DoCO:BodyMatter"/>
  </article>
</pdfx>
