<?xml version='1.0' encoding='UTF-8'?>
<pdfx xmlns:xsi="http://www.w3.org/2001/XMLSchema-instance" xsi:noNamespaceSchemaLocation="http://pdfx.cs.man.ac.uk/static/article-schema.xsd">
  <meta>
    <job>eec99097ecb29186fb0874695c4307522cb50c72ab11279f5a3bf66252a9c7c8</job>
    <base_name>f2</base_name>
    <doi>http://dx.doi.org/10.1515/9783110278736.1</doi>
    <warning>Name identification was not possible. </warning>
  </meta>
  <article>
    <front class="DoCO:FrontMatter">
      <title-group>
        <article-title class="DoCO:Title" id="1">inDExing mathEmatiCal sCholarly papErs as linkED opEn Data</article-title>
      </title-group>
      <region class="unknown" id="5">Azat Khasanshin e-mail: <email id="2">azatkhasanshin@gmail.com</email> Danila Zaikin e-mail: <email id="3">ksugltronteal@gmail.com</email> Nikita Zhiltsov e-mail: <email id="4">nikita.zhiltsov@gmail.com</email> Kazan Federal University 18 Kremlyovskaya St., Kazan, Russia</region>
      <abstract class="DoCO:Abstract" id="6">We present our work on developing an open source software platform for mining Linked Open Data (LOD) representation for a given collection of mathematical scholarly papers. Currently, the LOD cloud lacks up-to-date data on professional level mathematics. The main reason behind this is due to practical difficulties arising while dealing with such severe documents for indexing as mathematical papers that abound with formulas and specific structural elements ignored by the most state-of-the-art academic search engines. Our proof of concept demonstrates a feasible approach to parse these documents properly, dissect the semantics of their significant parts with the help of the ad hoc math-aware vocabulary, and publish their contents and metadata as RDF data. The authors argue that the platform at the final stage of its development cycle may be helpful for modern online scientific collections. For our experimental setup, we choose Math- Net.Ru – a digital collection well-known in the Russian mathematical community. Keywords: Indexing, Linked Open Data, Mining Logical Structure, Ontology Extraction</abstract>
    </front>
    <body class="DoCO:BodyMatter">
      <section class="deo:Introduction">
        <h1 class="DoCO:SectionTitle" id="7" page="1" column="1">1. INTRODUCTION</h1>
      </section>
      <region class="DoCO:TextChunk" id="15" page="1" column="1">The Linked Open Data (LOD) initiative has recently emerged the added value of representing heterogeneous data from different content providers as a single interconnected “cloud” of objects 1 . The added value in such structured repre- sentation is in the standardized way of storing data integrated. As a rule, the data are loaded and transformed to RDF representation from such conven- tional data storage as relational databases, and, more rarely, from web pages or semi-structured textual documents using the so-called Linked Data principles, proposed by T. Berners-Lee [ <xref ref-type="bibr" rid="R2" id="8" class="deo:Reference">2</xref>]. Modern semantic search applications like a se- mantic search engine Sindice 2 or a mashup Sig.ma 3 harness the published RDF data to be able to either handle search queries more accurately or aggregate and display information about entities that users are interested in. 1 <ext-link ext-link-type="uri" href="http://lod-cloud.net" id="9">http://lod-cloud.net</ext-link> 2 <ext-link ext-link-type="uri" href="http://sindice.com" id="10">http://sindice.com</ext-link> 3 <ext-link ext-link-type="uri" href="http://sig.ma" id="11">http://sig.ma</ext-link><marker type="page" number="2"/><marker type="block"/> Azat Khasanshin et al. Indexing Mathematical Scholarly Papers as Linked Open Data The data sets related to the domain of academic research papers form a significant and tightly connected subgraph in the LOD cloud. Namely, there are several LOD data sets affiliated with prominent digital collections e.g. ACM, DBLP, CiteSeer and others, that contain metadata of scholarly publications and links between each other. AKT Portal Ontology 4 is the de-facto standard for representing scholarly paper metadata in LOD. The schema covers a wide range of entities in the academic publishing domain including various types of publications (papers in conference proceedings, journal papers, technical reports etc.), author metadata (names, e-mail address, affiliation) and organizations. Among Semantic Web applications that exploit the data based on the AKT Portal Ontology, we would like to note RKBExplorer 5 , which allows users to explore related authors, publications, organizations, and teaching courses. However, the problem is that the academic data sets and their conjugate full text collections operate rather independently. Moreover, none of the data sets and collections contain information about particular entities, specific to some concrete subfield of science e.g. mathematics or physics. To our mind, eliciting and indexing the contents of such significant document parts as theorems, proofs, definitions, formulas etc. along with semantic relationships between them and, yet, paper metadata would allow obtaining a unified knowledge model for a given collection. Depending on the collection size, it will benefit professional researchers as well as learning students, by providing them more targeted services. The exemplary applications are article summarization and semantic search. In the paper, we present our contribution in designing and implementing a programming solution to extract semantic LOD representation of mathematical scholarly papers in a given possibly connected digital collection.</region>
      <outsider class="DoCO:TextBox" type="page_nr" id="13" page="1" column="1">24</outsider>
      <outsider class="DoCO:TextBox" type="footer" id="14" page="1" column="1">Young Scientists Conference in Information Retrieval</outsider>
      <section class="deo:RelatedWork">
        <h1 class="DoCO:SectionTitle" id="16" page="2" column="1">2. RELATED WORK</h1>
        <region class="DoCO:TextChunk" id="27" page="2" column="1">«RDFizing» semi-structured or loosely structured documents is hot topic nowadays. Some tools primarily focus on conversion itself and do a little to add the semantics to data. For example, the Any23 library 6 accepts XHTML for converting web pages, possibly with RDFa annotations, to RDF. Recent- ly, the library proves its reliability being used during large-scale extraction structured data from the Common Web Crawl [ <xref ref-type="bibr" rid="R8" id="17" class="deo:Reference">8</xref>]. 4 <ext-link ext-link-type="uri" href="http://www.aktors.org/publications/ontology/" id="18">http://www.aktors.org/publications/ontology/</ext-link> 5 www.rkbexplorer.com 6 <ext-link ext-link-type="uri" href="http://code.google.com/p/any23/" id="19">http://code.google.com/p/any23/</ext-link><marker type="page" number="3"/><marker type="block"/> Azat Khasanshin et al. Indexing Mathematical Scholarly Papers as Linked Open Data There are also numerous relevant works from the field of ontology extraction aka ontology learning that aim to analyze texts in terms of some domain-specific vocabulary, taxonomy or ontology. Impressive advances in ontology extraction have been achieved across many domains including bioinformatics [<xref ref-type="bibr" rid="R1" id="23" class="deo:Reference">1</xref>], environment [<xref ref-type="bibr" rid="R7" id="24" class="deo:Reference">7</xref>], law [<xref ref-type="bibr" rid="R6" id="25" class="deo:Reference">6</xref>], and e-commerce [<xref ref-type="bibr" rid="R3" id="26" class="deo:Reference">3</xref>]. To our knowledge, our work is the first attempt to extract RDF representation of indexed scholarly papers using not only their metadata, but also the text contents, in an automatic way.</region>
        <outsider class="DoCO:TextBox" type="footer" id="21" page="2" column="1">Young Scientists Conference in Information Retrieval</outsider>
        <outsider class="DoCO:TextBox" type="page_nr" id="22" page="2" column="1">25</outsider>
      </section>
      <section class="DoCO:Section">
        <h1 class="DoCO:SectionTitle" id="28" page="3" column="1">3. ARCHITECTURE AND IMPLEMENTATION</h1>
        <region class="DoCO:TextChunk" id="30" page="3" column="1">Currently, our solution, which was implemented as a submodule of the Mocassin project 7 , is characterized by the following main features: •  indexing mathematical papers in LaTeX as LOD compliant RDF data; •  mining the document logical structure using the math-aware Mocassin ontology 8 ; •  crawling Math-Net.Ru, one of the largest Russian online collections in mathematics, and ArXiv, for indexing publication metadata. The overall infrastructure of the indexing process workflow is depicted in <xref ref-type="fig" rid="F1" id="29" class="deo:Reference">Figure 1</xref>. On the scheme, the ellipses represent various data sources including LaTeX source files, web resource API, web pages, vocabularies etc. The processing units are expressed as the bars. The RDF data storage is plotted as the cylinder. The following subsections give more details about the indexing process. All the units were implemented mostly in Java, besides several third party utilities that were wrapped around by the ad hoc Java code. The platform also depends on the LaTeX distribution. We have used TeX Live 9 in our experiments.</region>
        <section class="DoCO:Section">
          <h2 class="DoCO:SectionTitle" id="31" page="3" column="1">3.1. Indexing mathematical papers in LaTeX</h2>
          <region class="DoCO:TextChunk" id="35" page="3" column="1">The main logic is implemented as a set of custom parsers for Apache Nutch, a widely used web crawler in Java. In particular, Nutch provides the basic infrastructure for retrieving LaTeX source files as indexing items and makes the indexing process either parallelizable (via conventional Java threads) or distributed (via Apache Hadoop). In general, it means that our approach is quite scalable with the evident bottleneck — the throughput performance of an underlying triple store. To achieve the best scalability, the triple store solution could be replaced by using HDFS files stored in the RDF/N3 for- mat. In this case, the last reduce task may merge the triples from all the 7 <ext-link ext-link-type="uri" href="http://code.google.com/p/mocassin/" id="32">http://code.google.com/p/mocassin/</ext-link> 8 <ext-link ext-link-type="uri" href="http://cll.niimm.ksu.ru/ontologies/mocassin" id="33">http://cll.niimm.ksu.ru/ontologies/mocassin</ext-link> 9 <ext-link ext-link-type="uri" href="http://www.tug.org/texlive/" id="34">http://www.tug.org/texlive/</ext-link></region>
          <outsider class="DoCO:TextBox" type="page_nr" id="36" page="3" column="1">26</outsider>
          <outsider class="DoCO:TextBox" type="footer" id="37" page="3" column="1">Young Scientists Conference in Information Retrieval</outsider>
          <region class="DoCO:TextChunk" id="38" confidence="possible" page="4" column="1">Azat Khasanshin et al. Indexing Mathematical Scholarly Papers as Linked Open Data</region>
          <region class="DoCO:FigureBox" id="F1">
            <image class="DoCO:Figure" src="f2.page_004.image_01.png" thmb="f2.page_004.image_01-thumb.png"/>
            <caption class="deo:Caption" id="40" page="4" column="1">Figure 1. Indexing Process Workflow</caption>
          </region>
          <region class="DoCO:TextChunk" id="45" page="4" column="1">nodes as preparation for saving data into the triple store without concur- rent write operations. As we haven’t yet tested our platform on the Hadoop cluster, we left this post-processing task out so far. LaTeX is the input document format supported at the moment. The principal reason for that is two-fold, first, the need to handle the logical structure and formulas, and, second, its high popularity as an authoring format among mathematicians. However, operating programmatically with native <marker type="page" number="5"/><marker type="block"/> Azat Khasanshin et al. Indexing Mathematical Scholarly Papers as Linked Open Data LaTeX is rather unhandy. That’s why we use the ArXMLiv tools [<xref ref-type="bibr" rid="R5" id="44" class="deo:Reference">5</xref>], which run on top of LaTeXML 10 , a package of Perl scripts that do conduct LaTeX- to-XML conversion. The ArXMLiv distribution provides LaTeXML bindings (i.e. a mapping between standard LaTeX environments and XML elements) for wide range of available LaTeX packages and, therefore, gives opportunities to convert LaTeX source files into convenient XML representation.</region>
          <outsider class="DoCO:TextBox" type="footer" id="42" page="4" column="1">Young Scientists Conference in Information Retrieval</outsider>
          <outsider class="DoCO:TextBox" type="page_nr" id="43" page="4" column="1">27</outsider>
        </section>
        <section class="DoCO:Section">
          <h2 class="DoCO:SectionTitle" id="46" page="5" column="1">3.2. NLP annotation</h2>
          <region class="DoCO:TextChunk" id="47" page="5" column="1">The next step of the indexing process is loading a given XML document into GATE 11 , a platform for natural language processing. GATE recognizes ele- ments from the ArXMLiv schema as GATE annotations, and executes in turn basic natural language processing tasks — tokenization, splitting sentences, and stemming. Thus, the output of the GATE processing resources per document is an in-memory Java object with mixed ArXMLiv and NLP annotations.</region>
        </section>
        <section class="DoCO:Section">
          <h2 class="DoCO:SectionTitle" id="48" page="5" column="1">3.3. Mining the document logical structure</h2>
          <region class="DoCO:TextChunk" id="49" page="5" column="1">The mining procedure heavily uses our own ontology for modeling the semantic of certain document parts — Mocassin Ontology.</region>
          <section class="DoCO:Section">
            <h3 class="DoCO:SectionTitle" id="50" page="5" column="1">3.3.1. Mocassin Ontology</h3>
            <region class="DoCO:TextChunk" id="58" page="5" column="1">The ontology 12 aims to capture the semantics of the typical structural ele- ments in mathematical scholarly papers. Each structural element represents the finest level of granularity and has its inherent features such as starting and ending positions, the text contents, and a functional role. In particular, it defines such ubiquitous document parts as theorems, lemmas, proofs , definitions, corollaries etc. Besides, the ontology asserts two types of object binary relations — navigational and restricted. The first relation type, which is represented by refersTo and dependsOn relations, tends to occur when the author points at significant parts of a publication in the form of referen- tial sentences. The part-whole property (hasPart) and followedBy property belong to the first type too. An example of a relation of the second type is proves relation, which occurs between a proof — the only valid element type here — and a statement the proof justifies. The ontology imports SALT Document Ontology 13 (SDO), an ontology of the rhetorical structure of scholarly publications. Specifically, it defines such classes as Section, Figure, and Table. In order to be able to make 10 <ext-link ext-link-type="uri" href="http://dlmf.nist.gov/LaTeXML/" id="51">http://dlmf.nist.gov/LaTeXML/</ext-link> 11 <ext-link ext-link-type="uri" href="http://gate.ac.uk/" id="52">http://gate.ac.uk/</ext-link> 12 The ontology’s URL is <ext-link ext-link-type="uri" href="http://cll.niimm.ksu.ru/ontologies/mocassin" id="53">http://cll.niimm.ksu.ru/ontologies/mocassin</ext-link> (login/password are demo/demokpfu) 13 <ext-link ext-link-type="uri" href="http://salt.semanticauthoring.org/ontologies/sdo" id="54">http://salt.semanticauthoring.org/ontologies/sdo</ext-link><marker type="page" number="6"/><marker type="block"/> Azat Khasanshin et al. Indexing Mathematical Scholarly Papers as Linked Open Data connections between structural elements and other objects contained by them and described elsewhere, e.g. mathematical named entities extracted from their text contents, we added a specific property — mentions — as follows: mentions(x,y)"(DocumentSegment(x)0Table(x)0Figure(x)0 Section(x))/Thing(y). Document Segment is the root of the Mocassin ontology hierarchy. The ontology also defines classes to represent several types of mathematical expressions — Mathematical Expression, Variable, and Formula. The datatype property hasLatexSource is defined for storing LaTeX representation of the expression as a string. In addition, the ontology contains a few cardinality axioms, e.g. one of them states that every proof must justify no more than one statements, and additional logical rules, e.g. dependsOn(x,y)/ hasPart(z,y)"dependsOn(x,z).</region>
            <outsider class="DoCO:TextBox" type="page_nr" id="56" page="5" column="1">28</outsider>
            <outsider class="DoCO:TextBox" type="footer" id="57" page="5" column="1">Young Scientists Conference in Information Retrieval</outsider>
          </section>
          <section class="DoCO:Section">
            <h3 class="DoCO:SectionTitle" id="59" page="6" column="1">3.3.2. Ontology Extraction</h3>
            <region class="DoCO:TextChunk" id="61" page="6" column="1">Receiving the output from the previous step, this indexing unit mines the document logical structure by the method proposed in [<xref ref-type="bibr" rid="R4" id="60" class="deo:Reference">4</xref>]. This procedure falls into two tasks: (i) recognizing the types of structural elements; (ii) rec- ognizing the semantic relations between them. As a result, the module out- puts a semantic graph that contains, on the one hand structural elements as nodes, each of which is assigned to a particular ontology class or marked ”unrecognized” otherwise, and, on the other hand, ontology relation in- stances as edges. Aside from the functional properties, each node has the annotations corresponding to relevant datatype properties, i.e. title, the text contents, page numbers in the compiled PDF document.</region>
          </section>
        </section>
        <section class="DoCO:Section">
          <h2 class="DoCO:SectionTitle" id="62" page="6" column="1">3.4. Metadata extraction</h2>
          <region class="DoCO:TextChunk" id="63" page="6" column="1">ArXiv.org 14 is an open access digital collection of more than 750,000 sci- entific articles in physics, mathematics, computer science, biology, and economics. Along with access to human-oriented user interface, ArXiv provides machine access to its data including article metadata and LaTeX sources, if available, through ArXiv API 15 . Our platform is integrated with these facilities and is capable to handle the Atom/XML formatted response from ArXiv API. We are going to install this functionality into the Nutch HTTP filters. At the moment, calling ArXiv API is executed as an independent task.</region>
          <region class="unknown" id="66" page="6" column="1">14 <ext-link ext-link-type="uri" href="http://arxiv.org" id="64">http://arxiv.org</ext-link> 15 <ext-link ext-link-type="uri" href="http://arxiv.org/help/api" id="65">http://arxiv.org/help/api</ext-link></region>
          <outsider class="DoCO:TextBox" type="footer" id="67" page="6" column="1">Young Scientists Conference in Information Retrieval</outsider>
          <outsider class="DoCO:TextBox" type="page_nr" id="68" page="6" column="1">29</outsider>
          <region class="DoCO:TextChunk" id="69" confidence="possible" page="7" column="1">Azat Khasanshin et al. Indexing Mathematical Scholarly Papers as Linked Open Data</region>
          <section class="DoCO:Section">
            <h3 class="DoCO:SectionTitle" id="70" page="7" column="1">3.4.2. Crawling Math-Net.Ru</h3>
            <region class="DoCO:TextChunk" id="72" page="7" column="1">Math-Net.Ru 16 is an online digital collection of more than 100,000 scientific journal articles in mathematics. Math-Net.Ru provides free open access to the full texts in the PDF format after the period fixed per journal. Alas, the web resource does not provide machine access to paper metadata via API. However, that can be crawled due to the decent site structure and plain web page layouts. Every paper metadata can be accessed through a standardized URL e.g. «<ext-link ext-link-type="uri" href="http://mathnet.ru/ivm18" id="71">http://mathnet.ru/ivm18</ext-link>». The most bibliographical references were thoroughly extracted by the Math-Net.Ru content managers, and each reference is supplied with a hyperlink to the web page of the cited paper, if it is available on Math-Net.Ru. We implemented a custom Math-Net.Ru crawler that is able to parse and collect available paper metadata in terms of the AKT Portal Ontology. Though, this is not integrated in the Nutch machinery yet. The reason is as follows. Math-Net.Ru does not provide access to LaTeX sources of the full texts, and we had to obtain them separately and use them locally, so it makes the indexing process non-smooth. We also discuss the copyright issues in Section 4.5.</region>
          </section>
        </section>
        <section class="DoCO:Section">
          <h2 class="DoCO:SectionTitle" id="73" page="7" column="1">3.5. RDF data generation</h2>
          <region class="DoCO:TextChunk" id="74" page="7" column="1">All the data from the previous steps flow together in this unit to be con- verted to RDF representation. For the purpose, we use the OpenRDF Sesame library written in Java, which prepares the RDF triple state- ments and saves them into the triple store — Virtuoso server instance. Virtuoso is a high-performance RDBMS server with extensive RDF/ SPARQL support.</region>
        </section>
        <section class="DoCO:Section">
          <h2 class="DoCO:SectionTitle" id="75" page="7" column="1">3.6. RDF data consumption: use cases</h2>
          <region class="DoCO:TextChunk" id="90" page="7" column="1">We have deployed our solution on the test bed and executed indexing available 1330 articles from the journal «Izvestiya Vuzov. Matematika». The indexing process took 5 hours on 8 core × 2.67GHz, 11GB RAM, SATA II Controller machine. The resulted RDF data can be accessed via SPARQL endpoint 17 in the form of the named RDF graph under the con- ditions provided in Section 4.5 of the paper. The data set contains over 290,000 RDF triples including the descriptions of over 2300 theorems, 1700 proofs, 1400 lemmas, 500 definitions and other mathematical enti- ties indexed. We demonstrate several use cases as SPARQL queries below to illustrate possible applications. 16 <ext-link ext-link-type="uri" href="http://mathnet.ru" id="76">http://mathnet.ru</ext-link> 17 SPARQL endpoint URL is <ext-link ext-link-type="uri" href="http://cll.niimm.ksu.ru:8890/sparql-auth" id="77">http://cll.niimm.ksu.ru:8890/sparql-auth</ext-link> (login/password are demo/demokpfu)<marker type="page" number="8"/><marker type="block"/> Azat Khasanshin et al. Indexing Mathematical Scholarly Papers as Linked Open Data Use case 1 (Search of theorems by keywords). PREFIX m: &lt;<ext-link ext-link-type="uri" href="http://cll.niimm.ksu.ru/ontologies/" id="81">http://cll.niimm.ksu.ru/ontologies/</ext-link> mocassin#&gt; SELECT ?theorem WHERE { ?theorem a m:Theorem; m:hasText ?text . ?text bif:contains ‘’finite AND group’’ } In the header, the query declares the Mocassin ontology prefix. It also uses a class Theorem and a datatype property hasText with rdfs:Literal value from the ontology along with Virtuoso’s specific property bif:contains for dealing with the triple store full-text index. As a result, the SPARQL processor will output the URIs of those theorems that contain a keyword «finite group» in their text bodies. One can get the related article URI through a part-whole like property hasSegment from the Mocassin ontology. Use case 2 (Search of related theorems). Let’s assume that two theorems from two different articles are semantically close or related, if either article cites the same third article. PREFIX m: &lt;<ext-link ext-link-type="uri" href="http://cll.niimm.ksu.ru/ontologies/" id="82">http://cll.niimm.ksu.ru/ontologies/</ext-link> mocassin#&gt; PREFIX akt: &lt;<ext-link ext-link-type="uri" href="http://www.aktors.org/ontology/portal" id="83">http://www.aktors.org/ontology/portal</ext-link>#&gt; SELECT ?theorem1 ?theorem2 WHERE { ?paper1 m:hasSegment ?theorem1; akt:cites-publication-reference ?paper3 . ?theorem1 a m:Theorem . ?paper2 m:hasSegment ?theorem2; akt:cites-publication-reference ?paper3 . ?theorem2 a m:Theorem . } The query adds the AKT Portal Ontology prefix to the header and exploits cites-publication-reference property from this ontology and elements occured in the first query. Use case 3 (Detection of the main results). Using the query below, one could receive information about the structural graph per particular document in order to determine one or several important structural elements (theorems, proofs, corollaries, equations etc.) that may be the central results in the paper. PREFIX m: &lt;<ext-link ext-link-type="uri" href="http://cll.niimm.ksu.ru/ontologies/" id="84">http://cll.niimm.ksu.ru/ontologies/</ext-link> mocassin#&gt; SELECT ?from ?relation ?to WHERE {<marker type="page" number="9"/><marker type="block"/> Azat Khasanshin et al. Indexing Mathematical Scholarly Papers as Linked Open Data &lt;<ext-link ext-link-type="uri" href="http://mathnet.ru/ivm18" id="88">http://mathnet.ru/ivm18</ext-link>&gt; m:hasSegment ?from . &lt;<ext-link ext-link-type="uri" href="http://mathnet.ru/ivm18" id="89">http://mathnet.ru/ivm18</ext-link>&gt; m:hasSegment ?to . ?from ?relation ?to . } Out of this data one could form a structural graph with structural elements as nodes and relations between them as edges and apply any well- known importance metrics, e.g. eigenvalue centrality or PageRank scores. For instance, in case of using hasPart, refersTo, dependsOn and followedBy relations from the Mocassin ontology and PageRank, we can interpret elements with highest scores as the most probable elements for a reader to stay on after long sequence of transitions between them while looking through a document.</region>
          <outsider class="DoCO:TextBox" type="page_nr" id="79" page="7" column="1">30</outsider>
          <outsider class="DoCO:TextBox" type="footer" id="80" page="7" column="1">Young Scientists Conference in Information Retrieval</outsider>
          <outsider class="DoCO:TextBox" type="footer" id="86" page="8" column="1">Young Scientists Conference in Information Retrieval</outsider>
          <outsider class="DoCO:TextBox" type="page_nr" id="87" page="8" column="1">31</outsider>
        </section>
      </section>
      <section class="deo:FutureWork">
        <h1 class="DoCO:SectionTitle" id="91" page="9" column="1">4. DISCUSSION, WORK IN PROGRESS AND FUTURE WORK</h1>
        <section class="DoCO:Section">
          <h2 class="DoCO:SectionTitle" id="92" page="9" column="1">4.1. Mining the logical structure</h2>
          <region class="DoCO:TextChunk" id="93" page="9" column="1">We are working on improvement of the techniques of mining the logi- cal structure. In particular, our current goal is to build a unified machine learning solution that incorporates ontology axioms, our knowledge about mathematicians’ conventions for authoring and statistical evidences. We choose Markov Logic Networks as a convenient theoretical framework to achieve this goal and are going to add this novel mining approach to the platform in future releases.</region>
        </section>
        <section class="DoCO:Section">
          <h2 class="DoCO:SectionTitle" id="94" page="9" column="1">4.2. Citation link analysis</h2>
          <region class="DoCO:TextChunk" id="95" page="9" column="1">Often citation contexts, i.e. anchors and anchor texts, in mathematical papers are of interest, because some of them may induce relations between structural elements from different publications. For example, there is a proof that con- tains a citation: «... we complete this proof by analogy to the proof of Theo- rem 1 from [Gabdulkhaev, 2004]». If these two documents were processed and are in our index, we could detect such new relations and add them to the index by analyzing occurrences of structural element names or abbreviations. Such a treatment of citations may be helpful in distinguishing «hard» links that matter during describing a proof and justifying some result from «soft» links that are used for referencing related works in the area.</region>
        </section>
        <section class="DoCO:Section">
          <h2 class="DoCO:SectionTitle" id="96" page="9" column="1">4.3. Understanding formula symbol meanings</h2>
          <region class="DoCO:TextChunk" id="100" page="9" column="1">Many theoretical results’ descriptions may contain no meaningful words at all and state some facts using only the elements of mathematical nota- tion. These symbols can be defined either in the article earlier or in classical <marker type="page" number="10"/><marker type="block"/> Azat Khasanshin et al. Indexing Mathematical Scholarly Papers as Linked Open Data textbooks in the field. Therefore, we consider a task of automatically under- standing mathematical symbol meaning is of high priority.</region>
          <outsider class="DoCO:TextBox" type="page_nr" id="98" page="9" column="1">32</outsider>
          <outsider class="DoCO:TextBox" type="footer" id="99" page="9" column="1">Young Scientists Conference in Information Retrieval</outsider>
        </section>
        <section class="DoCO:Section">
          <h2 class="DoCO:SectionTitle" id="101" page="10" column="1">4.4. Technical issues</h2>
          <region class="DoCO:TextChunk" id="102" page="10" column="1">Finally, we see some architectural discrepancies concerning two-way data processing for metadata and sources that need to be resolved. We also need optimizing our algorithms and data structures to speed-up the overall pro- cess. Yet, we have to test our solution in a multi-machine cluster and mea- sure impact of performance improvement.</region>
        </section>
        <section class="DoCO:Section">
          <h2 class="DoCO:SectionTitle" id="103" page="10" column="1">4.5. License issues and data ownership</h2>
          <region class="DoCO:TextChunk" id="104" page="10" column="1">As it has been mentioned previously by different authors in the field, publishing LOD inevitably faces the copyright issues, if the publishers and the data holders are not the same. To date, we have a written agreement with Kazan Federal Uni- versity, the copyright holder of the «Izvestiya Vuzov. Matematika» journal to use a collection of the papers along with their LaTeX sources published in 1997- 2009 for our research purposes. According to Math-Net.Ru’s Terms of Use, «all materials published on this website including full-text articles, abstracts and author indexes are fully copyrighted by Steklov Mathematical Institute, Russian Academy of Sciences, and/or by other copyright holder, publisher, founder, edi- torial board ...» and «reproduction or republication of the materials contained on Math-Net.Ru in any form requires written permission of the copyright hold- er». Relying on these principles, we consider eligible publishing the paper meta- data and the data generated from the given «Izvestiya Vuzov. Matematika» col- lection as a copyright of Kazan Federal University. Thus, the content, which is accessible via the given SPARQL endpoint URL, may be copied, modified and redistributed only after gaining permission of the copyright holder.</region>
        </section>
      </section>
      <section class="deo:Conclusion">
        <h1 class="DoCO:SectionTitle" id="105" page="10" column="1">5. CONCLUSION</h1>
        <region class="DoCO:TextChunk" id="106" page="10" column="1">We present a platform for mining structured standardized representation of scholarly papers in mathematics. It can be used for automatic publishing their contents as well as metadata in the format of LOD-compliant data. We apply the tool on a collection of over 1300 publications to demonstrate feasibility of the solution. We provide several use cases to illustrate utility of the published data.</region>
      </section>
      <section class="deo:Acknowledgements">
        <h1 class="DoCO:SectionTitle" id="107" page="10" column="1">6. ACKNOWLEDGMENTS</h1>
        <region class="DoCO:TextChunk" id="108" page="10" column="1">This work was supported by the Russian Foundation for Basic Research (grant 11-07-00507-а). The authors would like to thank the members of Computational Linguistics Laboratory at Kazan Federal University, espe- cially professor Valery Solovyev and Olga Nevzorova, for their support and fruitful discussions.</region>
        <outsider class="DoCO:TextBox" type="footer" id="109" page="10" column="1">Young Scientists Conference in Information Retrieval</outsider>
        <outsider class="DoCO:TextBox" type="page_nr" id="110" page="10" column="1">33</outsider>
        <region class="DoCO:TextChunk" id="111" confidence="possible" page="11" column="1">Azat Khasanshin et al. Indexing Mathematical Scholarly Papers as Linked Open Data</region>
      </section>
      <section class="DoCO:Bibliography">
        <h1 class="DoCO:SectionTitle" id="112" confidence="possible" page="11" column="1">REFERENCES</h1>
        <ref-list class="DoCO:BiblioGraphicReferenceList">
          <ref rid="R1" class="deo:BibliographicReference" id="113" page="11" column="1">1. Baker, C., Kanagasabai, R., Ang, W., Veeramani, A., Low, H., Wenk M. 2007. Towards Ontology-driven navigation of the lipid biblioshere. Proceedings of the 6th International Conference on Bioinformatics.</ref>
          <ref rid="R2" class="deo:BibliographicReference" id="115" page="11" column="1">2. Berners-Lee, T. Linked Data – Design Issues. – W3C. – 2006. - <ext-link ext-link-type="uri" href="http://www" id="114">http://www</ext-link>. w3.org/DesignIssues/LinkedData.html</ref>
          <ref rid="R3" class="deo:BibliographicReference" id="116" page="11" column="1">3. Liu, W., Jin, W., Zhang, X. Ontology-based User Modeling for E-commerce Sys- tem // Proceedings of the 3rd International Conference on Pervasive Computing and Applications (ICPCA). – 2008.</ref>
          <ref rid="R4" class="deo:BibliographicReference" id="117" page="11" column="1">4. Solovyev, V., Zhiltsov, N. Logical Structure Analysis of Scientific Publications in Mathematics // Proceedings of the International Conference on Web Intelli- gence, Mining and Semantics (WIMS’11).- ACM.- 2011.- P. 21:1-21:9.</ref>
          <ref rid="R5" class="deo:BibliographicReference" id="118" page="11" column="1">5. Stamerjohanns, H., Kohlhase, M., Ginev, D., David. C., and Miller, B. 2010. Transforming Large Collections of Scientific Publications to XML. Mathematics in Computer Science, 3(3), 299-307.</ref>
          <ref rid="R6" class="deo:BibliographicReference" id="119" page="11" column="1">6. Volker, J. Fernandez-Langa, S., Sure, Y. 2008. Supporting the Construction of Spanish Legal Ontologies with Text2onto // Computable Models of the Law. – Springer. – 2008.</ref>
          <ref rid="R7" class="deo:BibliographicReference" id="120" page="11" column="1">7. Volker, J., Haase, P., Hitzler, P. Learning Expressive Ontologies // Proceedings of the 2008 conference on Ontology Learning and Population: Bridging the Gap between Text and Knowledge. – IOS Press. – 2008. - P. 45-69.</ref>
          <ref rid="R8" class="deo:BibliographicReference" id="121" page="11" column="1">8. Web Data Commons. Bizer, C., Muhleisen, H., Harth, A., Stadtmuller, S. http:// webdatacommons.org/</ref>
        </ref-list>
        <section class="DoCO:Section">
          <h3 class="DoCO:SectionTitle" id="122" page="11" column="1">3.4.1. Calling ArXiv API</h3>
          <outsider class="DoCO:TextBox" type="page_nr" id="123" page="11" column="1">34</outsider>
          <outsider class="DoCO:TextBox" type="footer" id="124" page="11" column="1">Young Scientists Conference in Information Retrieval</outsider>
        </section>
      </section>
    </body>
  </article>
</pdfx>
