<?xml version='1.0' encoding='UTF-8'?>
<pdfx xmlns:xsi="http://www.w3.org/2001/XMLSchema-instance" xsi:noNamespaceSchemaLocation="http://pdfx.cs.man.ac.uk/static/article-schema.xsd">
  <meta>
    <job>786989eafda3fc6883a930e4e986b952afdda606dd378a012d81ab7c5db46aec</job>
    <base_name>f4</base_name>
    <doi>10.1186/1749-8546-5-27</doi>
    <warning>Name identification was not possible. </warning>
  </meta>
  <article>
    <front class="DoCO:FrontMatter">
      <outsider class="DoCO:TextBox" type="header" id="2">Zhao Chinese Medicine 2010, 5:27 <ext-link ext-link-type="uri" href="http://www.cmjournal.org/content/5/1/27" id="1">http://www.cmjournal.org/content/5/1/27</ext-link></outsider>
      <region class="unknown" id="3">RESEARCH</region>
      <title-group>
        <article-title class="DoCO:Title" id="4">Publishing Chinese medicine knowledge as Linked Data on the Web</article-title>
      </title-group>
      <region class="unknown" id="5">Jun Zhao</region>
      <abstract class="DoCO:Abstract" id="7">Background: Chinese medicine (CM) draws growing attention from Western healthcare practitioners and patients. However, the integration of CM knowledge and Western medicine (WM) has been hindered by a barrier of languages and cultures as well as a lack of scientific evidence for CM’s efficacy and safety. In addition, most of CM knowledge published with relational database technology makes the integration of databases even more challenging. Methods: Linked Data approach was used in publishing CM knowledge. This approach was applied to publishing a CM linked dataset, namely RDF-TCM <ext-link ext-link-type="uri" href="http://www.open-biomed.org.uk/rdf-tcm/" id="6">http://www.open-biomed.org.uk/rdf-tcm/</ext-link> based on TCMGeneDIT, which provided association information about CM in English. Results: The Linked Data approach made CM knowledge accessible through standards-compliant interfaces to facilitate the bridging of CM and WM. The open and programmatically-accessible RDF-TCM facilitated the creation of new data mash-up and novel federated query applications. Conclusion: Publishing CM knowledge in Linked Data provides a point of departure for integration of CM databases.</abstract>
    </front>
    <body class="DoCO:BodyMatter">
      <section class="deo:Background">
        <h1 class="DoCO:SectionTitle" id="8" page="1" column="1">Background</h1>
      </section>
      <region class="DoCO:TextChunk" id="43" page="1" column="1">Chinese medicine (CM) is yet to become an integral part of the standard healthcare system in Western coun- tries due to a lack of scientific evidence for its efficacy and safety as well as a language and cultural barrier. This article presents a Linked Data approach to publishing CM knowledge in hope of bridging the gap between CM and Western medicine (WM). The World Wide Web is a scalable platform for disse- minating information through documents, having transformed how knowledge is learned and shared. Similarly, the Web may also be used as the platform for dissemi- nating data. Linked Data [ <xref ref-type="bibr" rid="R1" id="9" class="deo:Reference">1</xref>] uses the Web as the information space to publish structured data rather than documents on the Web. In Linked Data, Uniform Resource Identifiers (URIs) are used to identify resources [<xref ref-type="bibr" rid="R2" id="10" class="deo:Reference">2</xref>] and Resource Description Framework (RDF) is used to describe resources [<xref ref-type="bibr" rid="R3" id="11" class="deo:Reference">3</xref>]. URIs are to data as what Uniform Resource Locators (URLs) are to web pages, providing identifications to resources; and RDF is<marker type="column" number="2"/><marker type="block"/> to data as what HTML is to documents, providing descriptions about a resource in a machine-processable representation format. Linked Data promises a new and more efficient para- digm for sharing and connecting distributed data, per- mitting decentralization and interoperability. Since Linked Data is built upon the Web Architecture [<xref ref-type="bibr" rid="R4" id="18" class="deo:Reference">4</xref>], it inherits its decentralization and connectivity. The Web enforces no central control points and those distributed resources on the Web are intrinsically connected to each other by two fundamental elements, namely the Hyper-Text Transfer Protocol (HTTP) [<xref ref-type="bibr" rid="R5" id="19" class="deo:Reference">5</xref>] which permits the transportation of information resources on the Web and the URIs which provide a globally-scoped system for identifying web resources (documents or data). Furthermore, linked datasets are meant to be interoper- able based upon the Semantic Web standards established by the World Wide Web Consortium (W3C). These standards comprise RDF for publishing data in a structured format with explicit semantics and the SPARQL query language and protocol [<xref ref-type="bibr" rid="R6" id="20" class="deo:Reference">6</xref>, <xref ref-type="bibr" rid="R7" id="21" class="deo:Reference">7</xref>] for querying and accessing RDF data through an open and HTTP- based protocol.<marker type="page" number="2"/><marker type="column" number="1"/><marker type="block"/> A growing number of linked datasets as well as supporting tools and technologies are rapidly emerging, providing a unique opportunity for Linked Data to be applied in biomedical research and healthcare. The Linking Open Data (LOD) project [<xref ref-type="bibr" rid="R8" id="26" class="deo:Reference">8</xref>] was founded in January 2007 and within one year the RDF published by the LOD community grew to over two billion [<xref ref-type="bibr" rid="R9" id="27" class="deo:Reference">9</xref>]. The fast growth of Linked Data cloud cannot be achieved without the variety of open-source tools for publishing, searching, indexing and browsing linked datasets. Nota- bly, tools such as D2R Server [<xref ref-type="bibr" rid="R10" id="28" class="deo:Reference">10</xref>] and Triplify [<xref ref-type="bibr" rid="R11" id="29" class="deo:Reference">11</xref>] are making relational databases accessible as RDF without transforming the source databases. Linked datasets become consumable for both humans and computers with the emergence of various Linked Data browsers such as Tabulator [<xref ref-type="bibr" rid="R12" id="30" class="deo:Reference">12</xref>], Sig.ma [<xref ref-type="bibr" rid="R13" id="31" class="deo:Reference">13</xref>], Linked Data query engines (e.g. SQUIN [<xref ref-type="bibr" rid="R14" id="32" class="deo:Reference">14</xref>]) and Google-like Linked Data search engines (e.g. Sindice [<xref ref-type="bibr" rid="R15" id="33" class="deo:Reference">15</xref>] and SWoogle [<xref ref-type="bibr" rid="R16" id="34" class="deo:Reference">16</xref>]). One of the earliest adopters of Linked Data for life sciences is the Bio2RDF project [<xref ref-type="bibr" rid="R17" id="35" class="deo:Reference">17</xref>], in which various biological and bioinformatics knowledge bases have been published in the form of linked datasets using Semantic Web technologies. The knowledge bases published by Bio2RDF continue to grow, ranging from human genomics databases such as NCBI’s Entrez Gene, proteiomics databases such as the Kyoto Encyclopedia of Genes and Genomes (KEGG) [<xref ref-type="bibr" rid="R18" id="36" class="deo:Reference">18</xref>] and Protein Data Bank (PDB) [<xref ref-type="bibr" rid="R19" id="37" class="deo:Reference">19</xref>] to pharmacogenomics databases such as PharmGKB [<xref ref-type="bibr" rid="R20" id="38" class="deo:Reference">20</xref>], and cheminformatics databases such as PubChem [<xref ref-type="bibr" rid="R21" id="39" class="deo:Reference">21</xref>]. Another active effort, similar to Bio2RDF, is the Linking Open Drug Data (LODD) project [<xref ref-type="bibr" rid="R22" id="40" class="deo:Reference">22</xref>], founded under the umbrella of W3C Health Care and Life Science Interest Group. The goal of the LODD project is to gather requirements from the life science research community and to publish required databases in the Linked Data format. LODD has suc- cessfully published a selection of databases as Linked Data and generated their links with other Linked Data cloud [<xref ref-type="bibr" rid="R23" id="41" class="deo:Reference">23</xref>], including the Bio2RDF datasets and the nucleus of Linked Data Cloud, namely DBpedia [<xref ref-type="bibr" rid="R24" id="42" class="deo:Reference">24</xref>]. A missing link in the life science-oriented Linked Data cloud is a dataset about alternative medicines. Our RDF-TCM linked dataset plays a key role in connecting medical knowledge originating from different cultures and scientific disciplines. The aims of the presented article are as follows:</region>
      <region class="unknown" id="14" page="1" column="1">Correspondence: <email id="13">jun.zhao@zoo.ox.ac.uk</email> Image Bioinformatics Research Group, Department of Zoology, Oxford University, South Parks Road, Oxford, OX1 3PS, UK</region>
      <region class="unknown" id="16" page="1" column="1">© 2010 Zhao; licensee BioMed Central Ltd. This is an Open Access article distributed under the terms of the Creative Commons Attribution License (<ext-link ext-link-type="uri" href="http://creativecommons.org/licenses/by/2.0)," id="15">http://creativecommons.org/licenses/by/2.0),</ext-link> which permits unrestricted use, distribution, and reproduction in any medium, provided the original work is properly cited.</region>
      <region class="unknown" id="17" page="1" column="2">Open Access</region>
      <outsider class="DoCO:TextBox" type="header" id="23" page="2" column="1">Page 2 of 12</outsider>
      <outsider class="DoCO:TextBox" type="header" id="25" page="2" column="1">Zhao Chinese Medicine 2010, 5:27 <ext-link ext-link-type="uri" href="http://www.cmjournal.org/content/5/1/27" id="24">http://www.cmjournal.org/content/5/1/27</ext-link></outsider>
      <region class="DoCO:TextChunk" id="44" confidence="possible" page="2" column="1">• Describing a CM linked dataset RDF-TCM, which is the first effort in publishing CM knowledge in a more accessible Linked Data format and is created according to our Linked Data Publication Methodology; • Demonstrating that publishing linked CM data provides a point of departure for data integration</region>
      <region class="DoCO:TextChunk" id="45" confidence="possible" page="2" column="2">through two efficient ways of consuming linked datasets.</region>
      <section class="deo:Methods">
        <h1 class="DoCO:SectionTitle" id="46" page="2" column="2">Methods</h1>
        <region class="DoCO:TextChunk" id="48" page="2" column="2">TCMGeneDIT database The RDF-TCM dataset transformed the relational TCMGeneDIT [<xref ref-type="bibr" rid="R25" id="47" class="deo:Reference">25</xref>] as RDF. TCMGeneDIT not only provides information in English but also collects the associations among herbs, genes, diseases, CM effects and CM ingredients from public databases and litera- ture. Existing knowledge is reused and some association information is collected through text mining techniques, such as:</region>
        <region class="DoCO:TextChunk" id="55" confidence="possible" page="2" column="2">• Herb names, such as Ginkgo biloba, were collected from the HULU TCM professional web site [<xref ref-type="bibr" rid="R26" id="49" class="deo:Reference">26</xref>] and TCM-ID [<xref ref-type="bibr" rid="R27" id="50" class="deo:Reference">27</xref>], a database on CM herbs and herbal ingredients; • Ingredient data were collected from the above two resources as well as the Chinese medicine resource web [<xref ref-type="bibr" rid="R28" id="51" class="deo:Reference">28</xref>]; • Human genes and their information were retrieved from NCBI Entrez [<xref ref-type="bibr" rid="R29" id="52" class="deo:Reference">29</xref>]; • Disease names were extracted from the heading and entry term fields in the disease (C) section of the medical subject headings vocabulary (MeSH) [<xref ref-type="bibr" rid="R30" id="53" class="deo:Reference">30</xref>]; • The relationship between genes and diseases were collected from PharmGKB [<xref ref-type="bibr" rid="R20" id="54" class="deo:Reference">20</xref>]; • Many other association information between herbs and genes, diseases and effects were mined and extracted from a corpus of MEDLINE abstracts collected through PubMed.</region>
        <region class="DoCO:TextChunk" id="58" page="2" column="2">Create RDF-TCM The TCMGeneDIT database is available as a database dump under the Creative Commons Attribution License [<xref ref-type="bibr" rid="R31" id="56" class="deo:Reference">31</xref>]. To publish TCMGeneDIT as Linked Data, we followed our Linked Data Publication Methodology proposed previously [<xref ref-type="bibr" rid="R32" id="57" class="deo:Reference">32</xref>], including the following steps:</region>
        <region class="DoCO:TextChunk" id="60" confidence="possible" page="2" column="2">1. Choose a transformation strategy, either through RDF caching or virtualization; 2. Design an URI scheme according to the Linked Data principles and the Cool URIs style [<xref ref-type="bibr" rid="R33" id="59" class="deo:Reference">33</xref>], providing simple and stable URIs; 3. Construct schemas or ontologies based on the source data schemas, imposing as little interpretations as possible and reusing existing ontologies where possible; 4. Construct transformation scripts and mapping files, starting with transforming a small portion of the records and a test framework, which is not only</region>
        <outsider class="DoCO:TextBox" type="header" id="61" page="3" column="1">Page 3 of 12</outsider>
        <outsider class="DoCO:TextBox" type="header" id="63" page="3" column="1">Zhao Chinese Medicine 2010, 5:27 <ext-link ext-link-type="uri" href="http://www.cmjournal.org/content/5/1/27" id="62">http://www.cmjournal.org/content/5/1/27</ext-link></outsider>
        <region class="DoCO:TextChunk" id="65" confidence="possible" page="3" column="1">useful for validating the sanity of the RDF dataset but also for revalidation when the transformation process is repeated; 5. Create mappings to other data sources where immediate values are foreseen, either using customized scripts or existing software tools such as Silk [<xref ref-type="bibr" rid="R34" id="64" class="deo:Reference">34</xref>]; 6. Finally, and preferably, provide metadata descriptions about the dataset, including its provenance information, and make all the scripts, configuration files, and ontologies accessible.</region>
        <region class="DoCO:TextChunk" id="74" page="3" column="1">A skeleton of the methodology was proposed [ <xref ref-type="bibr" rid="R32" id="66" class="deo:Reference">32</xref>] and the following sections will provide details. Steps 2-5 should be applied iteratively and some design decisions must be made in accordance with fundamental principles. Choose a transformation strategy Linked datasets can be published either by creating RDF caching or through a virtualized access to the source data. RDF caching means that developers convert a snap- shot of the source database into RDF and then load these cached data into an RDF store and publish it as Linked Data. The virtualization approach rewrites an HTTP- dereference request to a data URI into a query expressed in a language native to the source database (e.g. SQL) for evaluation against the data in their native form without transformation into RDF. The virtualization approach is more desirable if the source data have a high churn rate, but the performance of the current tools supporting this virtualization (such as Triplify [<xref ref-type="bibr" rid="R11" id="67" class="deo:Reference">11</xref>]) is difficult to cope with large relational databases and complex rewriting rules. If the update rate of the source data is sufficiently low, the caching approach is more feasible. Because TCMGeneDIT is no longer updated, we chose the RDF caching approach to build RDF-TCM. Design the URIs URIs are required in Linked Data in order to identify entities (instances), types of entities (classes) and types of their relationships (properties). The ‘Linked Data Principles’ outlined by Berners-Lee [<xref ref-type="bibr" rid="R35" id="68" class="deo:Reference">35</xref>] clarify the role of URIs in Linked Data and the set of best practices for publishing them:<marker type="block"/> In addition we recommend that new URIs should only be coined if no existing URIs can be found and that they should be persistent. Reusing existing URIs<marker type="column" number="2"/><marker type="block"/> improves the connectivity of a dataset with others and help establish shared names within the community. Consortia such as SharedNames [<xref ref-type="bibr" rid="R36" id="72" class="deo:Reference">36</xref>] and Concept Web Alliance [<xref ref-type="bibr" rid="R37" id="73" class="deo:Reference">37</xref>] are the active ongoing efforts in creating unique, shared names for biological entities. A data pub- lisher should have control over the namespace under which new URIs are created, not only allowing useful information about these resources to be provided but also improving the stability of these URIs. Creating links to URIs published by others is highly recommended for bridging the gap between a local namespace and the Linked Data cloud. The URIs used for RDF-TCM followed the pattern of:</region>
        <region class="unknown" id="70" page="3" column="1">“1. Use URIs as names for things; 2. Use HTTP URIs so that people can look up these names; 3. When someone looks up a URI, provide useful information using the standards (e.g. RDF, SPARQL); 4. Include links to other URIs, so that they can discover more things.”</region>
        <region class="DoCO:TextChunk" id="76" confidence="possible" page="3" column="2"> <ext-link ext-link-type="uri" href="http://purl.org/net/tcm/tcm.lifescience.ntu.edu.tw/id/" id="75">http://purl.org/net/tcm/tcm.lifescience.ntu.edu.tw/id/</ext-link> {type}/{id}</region>
        <region class="DoCO:TextChunk" id="78" page="3" column="2">where {type} corresponds to the type of an entity (such as Gene) and {id} is an identifier derived from the source data, e.g. the gene name or the herb name, or from a sequential number assigned by the transformation program. We used PURL [<xref ref-type="bibr" rid="R38" id="77" class="deo:Reference">38</xref>] URIs to control the persistency of these URIs and we used the namespace of the TCMGeneDIT website as part of the URI to pre- serve some information about the owner and origin of the dataset. For example, the URI</region>
        <region class="DoCO:TextChunk" id="81" confidence="possible" page="3" column="2"> <ext-link ext-link-type="uri" href="http://purl.org/net/tcm/tcm.lifescience.ntu.edu.tw/id/" id="79">http://purl.org/net/tcm/tcm.lifescience.ntu.edu.tw/id/</ext-link> medicine/Ginkgo_biloba identifies the herb Ginkgo biloba. And the URI <ext-link ext-link-type="uri" href="http://purl.org/net/tcm/tcm.lifescience.ntu.edu.tw/id/" id="80">http://purl.org/net/tcm/tcm.lifescience.ntu.edu.tw/id/</ext-link> statistics/9199</region>
        <region class="DoCO:TextChunk" id="114" page="3" column="2">denotes a statistics entity that describes confidence in the association relationship between some entities. Design ontologies Ontologies can be used as a controlled vocabulary to define the type of entities in a dataset and the type of relationships between them and to achieve a consistent interpretation about different datasets. A rich body of biological ontologies has been created and accumulated over the years [ <xref ref-type="bibr" rid="R39" id="82" class="deo:Reference">39</xref>]. When designing ontologies for describing linked datasets, we should reuse existing ontologies as much as possible. When a new ontology must be created, a conservative and incremental approach is recommended. Many of the linked datasets are published by a third party, rather than by the data provider. Documentation about these datasets is not always available. Imposing personal interpretations about the semantics of the data and its schema could introduce errors and should be avoided.<marker type="page" number="4"/><marker type="column" number="1"/><marker type="block"/> As the data structure of TCMGeneDIT is very simple and there was no known TCM ontology by the time of creating the dataset, we created a simple CM ontology using OWL <ext-link ext-link-type="uri" href="http://purl.org/net/tcm-onto/." id="87">http://purl.org/net/tcm-onto/.</ext-link> The ontology contains seven classes, namely Gene, Medicine, Disease, Ingredient, Effect, Association and Statistics. Each entity of type Statistics describes statistics confidence in the associations between entities. Each entity of type Association represents an association between a Medicine, a Gene and a Disease. There are six object properties in total: five of them for relating a Medicine to a Gene, a Disease, its Ingredient, or its Effect and the last one, tcm:source, for pointing to the entities whose association relationship is described by a Statistics entity. There are five data properties whose domain is Statistics and whose value represents the statistics confidence in the association. For example, the value of tcm:medicine_effect_association_tvalue represents our confidence in the association between a Medicine and its Effect. A diagram capturing the structure of the ontology is shown in <xref ref-type="fig" rid="F1" id="88" class="deo:Reference">Figure 1</xref>. Note that the data properties associated with the Statistics class are not shown in the figure. A Statistics entity was used to describe the statistical value of an association. Some associations relating to more than two entities such as the association relationship of medicine-gene-diseases cannot be expressed as RDF triples. To capture this n-ary relationship, we created Statistics entities to link together every entity involved in an association (see the example below) and to express the statistical value of the association using the data properties, e.g., tcm:medicine_effect_association_tvalue. The different types of data properties were created for different types of associations.<marker type="column" number="2"/><marker type="block"/>  <ext-link ext-link-type="uri" href="http://purl.org/net/tcm/tcm.life-" id="93">http://purl.org/net/tcm/tcm.life-</ext-link> science.ntu.edu.tw/id/statistics/19087 a tcm:Statistics;<marker type="block"/> tcm:source <ext-link ext-link-type="uri" href="http://purl.org/net/tcm/tcm.life-" id="95">http://purl.org/net/tcm/tcm.life-</ext-link> science.ntu.edu.tw/id/medicine/ Acanthopanax_gracilistylus; tcm:source <ext-link ext-link-type="uri" href="http://purl.org/net/tcm/" id="96">http://purl.org/net/tcm/</ext-link> tcm.lifescience.ntu.edu.tw/id/dis- ease/Retinoblastoma; tcm:source <ext-link ext-link-type="uri" href="http://purl.org/net/tcm/" id="97">http://purl.org/net/tcm/</ext-link> tcm.lifescience.ntu.edu.tw/id/gene/ CDK2; tcm:medicine_gene_disease_associa- tion_tvalue “1.414"^^xsd:float. Data transformation Data transformation should be incremental and test-dri- ven. When transforming a new dataset into RDF or writing the configuration files for virtualization, developers should start with a small subset and avoid transforming the complete dataset. Loading a large number of RDF triples into an RDF store or retrieving very complex RDF descriptions for data entities by query rewriting can be a very time-consuming task and block the execution of following-on tests. A test framework should be designed forefront to spot any problems with the testing data and to ensure the sanity of the datasets, such as no blank nodes, no URIs containing invalid characters (e.g. space), no wrong property cardinalities, or no missing property values. These principles were applied when the relational TCMGeneDIT database was transformed into RDF. Data linking Links between datasets can be expressed with RDF. These links either reflect a type of relationship<marker type="page" number="5"/><marker type="column" number="1"/><marker type="block"/> between entities or state a reconciliation between URIs published by various authorities. An example of the relationship type of links is to associate drugs from dataset D1 with genes from dataset D2 through a property such as ex:targets. Properties such as owl: sameAs or rdfs:seeAlso can be used for stating identity reconciliation. These RDF links allow users and Linked Data applications to start from one dataset and then follow on these RDF data links to move through a potentially endless web of data. These data links can be created either during or after the creation of a linked dataset. Commonly, relating to another dataset (e.g., ex:targets) may be achieved as part of the transformation script, while mapping two URIs from different datasets may take place after a dataset is published and be executed either by their publishers or third parties. The links may be created manually or automatically with open-source tools such as Silk [<xref ref-type="bibr" rid="R34" id="102" class="deo:Reference">34</xref>]. However, identity reconciliation between biological entities is known to be difficult; string mapping is not always sufficient or reliable [<xref ref-type="bibr" rid="R40" id="103" class="deo:Reference">40</xref>]. Developers should look for existing author- itative name mappings curated by data providers. Identi- fying the reference databases used by the source databases could help improve the precision of the mapping. For example, by understanding that the gene names used by TCMGeneDIT are from NCBI Entrez Gene for human, we can reduce the ambiguity of the mapping to the Entrez Gene dataset previously published by Neurocommons or Bio2RDF. Extra attention should be given to any many-to-many mappings between URIs in the results. A manual clean- ing of these mappings is highly recommended, requiring either the participation of domain experts or some con- textual knowledge that are difficult to be expressed in computer programs. The gene entities in the RDF-TCM dataset were linked with those from the NCBI Entrez Gene linked dataset [<xref ref-type="bibr" rid="R41" id="104" class="deo:Reference">41</xref>] published by Neurocommons and those from the STITCH linked dataset [<xref ref-type="bibr" rid="R42" id="105" class="deo:Reference">42</xref>] published by the Freie Universität Berlin. Gene mapping was con- structed with customized Python scripts based on the label of the genes. The mapping to Entrez Gene showed that 849 out of the total 945 RDF-TCM genes had a one-to-one mapping to an Entrez gene and that 95 of them had a many-to-many mapping to an Entrez gene and one of them was not mapped. The mapping to STITCH genes showed that 539 out of 943 mapped genes had a one-to-one mapping to a STITCH gene; and that 404 of them had a many-to-many mapping and two of them were not mapped. These many-to- many mappings were manually corrected so that only one-to-one mappings were in the results. We selected some sample data to manually confirm the correctness<marker type="column" number="2"/><marker type="block"/> of the automatically generated one-to-one mappings. However, these automatic gene mappings were not thoroughly evaluated and this is an limitation of the work. To link RDF-TCM with various other linked dataset from LODD, we used Silk, as part of the LODD project [<xref ref-type="bibr" rid="R23" id="107" class="deo:Reference">23</xref>]. The mapping results by Silk have not been for- mally evaluated, but the correctness and completeness of Silk’s approach were evaluated with other test datasets [<xref ref-type="bibr" rid="R34" id="108" class="deo:Reference">34</xref>]. Data documentation To improve the visibility of a dataset to Linked Data search engines such as Sindice, we recommend data publishers to describe their datasets using vocabularies such as the Vocabulary of Interlinked Datasets (voiD) [<xref ref-type="bibr" rid="R43" id="109" class="deo:Reference">43</xref>] or the Provenance Vocabulary [<xref ref-type="bibr" rid="R44" id="110" class="deo:Reference">44</xref>]. voiD is an RDF vocabulary for describing linked datasets on the Web in order to facilitate the discovery of these datasets and query federation applications. The Provenance Vocabulary is the first vocabulary to describe both the data creation and data access process related to a dataset on the Web. A voiD file was published for RDF-TCM <ext-link ext-link-type="uri" href="http://www" id="111">http://www</ext-link>. open-biomed.org.uk/void/rdf-tcm.ttl and the provenance of each RDF-TCM entity was described with the Provenance Vocabulary, published with Pubby [<xref ref-type="bibr" rid="R45" id="112" class="deo:Reference">45</xref>], a Linked Data publication tool extended with a provenance com- ponent. We published all our Python scripts for transforming the database dump into RDF and for linking RDF-TCM to other datasets. All the scripts can be found at <ext-link ext-link-type="uri" href="http://code.google.com/p/junsbriefcase/source/" id="113">http://code.google.com/p/junsbriefcase/source/</ext-link> browse/#svn/trunk/biordf2009_query_federation_case/ tcm-data.</region>
        <outsider class="DoCO:TextBox" type="header" id="84" page="4" column="1">Page 4 of 12</outsider>
        <outsider class="DoCO:TextBox" type="header" id="86" page="4" column="1">Zhao Chinese Medicine 2010, 5:27 <ext-link ext-link-type="uri" href="http://www.cmjournal.org/content/5/1/27" id="85">http://www.cmjournal.org/content/5/1/27</ext-link></outsider>
        <region class="DoCO:FigureBox" id="F1">
          <image class="DoCO:Figure" src="f4.page_004.image_01.png" thmb="f4.page_004.image_01-thumb.png"/>
          <caption class="deo:Caption" id="92" page="4" column="1">Figure 1 The diagram of the RDF-TCM ontology. The diagram illustrates the main classes (the boxes) and object properties (the directed arrows) in the RDF-TCM ontology <ext-link ext-link-type="uri" href="http://purl.org/net/tcm-onto/." id="91">http://purl.org/net/tcm-onto/.</ext-link> The data properties of the ontology are not shown.</caption>
        </region>
        <outsider class="DoCO:TextBox" type="header" id="99" page="5" column="1">Page 5 of 12</outsider>
        <outsider class="DoCO:TextBox" type="header" id="101" page="5" column="1">Zhao Chinese Medicine 2010, 5:27 <ext-link ext-link-type="uri" href="http://www.cmjournal.org/content/5/1/27" id="100">http://www.cmjournal.org/content/5/1/27</ext-link></outsider>
      </section>
      <section class="deo:Results">
        <h1 class="DoCO:SectionTitle" id="115" page="5" column="2">Results</h1>
        <region class="DoCO:TextChunk" id="116" page="5" column="2">RDF-TCM dataset The RDF-TCM dataset contained 111,021 RDF triples, providing association information for 848 herbs, 1064 ingredients, 241 putative effects, 553 diseases and 945 genes. This dataset was linked with a variety of life science linked dataset including:</region>
        <region class="DoCO:TextChunk" id="121" confidence="possible" page="5" column="2">• Entrez Gene dataset, part of the HCLS knowledge base, derived from the NCBI Entrez Gene database • DrugBank <ext-link ext-link-type="uri" href="http://www4.wiwiss.fu-berlin.de/drug-" id="117">http://www4.wiwiss.fu-berlin.de/drug-</ext-link> bank/: derived from DrugBank [<xref ref-type="bibr" rid="R46" id="118" class="deo:Reference">46</xref>] published by the University of Alberta, containing detailed information about almost 5,000 FDA-approved small molecule and biotech drugs • DailyMed <ext-link ext-link-type="uri" href="http://www4.wiwiss.fu-berlin.de/dai-" id="119">http://www4.wiwiss.fu-berlin.de/dai-</ext-link> lymed/: derived from Dailymed [<xref ref-type="bibr" rid="R47" id="120" class="deo:Reference">47</xref>] published by National Library of Medicine (NLM), containing high quality packaging information on 4,300 marketed drugs</region>
        <outsider class="DoCO:TextBox" type="header" id="122" page="6" column="1">Page 6 of 12</outsider>
        <outsider class="DoCO:TextBox" type="header" id="124" page="6" column="1">Zhao Chinese Medicine 2010, 5:27 <ext-link ext-link-type="uri" href="http://www.cmjournal.org/content/5/1/27" id="123">http://www.cmjournal.org/content/5/1/27</ext-link></outsider>
        <region class="DoCO:TextChunk" id="130" confidence="possible" page="6" column="1"> <xref ref-type="table" rid="T1" id="125" class="deo:Reference">Table 1</xref> A summary of different types of links between RDF-TCM and other datasets Dataset Type of linked entities Properties used for interlinking Entrez gene Genes Symbols of the genes Diseasesome Diseases Labels of the disease names Genes Symbols of the genes SIDER Diseases Labels of the disease names Drugbank Genes Symbols of the genes Dailymed Ingredients Labels of the ingredient names Genes Symbols of the genes DBpedia Diseases Labels of the disease names Herbs Labels of the herb names STITCH Genes (encoding proteins) Names of the genes PharmGKB Genes Names of the genes • SIDER <ext-link ext-link-type="uri" href="http://www4.wiwiss.fu-berlin.de/sider/:" id="126">http://www4.wiwiss.fu-berlin.de/sider/:</ext-link> derived from SIDER database [<xref ref-type="bibr" rid="R48" id="127" class="deo:Reference">48</xref>] published by EMBL Germany, containing side effect information on 930 marketed drugs • Diseasome <ext-link ext-link-type="uri" href="http://www4.wiwiss.fu-berlin.de/disea-" id="128">http://www4.wiwiss.fu-berlin.de/disea-</ext-link> some/: derived from the Diseasome dataset [<xref ref-type="bibr" rid="R49" id="129" class="deo:Reference">49</xref>] which publishes a network of disorders and disorder genes, obtained from Online Mendelian Inheritance in Man (OMIM)</region>
        <region class="DoCO:FigureBox" id="F2">
          <image class="DoCO:Figure" src="f4.page_006.image_02.png" thmb="f4.page_006.image_02-thumb.png"/>
          <caption class="deo:Caption" id="132" page="6" column="1">Figure 2 The data mash-up application for alternative medicines. A search for alternative medicines for the Alzheimer’s disease takes a disease name as the input and search in the RDF-TCM dataset for a list of possible alternative medicine associated with the disease.</caption>
        </region>
        <region class="DoCO:TextChunk" id="137" confidence="possible" page="6" column="2">Number of links 944 63 312 171 384 21 649 255 438 937 202 • STITCH <ext-link ext-link-type="uri" href="http://www4.wiwiss.fu-berlin.de/stitch/:" id="133">http://www4.wiwiss.fu-berlin.de/stitch/:</ext-link> derived from STITCH [<xref ref-type="bibr" rid="R50" id="134" class="deo:Reference">50</xref>] published by EMBL Germany, containing information about known or predicted interactions between proteins and chemicals • PharmGKB <ext-link ext-link-type="uri" href="http://bio2rdf.org/" id="135">http://bio2rdf.org/</ext-link> published by Bio2RDF: derived from PharmGKB [<xref ref-type="bibr" rid="R51" id="136" class="deo:Reference">51</xref>] published by Stanford University, sharing knowledge about the impact of human genetic variations on drug response and publishing data, among many others,</region>
        <outsider class="DoCO:TextBox" type="header" id="138" page="7" column="1">Page 7 of 12</outsider>
        <outsider class="DoCO:TextBox" type="header" id="140" page="7" column="1">Zhao Chinese Medicine 2010, 5:27 <ext-link ext-link-type="uri" href="http://www.cmjournal.org/content/5/1/27" id="139">http://www.cmjournal.org/content/5/1/27</ext-link></outsider>
        <region class="DoCO:FigureBox" id="F3">
          <image class="DoCO:Figure" src="f4.page_007.image_03.png" thmb="f4.page_007.image_03-thumb.png"/>
          <caption class="deo:Caption" id="142" page="7" column="1">Figure 3 Detailed information about each alternative medicine. More information about Ginkgo biloba is returned, including its general information retrieved from DBpedia (left-side pane) and its putative effects information retrieved from RDF-TCM (right-side pane). This query demonstrates how we can create a more complete picture of knowledge about Ginkgo biloba by querying distributed linked datasets.</caption>
        </region>
        <region class="DoCO:TextChunk" id="143" confidence="possible" page="7" column="1">about the associations between drugs, genes and diseases curated by domain experts</region>
        <region class="DoCO:TextChunk" id="164" page="7" column="1"> <xref ref-type="table" rid="T1" id="144" class="deo:Reference">Table 1</xref> summarizes the type of entities that link RDF- TCM with each of the above dataset and the number of each type of links. All these link datasets can be down- loaded as RDF dumps <ext-link ext-link-type="uri" href="http://purl.org/net/tcmdata/" id="145">http://purl.org/net/tcmdata/</ext-link> or accessed through the public SPARQL endpoint http:// www.open-biomed.org.uk/sparql/. In the following section, we will demonstrate how this RDF dataset and these RDF links data are used to assist the exploitation of CM and WM.<marker type="block"/> Search for potential alternative medicines by mash-ups Here we present an application [<xref ref-type="bibr" rid="R52" id="147" class="deo:Reference">52</xref>] of the RDF-TCM dataset as an example. As shown in <xref ref-type="fig" rid="F2" id="148" class="deo:Reference">Figure 2</xref>, the data mash-up application allows users to first search for alternative medicines for a diseases using the disease and herb association information from RDF-TCM. The result was ranked by the statistical value from the TCMGeneDIT database that states the confidence in the association between diseases and herbs, i.e. Ginkgo biloba has the highest score for its association with the Alzheimer’s Disease. Users may then retrieve detailed<marker type="column" number="2"/><marker type="block"/> information about each alternative medicine (<xref ref-type="fig" rid="F3" id="150" class="deo:Reference">Figure 3</xref>, 4 and 5). The scientific classification information was retrieved from DBPedia and putative effects of herbs were retrieved from RDF-TCM (<xref ref-type="fig" rid="F3" id="151" class="deo:Reference">Figure 3</xref>). Related clini- cal trial information were retrieved from the LinkedCT dataset (<xref ref-type="fig" rid="F4" id="152" class="deo:Reference">Figure 4</xref>) hosted by the EU LarKC project [<xref ref-type="bibr" rid="R53" id="153" class="deo:Reference">53</xref>] with string matching SPARQL queries. <xref ref-type="fig" rid="F5" id="154" class="deo:Reference">Figure 5</xref> shows how this application may also help confirm the association relationship between a herb, its possible disease targets and the genes affected by these diseases by combining the WM knowledge from Diseasome and RDF-TCM. The application is an Ajax application implemented with Javascript. Each widget in the application executed a SPARQL query to one or multiple SPARQL endpoints and presented the query result in the web browser in a user-friendly way. The application requires that a data source must be accessible through a SPARQL endpoint. This data mash-up application bridged the knowledge connection between CM and WM. Instead of making users browse various possible data sources to gather information about herbs, the mash-up provides a central point for searching for knowledge about CM gathered from various sources published by these two scientific communities.<marker type="page" number="8"/><marker type="column" number="1"/><marker type="block"/> Search for potential alternative medicines by the Linked Data approach RDF-TCM together with LODD forms a web of medical data, accessible through Linked Data query engines as a single dataspace. SQUIN [<xref ref-type="bibr" rid="R14" id="161" class="deo:Reference">14</xref>] is one such Linked Data query engine that traverses the whole Web of Data to retrieve all relevant data sources for a query by taking the URIs in the query or in the intermediate results and following links of these URIs to other data sources. In this second application [<xref ref-type="bibr" rid="R54" id="162" class="deo:Reference">54</xref>], to search for an alternative medicine to a Western medicine (<xref ref-type="fig" rid="F6" id="163" class="deo:Reference">Figure 6</xref>) we used SQUIN to take the example SPARQL query in Listing 1 to traverse 7 distributed Linked Datasets including Drugbank, Diseasome, SIDER, LinkedCT, Dailymed and RDF-TCM.</region>
        <outsider class="DoCO:TextBox" type="header" id="156" page="8" column="1">Page 8 of 12</outsider>
        <outsider class="DoCO:TextBox" type="header" id="158" page="8" column="1">Zhao Chinese Medicine 2010, 5:27 <ext-link ext-link-type="uri" href="http://www.cmjournal.org/content/5/1/27" id="157">http://www.cmjournal.org/content/5/1/27</ext-link></outsider>
        <region class="DoCO:FigureBox" id="F4">
          <image class="DoCO:Figure" src="f4.page_008.image_04.png" thmb="f4.page_008.image_04-thumb.png"/>
          <caption class="deo:Caption" id="160" page="8" column="1">Figure 4 Clinical trials related to Ginkgo biloba. Clinical trials related to Ginkgo biloba are found from the LinkedCT dataset. These results are also linked to LinkedCT where more information about these trials can be found.</caption>
        </region>
        <region class="DoCO:TextChunk" id="170" confidence="possible" page="8" column="2">Listing 1: The SPARQL query for finding alternative medicines to Simvastatin. PREFIX tcm: <ext-link ext-link-type="uri" href="http://purl.org/net/tcm/" id="165">http://purl.org/net/tcm/</ext-link> tcm.lifescience.ntu.edu.tw/ PREFIX drugbank: <ext-link ext-link-type="uri" href="http://www4.wiwiss.fu" id="166">http://www4.wiwiss.fu</ext-link>- berlin.de/drugbank/resource/drugs/ PREFIX rdfs: <ext-link ext-link-type="uri" href="http://www.w3.org/2000/01/" id="167">http://www.w3.org/2000/01/</ext-link> rdf-schema# PREFIX owl: <ext-link ext-link-type="uri" href="http://www.w3.org/2002/07/" id="168">http://www.w3.org/2002/07/</ext-link> owl# PREFIX rdf: <ext-link ext-link-type="uri" href="http://www.w3.org/1999/02/" id="169">http://www.w3.org/1999/02/</ext-link> 22-rdf-syntax-ns# SELECT DISTINCT ? diseaseLabel ? altMedicineLabel</region>
        <outsider class="DoCO:TextBox" type="header" id="171" page="9" column="1">Page 9 of 12</outsider>
        <outsider class="DoCO:TextBox" type="header" id="173" page="9" column="1">Zhao Chinese Medicine 2010, 5:27 <ext-link ext-link-type="uri" href="http://www.cmjournal.org/content/5/1/27" id="172">http://www.cmjournal.org/content/5/1/27</ext-link></outsider>
        <region class="DoCO:FigureBox" id="F5">
          <image class="DoCO:Figure" src="f4.page_009.image_05.png" thmb="f4.page_009.image_05-thumb.png"/>
          <caption class="deo:Caption" id="175" page="9" column="1">Figure 5 Confirmation of genetic evidences for the efficacy of alternative medicines using RDF-TCM and Diseasome. We first use the RDF-TCM dataset to find genes associated with the Alzheimer’s diseases and the herb Ginkgo biloba, and we then use the Diseasome database to search for the diseases associated with these genes. If an RDF-TCM gene is also associated with the Alzheimer’s disease according to Diseasome, we then confirm that gene as an Alzheimer’s gene. In this way, we use two datasets created by two different medical research communities to confirm genetic evidence for the herbs.</caption>
        </region>
        <region class="unknown" id="177" page="9" column="1">WHERE { <ext-link ext-link-type="uri" href="http://www4.wiwiss.fu-berlin.de/drug-" id="176">http://www4.wiwiss.fu-berlin.de/drug-</ext-link> bank/resource/drugs/DB01273 drugbank: possibleDiseaseTarget ? disease. ? disease owl: sameAs ? sameDisease. ? altMedicine tcm: treatment ? sameDisease. ? altMedicine rdf: type tcm: Medicine. ? sameDisease rdfs: label ? diseaseLabel.</region>
        <region class="DoCO:TextChunk" id="178" confidence="possible" page="9" column="2">? altMedicine rdfs: label ? altMedicineLabel. }</region>
      </section>
      <section class="deo:Discussion">
        <h1 class="DoCO:SectionTitle" id="179" page="9" column="2">Discussion</h1>
        <region class="DoCO:TextChunk" id="194" page="9" column="2">The data mashups and the SQUIN-powered application demonstrate how Linked Data may serve as the point of departure for data integration. It allows developers to access machine-processable datasets either using the exible SPARQL query language or using Linked Data query engines (e.g. SQUIN) to access distributed <marker type="page" number="10"/><marker type="column" number="1"/><marker type="block"/> information as one Web of Data. These two different approaches are complementary: the SQUIN-powered application may be included as one of the widgets in the mash-up application, and the mash-up approach may be used to support applications that need to perform schema and semantic mappings between datasets, which cannot be achieved with SQUIN. Publishing RDF-TCM as Linked Data enables us to address some disadvantages of data integration approaches based on the relational database technologies [<xref ref-type="bibr" rid="R55" id="186" class="deo:Reference">55</xref>], which are not necessarily unique to CM data resources. Firstly, Linked Data helps us address the identity linking and management. Most relational life science databases tend to use a local identifier for their data resources, even though overlapping information or existing identifiers have been provided elsewhere. Integrating these databases must first overcome the identity<marker type="column" number="2"/><marker type="block"/> mapping problem. Linked Data promotes the use of uni- form resource identifiers, i.e the URIs. Although uni- form identifiers are yet to be established, there are ongoing active efforts in drawing together the community. Moreover, Linked Data allows the interlinking between URIs to be expressed in structured and explicit statements, such as RDF statements. Such RDF data links may be published by anyone and kept independent of the datasets. The other issue related to relational database integration is that often no programmatic access is provided for these databases and only a data dump is available. Linked Data on the other hand enables descriptions about an entity to be expressed in structured format (i.e. RDF) and retrievable by its URI. Linked Data also allows datasets to be accessible through the standard SPARQL query language and protocol. Our example applications have demonstrated how<marker type="page" number="11"/><marker type="column" number="1"/><marker type="block"/> these two ways of consuming RDF-TCM provide the flexibility of integrating biomedical knowledge available in Linked Data format. In contrast to the existing ontology-based approach [<xref ref-type="bibr" rid="R56" id="192" class="deo:Reference">56</xref>, <xref ref-type="bibr" rid="R57" id="193" class="deo:Reference">57</xref>], our RDF-TCM dataset is described with a very lightweight schema to publish a large number of instances. Associating lightweight semantics reduces the cost in publishing data and such datasets can satisfy most initial user requirements; while the heavier semantic approach would require more efforts in ontology engineering that makes data publication much more expensive. Linked data is most useful to data integration tasks at a syntactic level, such as the two example applications presented here; an ontology-based approach would be more useful for addressing requirements and issues requiring a controlled vocabulary to link together information at the semantic level. Investigating whether the latter approach would be needed for a Linked Data approach, such as one providing the integration of medical datasets by the disease names (and their classifications), is part of our future work.</region>
        <outsider class="DoCO:TextBox" type="header" id="181" page="10" column="1">Page 10 of 12</outsider>
        <outsider class="DoCO:TextBox" type="header" id="183" page="10" column="1">Zhao Chinese Medicine 2010, 5:27 <ext-link ext-link-type="uri" href="http://www.cmjournal.org/content/5/1/27" id="182">http://www.cmjournal.org/content/5/1/27</ext-link></outsider>
        <region class="DoCO:FigureBox" id="F6">
          <image class="DoCO:Figure" src="f4.page_010.image_06.png" thmb="f4.page_010.image_06-thumb.png"/>
          <caption class="deo:Caption" id="185" page="10" column="1">Figure 6 Finding alternative medicines as well as their side effects powered by SQUIN. To find alternative medicines to Simvastatin as well as their side effects powered by SQUIN, we use a Linked Data query engine, which allows one SPARQL query to access 6 distributed linked datasets published at different sources, including Drugbank, Diseasome, SIDER, LinkedCT, Dailymed and RDF-TCM.</caption>
        </region>
        <outsider class="DoCO:TextBox" type="header" id="189" page="11" column="1">Page 11 of 12</outsider>
        <outsider class="DoCO:TextBox" type="header" id="191" page="11" column="1">Zhao Chinese Medicine 2010, 5:27 <ext-link ext-link-type="uri" href="http://www.cmjournal.org/content/5/1/27" id="190">http://www.cmjournal.org/content/5/1/27</ext-link></outsider>
      </section>
      <section class="deo:Conclusion">
        <h1 class="DoCO:SectionTitle" id="195" page="11" column="1">Conclusion</h1>
        <region class="DoCO:TextChunk" id="196" page="11" column="1">The Linked Data approach provides a set of best practices encouraging data providers to publish their data in an openly-accessible and programmatically-accessible manner. The benefit of such approach is demonstrated by the two examples in this study, consuming linked datasets to build useful applications. As improved tools and technologies of Linked Data are being made available, the CM and WM linked datasets will increase in number and volume through stepwise changes in multi- lingual publication and query practices among the CM community and become openly accessible to a larger community. Our Linked Data publication methodology reduces the efforts and errors in publishing linked datasets by systematizing and explicating the design decisions. Our further work is the evaluation of the correctness and completeness of the mapping between different datasets.</region>
      </section>
      <section class="DoCO:Section">
        <h1 class="DoCO:SectionTitle" id="197" confidence="possible" page="11" column="1">Abbreviations</h1>
        <region class="DoCO:TextChunk" id="198" confidence="possible" page="11" column="1">CM: Chinese Medicine; WM: Western medicine; URIS: Uniform Resource Identifiers; RDF: Resource Description Framework; URLS: Uniform Resource Locators; HTTP: Hyper-Text Transfer Protocol; W3C: World Wide Web Consortium; LOD: Linking Open Data; KEGG: Kyoto Encyclopedia of Genes and Genomes; PDB: Protein Data Bank; LODD: Linking Open Drug Data; MESH: Medical Subject Headings Vocabulary; VOID: Vocabulary of Interlinked Datasets; NLM: National Library of Medicine; OMIM: Online Mendelian Inheritance in Man.</region>
      </section>
      <section class="deo:Acknowledgements">
        <h1 class="DoCO:SectionTitle" id="199" confidence="possible" page="11" column="1">Acknowledgements</h1>
        <region class="DoCO:TextChunk" id="200" confidence="possible" page="11" column="1">The work of JZ is funded by EPSRC grant EP/G049327/1. JZ would also like to thank Anja Jentzsch and the Linked Open Drug Data project members for helping create some of the data links between RDF-TCM and LODD and Olaf Hartig for his contribution in the SQUIN-powered application.</region>
      </section>
      <section class="DoCO:Section">
        <h1 class="DoCO:SectionTitle" id="201" confidence="possible" page="11" column="2">Authors’ contributions</h1>
        <region class="unknown" id="202" page="11" column="2">The author conducted the research and wrote this article.</region>
      </section>
      <section class="DoCO:Section">
        <h1 class="DoCO:SectionTitle" id="203" confidence="possible" page="11" column="2">Competing interests</h1>
        <region class="unknown" id="204" page="11" column="2">The author declares that they have no competing interests. Received: 29 January 2010 Accepted: 27 July 2010 Published: 27 July 2010</region>
      </section>
      <section class="DoCO:Bibliography">
        <h1 class="DoCO:SectionTitle" id="205" confidence="possible" page="11" column="2">References</h1>
        <ref-list class="DoCO:BiblioGraphicReferenceList">
          <ref rid="R1" class="deo:BibliographicReference" id="206" page="11" column="2">1. Bizer C, Heath T, Berners-Lee T: Linked data - the story so far. Int J Semant Web Inf Syst, Special Issue on Linked Data 2009, 53(3):1-22.</ref>
          <ref rid="R2" class="deo:BibliographicReference" id="208" page="11" column="2">2. Berners-Lee T, Fielding R, Masinter L: Uniform Resource Identifiers (URI): Generic Syntax. [<ext-link ext-link-type="uri" href="http://www.ietf.org/rfc/rfc2396.txt" id="207">http://www.ietf.org/rfc/rfc2396.txt</ext-link>].</ref>
          <ref rid="R3" class="deo:BibliographicReference" id="210" page="11" column="2">3. Klyne G, Carroll JJ, McBride B: Resource Description Framework (RDF): Concepts and Abstract Syntax. [<ext-link ext-link-type="uri" href="http://www.w3.org/TR/rdf-concepts/" id="209">http://www.w3.org/TR/rdf-concepts/</ext-link>].</ref>
          <ref rid="R4" class="deo:BibliographicReference" id="211" page="11" column="2">4. Fielding RT, Taylor RN: Principled design of the modern Web architecture. ACM Transactions on Internet Technology 2002, 2(2):115-150.</ref>
          <ref rid="R5" class="deo:BibliographicReference" id="213" page="11" column="2">5. Fielding R, Gettys J, Mogul J, Frystyk H, Masinter L, Leach P, Berners-Lee T: Hypertext Transfer Protocol-HTTP/1.1. [<ext-link ext-link-type="uri" href="http://www.w3.org/Protocols/" id="212">http://www.w3.org/Protocols/</ext-link> rfc2616/rfc2616.html].</ref>
          <ref rid="R6" class="deo:BibliographicReference" id="215" page="11" column="2">6. Prud’hommeaux E, Seaborne A: SPARQL query language for RDF. 2008 [<ext-link ext-link-type="uri" href="http://www.w3.org/TR/rdf-sparql-query/" id="214">http://www.w3.org/TR/rdf-sparql-query/</ext-link>].</ref>
          <ref rid="R7" class="deo:BibliographicReference" id="216" page="11" column="2">7. Clark KG, Feigenbaum L, Torres E: SPARQL protocol for RDF. 2008 [http:// www.w3.org/TR/rdf-sparql-protocol/].</ref>
          <ref rid="R8" class="deo:BibliographicReference" id="218" page="11" column="2">8. The Linking Open Data project. [<ext-link ext-link-type="uri" href="http://esw.w3.org/topic/SweoIG/" id="217">http://esw.w3.org/topic/SweoIG/</ext-link> TaskForces/CommunityProjects/LinkingOpenData].</ref>
          <ref rid="R9" class="deo:BibliographicReference" id="219" page="11" column="2">9. Bizer C, Heath T, Idehen K, Berners-Lee T: Linked data on the web (LDOW2008). Proceeding of the Seventeenth international conference on World Wide Web, Beijing, China 2008, 1265-1266.</ref>
          <ref rid="R10" class="deo:BibliographicReference" id="220" page="11" column="2">10. Bizer C, Cyganiak R: D2R server-publishing relational databases on the Semantic Web. Poster at the Fifth International Semantic Web Conference, Athens, GA, USA 2006.</ref>
          <ref rid="R11" class="deo:BibliographicReference" id="221" page="11" column="2">11. Auer S, Dietzold S, Lehmann J, Hellmann S, Aumueller D: Triplify: lightweight Linked Data publication from relational databases. Proceedings of the Eighteenth International Conference on World Wide Web, Madrid, Spain 2009, 621-630.</ref>
          <ref rid="R12" class="deo:BibliographicReference" id="222" page="11" column="2">12. Berners-Lee T, Chen Y, Chilton L, Connolly D, Dhanaraj R, Hollenbach J, Lerer A, Sheets D: Tabulator: exploring and analyzing Linked Data on the Semantic Web. Proceedings of the Third International Semantic Web User Interaction Workshop, Athens, Georgia, USA 2006.</ref>
          <ref rid="R13" class="deo:BibliographicReference" id="224" page="11" column="2">13. sig.ma: live Web views on the Web of Data. [<ext-link ext-link-type="uri" href="http://sig.ma/" id="223">http://sig.ma/</ext-link>].</ref>
          <ref rid="R14" class="deo:BibliographicReference" id="225" page="11" column="2">14. Hartig O, Bizer C, Freytag JC: Executing SPARQL queries over the Web of Linked Data. Proceedings of the Eighth International Semantic Web Conference 2009, Washington D.C., USA 2009, 293-309.</ref>
          <ref rid="R15" class="deo:BibliographicReference" id="226" page="11" column="2">15. Oren E, Delbru R, Catasta M, Cyganiak R, Stenzhorn H, Tummarello G: Sindice. com: a document-oriented lookup index for open Linked Data. International Journal of Metadata, Semantics and Ontologies 2008, 3:37-52.</ref>
          <ref rid="R16" class="deo:BibliographicReference" id="227" page="11" column="2">16. Ding L, Finin T, Joshi A, Pan R, Cost RS, Peng Y, Reddivari P, Doshi V, Sachs J: Swoogle: a Search and metadata engine for the Semantic Web. Proceedings of the Thirteenth ACM International Conference on Information and Knowledge Management, Washington D.C., USA 2004, 652-659.</ref>
          <ref rid="R17" class="deo:BibliographicReference" id="228" page="11" column="2">17. Belleau F, Nolin MA, Tourigny N, Rigault P, Morissette J: Bio2RDF: towards a mashup to build bioinformatics knowledge systems. J Biomed Inform 2008, 41:706-716.</ref>
          <ref rid="R18" class="deo:BibliographicReference" id="229" page="11" column="2">18. Kanehisa M, Goto S: KEGG: Kyoto encyclopedia of genes and genomes. Nucleic Acids Res 2000, 28:27-30.</ref>
          <ref rid="R19" class="deo:BibliographicReference" id="230" page="11" column="2">19. Berman HM, Battistuz T, Bhat TN, Bluhm WF, Bourne PE, Burkhardt K, Feng Z, Gilliland GL, Iype L, Jain S, Fagan P, Marvin J, Padilla D, Ravichandran V, Schneider B, Thanki N, Weissig H, Westbrook JD, Zardecki C: The Protein Data Bank. Acta Crystallographica Section D: Biological Crystallography 2002, 58(6):899-907.</ref>
          <ref rid="R20" class="deo:BibliographicReference" id="231" page="11" column="2">20. Hewett M, Oliver DE, Rubin DL, Easton KL, Stuart JM, Altman RB, Klein TE: PharmGKB: the pharmacogenetics knowledge base. Nucleic Acids Res 2002, 30:163-165.</ref>
          <ref rid="R21" class="deo:BibliographicReference" id="232" page="11" column="2">21. Wang Y, Xiao J, Suzek TO, Zhang J, Wang J, Bryant SH: PubChem: a Public information system for analyzing bioactivities of small molecules. Nucleic Acids Res 2009, , 37 Web Server: W623-W633.</ref>
          <ref rid="R22" class="deo:BibliographicReference" id="234" page="11" column="2">22. Linking Open Drug Data. [<ext-link ext-link-type="uri" href="http://esw.w3.org/topic/HCLSIG/LODD" id="233">http://esw.w3.org/topic/HCLSIG/LODD</ext-link>].</ref>
          <ref rid="R23" class="deo:BibliographicReference" id="238" page="12" column="1">23. Jentzsch A, Zhao J, Hassanzadeh O, Cheung KH, Samwald M, Andersson B: Linking Open Drug Data. Proceedings of the Second Triplification Challenge 2009, Graz, Austria 2009.</ref>
          <ref rid="R24" class="deo:BibliographicReference" id="239" page="12" column="1">24. Auer S, Bizer C, Kobilarov G, Lehmann J, Cyganiak R, Ives Z: Dbpedia: a nucleus for a Web of open data. Proceedings of the Sixth International Semantic Web Conference, Busan, Korea 2007, 722-735.</ref>
          <ref rid="R25" class="deo:BibliographicReference" id="240" page="12" column="1">25. Fang YC, Huang HC, Chen HH, Juan HF: TCMGeneDIT: a database for associated Traditional Chinese Medicine, gene and disease information using text mining. BMC Complement Altern Med 2008, 8:58.</ref>
          <ref rid="R26" class="deo:BibliographicReference" id="242" page="12" column="1">26. HULU TCM professional web site. [<ext-link ext-link-type="uri" href="http://www.hulu.com.tw/" id="241">http://www.hulu.com.tw/</ext-link>].</ref>
          <ref rid="R27" class="deo:BibliographicReference" id="243" page="12" column="1">27. Chen X, Zhou H, Liu YB, Wang JF, Li H, Ung CY, Han LY, Cao ZW, Chen YZ: Database of Traditional Chinese Medicine and its application to studies of mechanism and to prescription validation. Br J Pharmacol 2006, 149(8):1092-1103.</ref>
          <ref rid="R28" class="deo:BibliographicReference" id="246" page="12" column="1">28. Chinese medicine resource web. [<ext-link ext-link-type="uri" href="http://web.archive.org/web/" id="244">http://web.archive.org/web/</ext-link> 20080612040654/<ext-link ext-link-type="uri" href="http://www.spec-g.com.tw/newherb/" id="245">http://www.spec-g.com.tw/newherb/</ext-link>], [W3C Interest Group Note 03 December 2008].</ref>
          <ref rid="R34" class="deo:BibliographicReference" id="247" page="12" column="1">34. Volz J, Bizer C, Gaedke M, Kobilarov G: Discovering and maintaining links on the Web of data. Proceedings of the Eighth International Semantic Web Conference, Washington D.C., USA 2009, 650-665.</ref>
          <ref rid="R35" class="deo:BibliographicReference" id="249" page="12" column="1">35. Berners-Lee T: Linked Data. [<ext-link ext-link-type="uri" href="http://www.w3.org/DesignIssues/LinkedData." id="248">http://www.w3.org/DesignIssues/LinkedData.</ext-link> html].</ref>
          <ref rid="R36" class="deo:BibliographicReference" id="251" page="12" column="1">36. Shared Names. [<ext-link ext-link-type="uri" href="http://sharedname.org/" id="250">http://sharedname.org/</ext-link>].</ref>
          <ref rid="R37" class="deo:BibliographicReference" id="253" page="12" column="1">37. Concept Web Alliance. [<ext-link ext-link-type="uri" href="http://conceptweblog.wordpress.com/" id="252">http://conceptweblog.wordpress.com/</ext-link>].</ref>
          <ref rid="R38" class="deo:BibliographicReference" id="255" page="12" column="1">38. PURL. [<ext-link ext-link-type="uri" href="http://purl.org/" id="254">http://purl.org/</ext-link>].</ref>
          <ref rid="R39" class="deo:BibliographicReference" id="256" page="12" column="1">39. Bodenreider O, Stevens R: Bio-ontologies: current trends and future directions. Brief Bioinform 2006, 7(3):256-274.</ref>
          <ref rid="R40" class="deo:BibliographicReference" id="257" page="12" column="1">40. Pearson H: Biology’s name game. Nature 2001, 411(6838):631-632.</ref>
          <ref rid="R41" class="deo:BibliographicReference" id="259" page="12" column="1">41. W3C HCLS knowledge base. [<ext-link ext-link-type="uri" href="http://hcls.deri.org/" id="258">http://hcls.deri.org/</ext-link>].</ref>
          <ref rid="R42" class="deo:BibliographicReference" id="261" page="12" column="1">42. STITCH Linked Data. [<ext-link ext-link-type="uri" href="http://www4.wiwiss.fu-berlin.de/stitch/" id="260">http://www4.wiwiss.fu-berlin.de/stitch/</ext-link>].</ref>
          <ref rid="R43" class="deo:BibliographicReference" id="263" page="12" column="1">43. Alexander K, Cyganiak R, Hausenblas M, Zhao J: Describing linked datasets-on the design and usage of voiD, the ‘Vocabulary of Interlinked Datasets’. Proceedings of the Linked Data on the Web Workshop (LDOW 09), in conjunction with 18th International World Wide Web Conference (WWW 09), Madrid, Spain 2009 [<ext-link ext-link-type="uri" href="http://vocab.deri.ie/void" id="262">http://vocab.deri.ie/void</ext-link>].</ref>
          <ref rid="R44" class="deo:BibliographicReference" id="264" page="12" column="1">44. Hartig O, Zhao J: Using Web data provenance for quality assessment. Proceedings of the International Workshop on Semantic Web and Provenance Management, Washington D.C., USA 2009.</ref>
          <ref rid="R45" class="deo:BibliographicReference" id="266" page="12" column="1">45. Pubby: a Linked Data frontend for SPARQL endpoints. [<ext-link ext-link-type="uri" href="http://www4" id="265">http://www4</ext-link>. wiwiss.fu-berlin.de/pubby/].</ref>
          <ref rid="R46" class="deo:BibliographicReference" id="267" page="12" column="1">46. Wishart DS, Knox C, Guo AC, Cheng D, Shrivastava S, Tzur D, Gautam B, Hassanali M: DrugBank: a knowledgebase for drugs, drug actions and drug targets. Nucleic Acids Res 2007, , Database: D901-6.</ref>
          <ref rid="R47" class="deo:BibliographicReference" id="269" page="12" column="1">47. DailyMed. [<ext-link ext-link-type="uri" href="http://dailymed.nlm.nih.gov/dailymed/" id="268">http://dailymed.nlm.nih.gov/dailymed/</ext-link>].</ref>
          <ref rid="R48" class="deo:BibliographicReference" id="270" page="12" column="1">48. Campillos M, Kuhn M, Gavin AC, Jensen LJ, Bork P: Drug target identification using side-effect similarity. Science 2008, 321(5886):263-6.</ref>
          <ref rid="R49" class="deo:BibliographicReference" id="271" page="12" column="1">49. Goh KI, Cusick ME, Valle D, Childs B, Vidal M, Barabási AL: The human disease network. PNAS 2007, 104(21):8685-8690.</ref>
          <ref rid="R50" class="deo:BibliographicReference" id="272" page="12" column="1">50. Kuhn M, von Mering C, Campillos M, Jensen LJ, Bork P: STITCH: interaction networks of chemicals and proteins. Nucleic Acids Res 2008, , 36 Database: D684-8.</ref>
          <ref rid="R51" class="deo:BibliographicReference" id="273" page="12" column="1">51. Klein TE, Chang JT, Cho MK, Easton KL, Fergerson R, Hewett M, Lin Z, Liu Y, Liu S, Oliver DE, Rubin DL, Shafa F, Stuart JM, Altman RB: Integrating genotype and phenotype information: an overview of the PharmGKB project. Pharmacogenomics 2001, 1:167-170.</ref>
          <ref rid="R52" class="deo:BibliographicReference" id="275" page="12" column="1">52. Search for potential alternative medicines by mash-ups. [<ext-link ext-link-type="uri" href="http://www" id="274">http://www</ext-link>. open-biomed.org.uk/admed/admedapps/searchTCMByDiseaseName/].</ref>
          <ref rid="R53" class="deo:BibliographicReference" id="277" page="12" column="1">53. Linked Life Data, part of the EU LarKC project. [<ext-link ext-link-type="uri" href="http://linkedlifedata.com/" id="276">http://linkedlifedata.com/</ext-link> sparql].</ref>
          <ref rid="R54" class="deo:BibliographicReference" id="278" page="12" column="1">54. Hartig O, Zhao J: Find Traditional Chinese Medicine as an alternative to western drugs. Washington D.C., USA 2009, [In First Linked Data-a-thon, in conjunction with International Semantic Web Conference 2009].</ref>
          <ref rid="R55" class="deo:BibliographicReference" id="279" page="12" column="1">55. Goble C, Stevens R: State of the nation in data integration for bioinformatics. J Biomed Inform 2008, 41(5):687-693.</ref>
          <ref rid="R56" class="deo:BibliographicReference" id="280" page="12" column="1">56. Cheung KH, Yip KY, Smith A, Deknikker R, Masiar A, Gerstein M: YeastHub: a Semantic Web use case for integrating data in the life sciences domain. Bioinformatics 2005, 21:85-96.</ref>
          <ref rid="R57" class="deo:BibliographicReference" id="281" page="12" column="2">57. Ruttenberg A, Clark T, Bug W, Samwald M, Bodenreider O, Chen H, Doherty D, Forsberg K, Gao Y, Kashyap V, Kinoshita J, Luciano J, Marshall MS, Ogbuji C, Rees J, Stephens S, Wong GT, Wu E, Zaccagnini D, Hongsermeier T, Neumann E, Herman I, Cheung KH: Advancing translational research with The Semantic Web. Brief Bioinform 2007, 8(Suppl 3):S2.</ref>
        </ref-list>
        <outsider class="DoCO:TextBox" type="header" id="235" page="12" column="1">Page 12 of 12</outsider>
        <outsider class="DoCO:TextBox" type="header" id="237" page="12" column="1">Zhao Chinese Medicine 2010, 5:27 <ext-link ext-link-type="uri" href="http://www.cmjournal.org/content/5/1/27" id="236">http://www.cmjournal.org/content/5/1/27</ext-link></outsider>
      </section>
      <section class="DoCO:Section">
        <h1 class="DoCO:SectionTitle" id="282" confidence="possible" page="12" column="2">Cite this article as:</h1>
        <region class="unknown" id="283" page="12" column="2">doi:10.1186/1749-8546-5-27 Zhao: Publishing Chinese medicine knowledge as Linked Data on the Web. Chinese Medicine 2010 5:27.</region>
        <region class="unknown" id="284" page="12" column="2">Submit your next manuscript to BioMed Central and take full advantage of: • Convenient online submission • Thorough peer review • No space constraints or color figure charges • Immediate publication on acceptance • Inclusion in PubMed, CAS, Scopus and Google Scholar • Research which is freely available for redistribution Submit your manuscript at</region>
        <outsider class="DoCO:TextBox" type="footer" id="285" page="12" column="2">www.biomedcentral.com/submit</outsider>
      </section>
    </body>
  </article>
</pdfx>
