<?xml version='1.0' encoding='UTF-8'?>
<pdfx xmlns:xsi="http://www.w3.org/2001/XMLSchema-instance" xsi:noNamespaceSchemaLocation="http://pdfx.cs.man.ac.uk/static/article-schema.xsd">
  <meta>
    <job>a9a1f7ac9dea0d19b593bb80a7414ec115be34e13f015489f8927a4835fb3ff1</job>
    <base_name>f7</base_name>
    <doi>http://dx.doi.org/10.1007/978-3-319-12024-9_19</doi>
    <warning>Name identification was not possible. </warning>
  </meta>
  <article>
    <front class="DoCO:FrontMatter">
      <title-group>
        <article-title class="DoCO:Title" id="1">A Hybrid Multi-Strategy Recommender System Using Linked Open Data</article-title>
      </title-group>
      <region class="DoCO:TextChunk" id="4" confidence="possible">Petar Ristoski 1 and Eneldo Loza Menc ́ ıa 2 and Heiko Paulheim 1 1 University of Mannheim, Germany Research Group Data and Web Science <email id="2">{petar.ristoski,heiko}@informatik.uni-mannheim.de</email> 2 Technische Universität Darmstadt Knowledge Engineering Group <email id="3">eneldo@ke.tu-darmstadt.de</email></region>
      <abstract class="DoCO:Abstract" id="5">In this paper, we discuss the development of a hybrid multi- strategy book recommendation system using Linked Open Data. Our approach builds on training individual base recommenders and using global popularity scores as generic recommenders. The results of the individual recommenders are combined using stacking regression and rank aggregation. We show that this approach delivers very good results in different recommendation settings and also allows for incorporating diversity of recommendations.</abstract>
    </front>
    <body class="DoCO:BodyMatter">
      <section class="DoCO:Section">
        <h1 class="DoCO:SectionTitle" id="6" confidence="possible" page="1" column="1">Keywords:</h1>
        <region class="DoCO:TextChunk" id="7" confidence="possible" page="1" column="1">Linked Open Data, Hybrid Recommender Systems, Stacking</region>
      </section>
      <section class="DoCO:Section">
        <h1 class="DoCO:SectionTitle" id="8" page="1" column="1">1 Overall Approach</h1>
      </section>
      <region class="DoCO:TextChunk" id="9" page="1" column="1">We propose a hybrid, multi-strategy approach that combines the results of different base recommenders and generic recommenders into a final recommendation. A base recommender is an individual collaborative or content based recommender system, whereas a generic recommender makes a recommendation solely on some global popularity score, which is the same for all users. The approach has been evaluated on the three tasks of the LOD-enabled Recommender Systems Challenge 2014 from the domain of book recommendations. 1 For base recommenders, we use two collaborative filtering strategies (item and user based), as well as different content-based strategies exploiting various feature sets created from DBpedia 2 .</region>
      <section class="DoCO:Section">
        <h1 class="DoCO:SectionTitle" id="10" confidence="possible" page="1" column="1">Generic Recommenders</h1>
      </section>
      <region class="DoCO:TextChunk" id="17" page="1" column="1">We use different generic recommenders in our approach. First, the RDF Book Mashup dataset 3 provides the average score assigned to a book on Amazon. 1 75,559 numeric ratings on 6,166 books (from 0-5, Task 1) and 72,372 binary ratings on 6733 books (Tasks 2 and 3), resp., from 6,181 users for training, and evalua- tion on 65,560 and 67,990 unknown ratings, resp. See <ext-link ext-link-type="uri" href="http://challenges.2014.eswc" id="11">http://challenges.2014.eswc</ext-link>- conferences.org/index.php/RecSys for details. 2 <ext-link ext-link-type="uri" href="http://dbpedia.org" id="12">http://dbpedia.org</ext-link> 3 <ext-link ext-link-type="uri" href="http://wifo5-03.informatik.uni-mannheim.de/bizer/bookmashup/" id="13">http://wifo5-03.informatik.uni-mannheim.de/bizer/bookmashup/</ext-link><marker type="page" number="2"/><marker type="block"/> Furthermore, DBpedia provides the number of ingoing links to the Wikipedia article corresponding to a DBpedia instance, and the number of links to other datasets (e.g., other language editions of DBpedia), which we also use as global popularity measures. Finally, SubjectiveEye3D delivers a subjective importance score computed from Wikipedia usage information. 4</region>
      <outsider class="DoCO:TextBox" type="page_nr" id="15" page="2" column="1">2</outsider>
      <outsider class="DoCO:TextBox" type="header" id="16" page="2" column="1">Ristoski, Loza Menc ́ ıa, Paulheim</outsider>
      <section class="DoCO:Section">
        <h1 class="DoCO:SectionTitle" id="18" confidence="possible" page="2" column="1">Features for Content-based Recommendation</h1>
        <region class="DoCO:TextChunk" id="21" page="2" column="1">The features for content-based recommendation were extracted from DBpedia using the RapidMiner Linked Open Data extension [<xref ref-type="bibr" rid="R8" id="19" class="deo:Reference">8</xref>]. We use the following feature sets for describing a book: – All direct types, i.e., rdf:type, of a book 5 – All categories of a book – All categories of a book including broader categories 6 – All categories of a book’s author(s) – All categories of a book’s author(s) and of all other books by the book’s authors – All genres of a book and of all other books by the book’s authors – All authors that influenced or were influenced by the book’s authors – A bag of words created from the abstract of the book in DBpedia. That bag of words is preprocessed by tokenization, stemming, removing tokens with less than three characters, and removing all tokens less frequent than 3% or more frequent than 80%. Furthermore, we created a combined book’s feature set, comprising direct types, qualified relations, genres and categories of the book itself, its previous and subsequent work and the author’s notable work, the language and publisher, and the bag of words from the abstract. <xref ref-type="table" rid="T1" id="20" class="deo:Reference">Table 1</xref> depicts the number of features in each set. Besides DBpedia, we made an effort to retrieve additional features from two additional LOD sources: British Library Bibliography and DBTropes 7 . Using the RapidMiner LOD extension, we were able to link more than 90% of the books to BLB entities, but only 15% to DBTropes entities. However, the generated features from BLB were redundant with the features retrieved from DBpedia, and the coverage of DBTropes was too low to derive meaningful features. Hence, we did not pursue those sources further.</region>
      </section>
      <section class="DoCO:Section">
        <h1 class="DoCO:SectionTitle" id="22" confidence="possible" page="2" column="1">Recommender Strategies</h1>
        <region class="DoCO:TextChunk" id="30" page="2" column="1">For implementing the collaborative and content-based recommendation systems, we used the RapidMiner Recommendation Extension [ <xref ref-type="bibr" rid="R5" id="23" class="deo:Reference">5</xref>], which uses k-NN classification. We use k = 80 and cosine similarity for the base recommenders. The 4 https://github.com/paulhoule/telepath/wiki/SubjectiveEye3D 5 This includes types in the YAGO ontology, which can be quite specific (e.g., American Thriller Novels) 6 The reason for not including broader categories by default is that the category graph is not a cycle-free tree, with some subsumptions being rather questionable. 7 <ext-link ext-link-type="uri" href="http://bnb.data.bl.uk/" id="24">http://bnb.data.bl.uk/</ext-link> and <ext-link ext-link-type="uri" href="http://skipforward.opendfki.de/wiki/DBTropes" id="25">http://skipforward.opendfki.de/wiki/DBTropes</ext-link><marker type="page" number="3"/><marker type="block"/> rationale of using cosine similarity is that, unlike, e.g., Euclidean distance, only common features influence the similarity, but not common absence of features (e.g., two books not being American Thriller Novels). Furthermore, we train an additional recommender on the joint feature set, using Random Decision Trees (RDTs) [<xref ref-type="bibr" rid="R11" id="29" class="deo:Reference">11</xref>]. 8 RDTs generate k 1 decision trees with maximal depth k 2 and random attribute tests at the inner nodes. Each tree collects a distribution over the target variables at each of its leaf nodes by seeing the training data. E.g. for multilabel data, RDT’s leaves collect the label distribution so that each RDT predicts for each test instance a distribution over the labels. These predictions are subsequently averaged over all trees in order to produce one single prediction. The predictions of several of such trees are then combined into a final prediction. RDTs provide a good tradeoff between scalability for large example sets and prediction accuracy (often outperforming SVMs). For applying RDTs to the collaborative filtering data, we transformed the problem into a multilabel task: For each user we generated n different labels indicating each of the possible user ratings, i.e. n = 5 for task 1 and n = 2 for task 2. During training RDTs learn – for each known book/user combination – the mapping between the feature set of each book and the generated labels. Given an unknown book/user combination x, y, we are now able to estimate a distribution P (i| x, y) over the different ratings i. The final predicted rating r is 5 obtained by weighting the ratings r = i=0 i·P (i| x, y) (task 1) or by computing the probability difference P (1| x, y) − P (0| x, y) (task 2). RDTs do not suffer from high dimensionality and sparseness as much as k- NN does, thus we have built k 1 = 10 trees with depth k 2 = 10 on the combined book’s properties feature set, instead of individual RDTs on each feature set. 9</region>
        <outsider class="DoCO:TextBox" type="header" id="27" page="3" column="1">A Multi-Strategy Recommender System Using Linked Data</outsider>
        <outsider class="DoCO:TextBox" type="page_nr" id="28" page="3" column="1">3</outsider>
      </section>
      <section class="DoCO:Section">
        <h1 class="DoCO:SectionTitle" id="31" page="3" column="1">2 Predicting Ratings and Top k Lists</h1>
        <region class="DoCO:TextChunk" id="44" page="3" column="1">For predicting ratings (task 1 in the challenge), we use all the recommendation algorithms discussed above for training a regression model in the range of [0; 5]. The results for the base and generic recommenders are shown in <xref ref-type="fig" rid="F1" id="32" class="deo:Reference">Fig. 1</xref>. In order to create a more sophisticated combination of those recommenders, we trained a stacking model as described in [<xref ref-type="bibr" rid="R10" id="33" class="deo:Reference">10</xref>]: We trained the base recommenders in 10 rounds in a cross validation like setting, collected their predictions, and learned a stacking model on the predictions. The results in <xref ref-type="table" rid="T1" id="34" class="deo:Reference">Table 1</xref> show that the stacked prediction outperforms the base and generic recommenders, with the 8 We used the implementation available at <ext-link ext-link-type="uri" href="http://www.dice4dm.com/" id="35">http://www.dice4dm.com/</ext-link> 9 In general, it holds that the higher k 1 and k 2 the better, since this increases the number of covered feature dimensions and the diversity of the ensemble. However, comparably small values of k 1 and k 2 , around 10 or 20 and maximally 100, are sufficient according to experiments by Zhang et al. [<xref ref-type="bibr" rid="R11" id="36" class="deo:Reference">11</xref>] and Kong and Yu [<xref ref-type="bibr" rid="R4" id="37" class="deo:Reference">4</xref>]. In our experiments, we tried to find a good balance between computational costs and predictive quality, and we report the combination which we used for our final recommendations.<marker type="page" number="4"/><marker type="block"/> RDT based stacking (with k 1 = 500 and k 2 = 20) slightly ahead of linear regression, and both stacking approaches outperforming the baseline approach of averaging all recommenders’ ratings. To further analyze the contribution of each feature, we also report the β parameters found by linear regression. It can be observed that apart from the direct types, all base and generic recommenders contribute to the linear regression. A possible reason for that anomaly is that direct types and categories are rather redundant. Furthermore, we can see the benefit of using stacking approaches as the three generic recommenders with high RMSE are filtered out by the LR model. For creating top k lists from binary ratings (task 2 in the challenge), we again trained regression models like for rating prediction, using a range of [0; 1]. The top k lists were then obtained by ranking by the predicted rating. As shown in <xref ref-type="table" rid="T1" id="43" class="deo:Reference">Table 1</xref>, the base recommenders worked quite well, but the combination with linear regression delivered non-satisfying results. The reason is that the outcome of the base recommenders is not scaled equally for each user, but strongly depends on the user’s total number of positive and negative ratings. This made it impossible to learn a suitable regression function. However, we observed that despite being incompatible in scale, the base and generic recommenders delivered good rankings for each user. Thus, we performed an aggregation of the rankings produced by the different recommenders, using Borda’s rank aggregation algorithm, which outperforms all the individual recommenders, as well as the stacking regression.</region>
        <outsider class="DoCO:TextBox" type="page_nr" id="39" page="4" column="1">4</outsider>
        <outsider class="DoCO:TextBox" type="header" id="40" page="4" column="1">Ristoski, Loza Menc ́ ıa, Paulheim</outsider>
        <region class="DoCO:TableBox" id="T1">
          <caption class="deo:Caption" id="41" page="4" column="1">Table 1: Performances of the base and generic recommenders, the number of features used for each base recommender, and the performance of the combined recommenders</caption>
          <content>
            <h1 class="table"> Task 1 Task 2</h1>
            <table class="DoCO:Table" number="1" page="4">
              <thead class="table">
                <tr class="table">
                  <th class="table"> Recommender</th>
                  <th class="table"> #Features</th>
                  <th class="table"> RMSE</th>
                  <th class="table"> LR β</th>
                  <th class="table"> F-Score</th>
                </tr>
              </thead>
              <tbody>
                <tr class="table">
                  <td class="table"> Item-based collaborative filtering</td>
                  <td class="table"> –</td>
                  <td class="table"> 0.8843</td>
                  <td class="table"> +0.269</td>
                  <td class="table"> 0.5621</td>
                </tr>
                <tr class="table">
                  <td class="table"> User-based collaborative filtering</td>
                  <td class="table"> –</td>
                  <td class="table"> 0.9475</td>
                  <td class="table"> +0.145</td>
                  <td class="table"> 0.5483</td>
                </tr>
                <tr class="table">
                  <td class="table"> Book’s direct types</td>
                  <td class="table"> 534</td>
                  <td class="table"> 0.8895</td>
                  <td class="table"> -0.230</td>
                  <td class="table"> 0.5583</td>
                </tr>
                <tr class="table">
                  <td class="table"> Author’s categories</td>
                  <td class="table"> 2,270</td>
                  <td class="table"> 0.9183</td>
                  <td class="table"> +0.098</td>
                  <td class="table"> 0.5576</td>
                </tr>
                <tr class="table">
                  <td class="table"> Book’s (and author’s other books’) genres</td>
                  <td class="table"> 582</td>
                  <td class="table"> 0.9198</td>
                  <td class="table"> +0.082</td>
                  <td class="table"> 0.5567</td>
                </tr>
                <tr class="table">
                  <td class="table"> Combined book’s properties</td>
                  <td class="table"> 4,372</td>
                  <td class="table"> 0.9421</td>
                  <td class="table"> +0.0196</td>
                  <td class="table"> 0.5557</td>
                </tr>
                <tr class="table">
                  <td class="table"> Author and influenced/influencedBy authors</td>
                  <td class="table"> 1,878</td>
                  <td class="table"> 0.9294</td>
                  <td class="table"> +0.122</td>
                  <td class="table"> 0.5534</td>
                </tr>
                <tr class="table">
                  <td class="table"> Books’ categories and broader categories</td>
                  <td class="table"> 1,987</td>
                  <td class="table"> 0.939</td>
                  <td class="table"> +0.012</td>
                  <td class="table"> 0.5509</td>
                </tr>
                <tr class="table">
                  <td class="table"> Abstract bag of words</td>
                  <td class="table"> 227</td>
                  <td class="table"> 0.8893</td>
                  <td class="table"> +0.124</td>
                  <td class="table"> 0.5609</td>
                </tr>
                <tr class="table.strange">
                  <td class="table.strange"> RDT recommender on combined book’s properties</td>
                  <td class="table.strange"> 4,372</td>
                  <td class="table.strange"> 0.9223</td>
                  <td class="table.strange"> +0.128</td>
                  <td class="table.strange"> 0.5119</td>
                </tr>
                <tr class="table.strange">
                  <td class="table.strange"> Amazon rating</td>
                  <td class="table.strange"> –</td>
                  <td class="table.strange"> 1.037</td>
                  <td class="table.strange"> +0.155</td>
                  <td class="table.strange"> 0.5442</td>
                </tr>
                <tr class="table.strange">
                  <td class="table.strange"> Ingoing Wikipedia links</td>
                  <td class="table.strange"> –</td>
                  <td class="table.strange"> 3.9629</td>
                  <td class="table.strange"> +0.001</td>
                  <td class="table.strange"> 0.5377</td>
                </tr>
                <tr class="table.strange">
                  <td class="table.strange"> SubjectiveEye3D score</td>
                  <td class="table.strange"> –</td>
                  <td class="table.strange"> 3.7088</td>
                  <td class="table.strange"> +0.001</td>
                  <td class="table.strange"> 0.5369</td>
                </tr>
                <tr class="table.strange">
                  <td class="table.strange"> Links to other datasets</td>
                  <td class="table.strange"> –</td>
                  <td class="table.strange"> 3.3211</td>
                  <td class="table.strange"> +0.001</td>
                  <td class="table.strange"> 0.5321</td>
                </tr>
                <tr class="table.strange">
                  <td class="table.strange"> Average of all individual recommenders</td>
                  <td class="table.strange"> 14</td>
                  <td class="table.strange"> 0.8824</td>
                  <td class="table.strange"> –</td>
                  <td class="table.strange"> –</td>
                </tr>
                <tr class="table.strange">
                  <td class="table.strange"> Stacking with linear regression</td>
                  <td class="table.strange"> 14</td>
                  <td class="table.strange"> 0.8636</td>
                  <td class="table.strange"> –</td>
                  <td class="table.strange"> 0.4645</td>
                </tr>
                <tr class="table.strange">
                  <td class="table.strange"> Stacking with RDT</td>
                  <td class="table.strange"> 14</td>
                  <td class="table.strange"> 0.8632</td>
                  <td class="table.strange"> –</td>
                  <td class="table.strange"> 0.4966</td>
                </tr>
                <tr class="table.strange">
                  <td class="table.strange"> Borda rank aggregation</td>
                  <td class="table.strange"> 14</td>
                  <td class="table.strange"> –</td>
                  <td class="table.strange"> –</td>
                  <td class="table.strange"> 0.5715</td>
                </tr>
              </tbody>
            </table>
          </content>
          <region class="TableInfo" id="42" confidence="possible" page="4" column="1">Task 1 Task 2 Recommender #Features RMSE LR β F-Score Item-based collaborative filtering – 0.8843 +0.269 0.5621 User-based collaborative filtering – 0.9475 +0.145 0.5483 Book’s direct types 534 0.8895 -0.230 0.5583 Author’s categories 2,270 0.9183 +0.098 0.5576 Book’s (and author’s other books’) genres 582 0.9198 +0.082 0.5567 Combined book’s properties 4,372 0.9421 +0.0196 0.5557 Author and influenced/influencedBy authors 1,878 0.9294 +0.122 0.5534 Books’ categories and broader categories 1,987 0.939 +0.012 0.5509 Abstract bag of words 227 0.8893 +0.124 0.5609 RDT recommender on combined book’s properties 4,372 0.9223 +0.128 0.5119 Amazon rating – 1.037 +0.155 0.5442 Ingoing Wikipedia links – 3.9629 +0.001 0.5377 SubjectiveEye3D score – 3.7088 +0.001 0.5369 Links to other datasets – 3.3211 +0.001 0.5321 Average of all individual recommenders 14 0.8824 – – Stacking with linear regression 14 0.8636 – 0.4645 Stacking with RDT 14 0.8632 – 0.4966 Borda rank aggregation 14 – – 0.5715</region>
        </region>
        <outsider class="DoCO:TextBox" type="header" id="45" page="5" column="1">A Multi-Strategy Recommender System Using Linked Data</outsider>
        <outsider class="DoCO:TextBox" type="page_nr" id="46" page="5" column="1">5</outsider>
        <region class="DoCO:FigureBox" id="Fx47">
          <image class="DoCO:Figure" src="f7.page_005.image_02.png" thmb="f7.page_005.image_02-thumb.png"/>
          <image class="DoCO:Figure" src="f7.page_005.image_01.png" thmb="f7.page_005.image_01-thumb.png"/>
        </region>
        <region class="unknown" id="48" page="5" column="1">mean (y-axis) for different values of m</region>
        <region class="unknown" id="49" page="5" column="1">(b) ILD (y-axis) plotted against F- measure (x-axis)</region>
        <region class="DoCO:FigureBox" id="F1">
          <caption class="deo:Caption" id="50" page="5" column="1">Fig. 1: Trade-off between F-measure and diversity</caption>
        </region>
      </section>
      <section class="DoCO:Section">
        <h1 class="DoCO:SectionTitle" id="51" page="5" column="1">3 Creating Diverse Predictions</h1>
        <region class="DoCO:TextChunk" id="53" page="5" column="1">The final task in the challenge was to address diversity of predictions, i.e., trade off the accuracy of predictions, measured in F1 score, and their diversity, measured in intra-list diversity (ILD), both on a top k list. To address that trade-off, we followed a greedy top down approach which creates a ranking as for top k lists. First, we select the top m items from that list. Then, we process the list from position m + 1 on, adding each book that does not share author and categories with any of the books already on the list, until the list has k items. The results are depicted in <xref ref-type="fig" rid="F1" id="52" class="deo:Reference">Fig. 1</xref> for k=20, selecting items from a list of the top 100 predictions. It can be observed that the F1 score gradually rises when using higher values of m, while the ILD drops. Although the harmonic mean is optimal for using simply the top 20 predictions (given the different orders of magnitude of F1 and ILD), we decided to submit the solution with m = 4 to the challenge. 10</region>
      </section>
      <section class="deo:RelatedWork">
        <h1 class="DoCO:SectionTitle" id="54" page="5" column="1">4 Related Work</h1>
        <region class="DoCO:TextChunk" id="61" page="5" column="1">The area of recommender systems has been extensively studied in the literature, resulting in a variety of techniques for performing recommendation, including content-based, collaborative, and hybrid techniques. However, only a handful of approaches exploit Linked Open Data to provide recommendations. Among the earliest such efforts is dbrec [<xref ref-type="bibr" rid="R7" id="55" class="deo:Reference">7</xref>], which is using DBpedia as a knowledge base to build a music content-based recommender system. Heitmann et al. [<xref ref-type="bibr" rid="R3" id="56" class="deo:Reference">3</xref>] propose an open recommender system which utilize Linked Data to mitigate the new-user, new-item and sparsity problems of collaborative recommender systems. More recent approaches [<xref ref-type="bibr" rid="R1" id="57" class="deo:Reference">1</xref>, <xref ref-type="bibr" rid="R2" id="58" class="deo:Reference">2</xref>, <xref ref-type="bibr" rid="R6" id="59" class="deo:Reference">6</xref>, <xref ref-type="bibr" rid="R9" id="60" class="deo:Reference">9</xref>] have shown that using data from the LOD cloud can improve the performances for both content-based and collaborative recommender systems, in various domains.</region>
        <region class="DoCO:TextChunk" id="62" confidence="possible" page="5" column="1">10 The reason is that the challenge uses the average rank w.r.t. F1 and ILD as a scoring function, which makes the selection of an optimal parameter strongly depend on the other participants’ solutions. It turned out that m = 4 optimized our scoring.</region>
        <outsider class="DoCO:TextBox" type="page_nr" id="63" page="6" column="1">6</outsider>
        <outsider class="DoCO:TextBox" type="header" id="64" page="6" column="1">Ristoski, Loza Menc ́ ıa, Paulheim</outsider>
      </section>
      <section class="deo:Conclusion">
        <h1 class="DoCO:SectionTitle" id="65" page="6" column="1">5 Conclusion and Outlook</h1>
        <region class="DoCO:TextChunk" id="66" page="6" column="1">In this paper, we have layed out a hybrid multi-strategy approach for linked data enabled recommender systems. We have shown that combining the predictions of different base recommenders is a feasible strategy, and that generic (i.e., non user specific) recommenders can be a useful ingredient. In particular, our approach allows for the addition of new feature groups without interaction effects, and for the combination of different recommender strategies. By exploiting stacking regression, an optimal combination of different recommenders can be found automatically, however, for ranking-based problems, rank aggregation turned out to be the more promising strategy.</region>
      </section>
      <section class="deo:Acknowledgements">
        <h1 class="DoCO:SectionTitle" id="67" confidence="possible" page="6" column="1">Acknowledgements</h1>
        <region class="DoCO:TextChunk" id="69" page="6" column="1">The work presented in this paper has been partly funded by the German Research Foundation (DFG) under grant number PA 2373/1-1 (<email id="68">Mine@LOD</email>).</region>
      </section>
      <section class="DoCO:Bibliography">
        <h1 class="DoCO:SectionTitle" id="70" page="6" column="1">References</h1>
        <ref-list class="DoCO:BiblioGraphicReferenceList">
          <ref rid="R1" class="deo:BibliographicReference" id="71" page="6" column="1">1. Tommaso Di Noia, Roberto Mirizzi, Vito Claudio Ostuni, and Davide Romito. Exploiting the web of data in model-based recommender systems. In Proceedings of the Sixth ACM Conference on Recommender Systems, RecSys ’12, pages 253– 256, New York, NY, USA, 2012. ACM.</ref>
          <ref rid="R2" class="deo:BibliographicReference" id="72" page="6" column="1">2. Tommaso Di Noia, Roberto Mirizzi, Vito Claudio Ostuni, Davide Romito, and Markus Zanker. Linked open data to support content-based recommender systems. In Proceedings of the 8th International Conference on Semantic Systems, I-SEMANTICS ’12, pages 1–8, New York, NY, USA, 2012. ACM.</ref>
          <ref rid="R3" class="deo:BibliographicReference" id="73" page="6" column="1">3. Benjamin Heitmann and Conor Hayes. C.: Using linked data to build open, collaborative recommender systems. In In: AAAI Spring Symposium: Linked Data Meets Artificial Intelligence’. (2010, 2010.</ref>
          <ref rid="R4" class="deo:BibliographicReference" id="74" page="6" column="1">4. Xiangnan Kong and Philip S. Yu. An ensemble-based approach to fast classification of multi-label data streams. In CollaborateCom, pages 95–104, 2011.</ref>
          <ref rid="R5" class="deo:BibliographicReference" id="75" page="6" column="1">5. M. Mihel cić , N. Antulov-Fantulin, M. Bo snjak, and T. Smuc. ˇ Extending rapidminer with recommender systems algorithms. In RapidMiner Community Meeting and Conference (RCOMM 2012), 2012.</ref>
          <ref rid="R6" class="deo:BibliographicReference" id="76" page="6" column="1">6. Vito Claudio Ostuni, Tommaso Di Noia, Roberto Mirizzi, and Eugenio Di Sciascio. Top-n recommendations from implicit feedback leveraging linked open data. In IIR, pages 20–27, 2014.</ref>
          <ref rid="R7" class="deo:BibliographicReference" id="77" page="6" column="1">7. Alexandre Passant. dbrec — music recommendations using dbpedia. In The Semantic Web – ISWC 2010, volume 6497 of Lecture Notes in Computer Science, pages 209–224. Springer Berlin Heidelberg, 2010.</ref>
          <ref rid="R8" class="deo:BibliographicReference" id="78" page="6" column="1">8. Heiko Paulheim, Petar Ristoski, Evgeny Mitichkin, and Christian Bizer. Data mining with background knowledge from the web. In RapidMiner World, 2014.</ref>
          <ref rid="R9" class="deo:BibliographicReference" id="79" page="6" column="1">9. Max Schmachtenberg, Thorsten Strufe, and Heiko Paulheim. Enhancing a location- based recommendation system by enrichment with structured data from the web. In Web Intelligence, Mining and Semantics, 2014.</ref>
          <ref rid="R10" class="deo:BibliographicReference" id="80" page="6" column="1">10. K. M. Ting and I. H. Witten. Issues in stacked generalization. Artificial Intelligence Research, 10(1), 1999.</ref>
          <ref rid="R11" class="deo:BibliographicReference" id="81" page="6" column="1">11. X. Zhang, Q. Yuan, S. Zhao, W. Fan, W. Zheng, and Z. Wang. Multi-label classification without the multi-label cost. In Proceedings of the 2010 SDM, 2010.</ref>
        </ref-list>
      </section>
    </body>
  </article>
</pdfx>
