<?xml version='1.0' encoding='UTF-8'?>
<pdfx xmlns:xsi="http://www.w3.org/2001/XMLSchema-instance" xsi:noNamespaceSchemaLocation="http://pdfx.cs.man.ac.uk/static/article-schema.xsd">
  <meta>
    <job>b2f9df01c087e4b526b19b449fd48eaceea9a62e5f0da3f4add0192f3af379c3</job>
    <base_name>fd</base_name>
    <doi>10.1186/1471-2105-10-S10-S2</doi>
    <warning>Name identification was not possible. </warning>
  </meta>
  <article>
    <front class="DoCO:FrontMatter">
      <region class="DoCO:FigureBox" id="Fx1">
        <image class="DoCO:Figure" src="fd.page_001.image_01.png" thmb="fd.page_001.image_01-thumb.png"/>
      </region>
      <outsider class="DoCO:TextBox" type="header" id="2">BioMed Central</outsider>
      <outsider class="DoCO:TextBox" type="header" id="3">BMC Bioinformatics</outsider>
      <region class="unknown" id="4">Research</region>
      <title-group>
        <article-title class="DoCO:Title" id="5">Semantic web data warehousing for caGrid James P McCusker , Joshua A Phillips , Alejandra González</article-title>
      </title-group>
      <region class="unknown" id="6">1 2 Anthony Finkelstein 3 and Michael Krauthammer*</region>
      <region class="unknown" id="14">Address: 1 Department of Pathology, Yale University School of Medicine, New Haven, CT, USA, 2 Semantic Bits, LLC, Reston, VA, USA and 3 Department of Computer Science, University College London, London, UK E-mail: James P McCusker - <email id="7">james.mccusker@yale.edu</email>; Joshua A Phillips - <email id="8">joshua.phillips@semanticbits.com</email>; Alejandra González Beltrán - <email id="9">a.gonzalezbeltran@cs.ucl.ac.uk</email>; Anthony Finkelstein - <email id="10">a._nkelstein@cs.ucl.ac.uk</email>; Michael Krauthammer* - <email id="11">michael.krauthammer@yale.edu</email> *Corresponding author from Semantic Web Applications and Tools for Life Sciences, 2008 Edinburgh, UK 28 November 2008 Published: 01 October 2009 BMC Bioinformatics 2009, 10(Suppl 10):S2 doi: 10.1186/1471-2105-10-S10-S2 This article is available from: <ext-link ext-link-type="uri" href="http://www.biomedcentral.com/1471-2105/10/S10/S2" id="12">http://www.biomedcentral.com/1471-2105/10/S10/S2</ext-link> © 2009 McCusker et al; licensee BioMed Central Ltd. This is an open access article distributed under the terms of the Creative Commons Attribution License (<ext-link ext-link-type="uri" href="http://creativecommons.org/licenses/by/2.0)," id="13">http://creativecommons.org/licenses/by/2.0),</ext-link> which permits unrestricted use, distribution, and reproduction in any medium, provided the original work is properly cited.</region>
      <abstract class="DoCO:Abstract" id="15">The National Cancer Institute (NCI) is developing caGrid as a means for sharing cancer-related data and services. As more data sets become available on caGrid, we need effective ways of accessing and integrating this information. Although the data models exposed on caGrid are semantically well annotated, it is currently up to the caGrid client to infer relationships between the different models and their classes. In this paper, we present a Semantic Web-based data warehouse (Corvus) for creating relationships among caGrid models. This is accomplished through the transformation of semantically-annotated caBIG ® Unified Modeling Language (UML) information models into Web Ontology Language (OWL) ontologies that preserve those semantics. We demonstrate the validity of the approach by Semantic Extraction, Transformation and Loading (SETL) of data from two caGrid data sources, caTissue and caArray, as well as alignment and query of those sources in Corvus. We argue that semantic integration is necessary for integration of data from distributed web services and that Corvus is a useful way of accomplishing this. Our approach is generalizable and of broad utility to researchers facing similar integration challenges.</abstract>
    </front>
    <body class="DoCO:BodyMatter">
      <section class="DoCO:Section">
        <h1 class="DoCO:SectionTitle" id="16" page="1" column="1">Introduction and background</h1>
      </section>
      <region class="DoCO:TextChunk" id="22" page="1" column="1">We propose a Semantic Web data warehouse approach that enables users to map data from multiple grid data sources into an ontologically-driven data store, or knowledge base (KB), where they can use data from a semantic perspective. caGrid, a core technology of caBIG ® ("Cancer Biomedical Informatics Grid”) [<xref ref-type="bibr" rid="R1" id="17" class="deo:Reference">1</xref>, <xref ref-type="bibr" rid="R2" hidden="1" id="18" class="deo:Reference">2</xref>, <xref ref-type="bibr" rid="R3" hidden="1" id="19" class="deo:Reference">3</xref>, <xref ref-type="bibr" rid="R4" hidden="1" id="20" class="deo:Reference">4</xref>, <xref ref-type="bibr" rid="R5" id="21" class="deo:Reference">5</xref>], is a semantically annotated grid sponsored by the</region>
      <region class="DoCO:TextChunk" id="23" confidence="possible" page="1" column="2">Open Access Beltrán 3 ,</region>
      <region class="DoCO:TextChunk" id="24" confidence="possible" page="1" column="2">1</region>
      <region class="DoCO:TextChunk" id="69" page="1" column="2">National Cancer Institute that provides a consistent framework for grid web services. The information models of the grid services are mapped to concepts from the NCI Thesaurus (NCIt) [ <xref ref-type="bibr" rid="R6" id="25" class="deo:Reference">6</xref>, <xref ref-type="bibr" rid="R7" hidden="1" id="26" class="deo:Reference">7</xref>, <xref ref-type="bibr" rid="R8" hidden="1" id="27" class="deo:Reference">8</xref>, <xref ref-type="bibr" rid="R9" id="28" class="deo:Reference">9</xref>], a rich, cancer- focused terminology source, through Common Data Elements (CDEs) registered in the Cancer Data Stan- dards Repository (caDSR) [<xref ref-type="bibr" rid="R10" id="29" class="deo:Reference">10</xref>]. The grid services advertise the information models that they support to<marker type="page" number="2"/><marker type="column" number="1"/><marker type="block"/> a centralized Index Service for use by grid clients. CDEs represent semantically interoperable “join points” among information models, which provide a basis for data integration.<marker type="block"/> Clients access caGrid to retrieve data from diverse services such as omic [<xref ref-type="bibr" rid="R13" id="36" class="deo:Reference">13</xref>] stores (caArray) or tissue repositories (caTissue). From the client perspective, there is no transparent mapping of semantics onto data from grid services. When a caGrid client wants to join data from one service to another, or attempts to make claims about a particular datum being equivalent to another, it must inspect the metadata to determine if, and how, data from two services are interoperable. A naive client that is unaware of the service metadata will be unable to make that mapping. In other words, semantic interoperability is the job of the client and requires the ability to reason over (or interpret) the metadata, including class hierarchies, attributes, associations, and their corresponding annotations to establish equivalencies.<marker type="block"/> Fortunately, there is already a solution that is available that can perform exactly those tasks: The Web Ontology Language (OWL) [<xref ref-type="bibr" rid="R14" id="38" class="deo:Reference">14</xref>] is a formal way of describing relationships among concepts and any data defined in the Resource Description Framework (RDF) [<xref ref-type="bibr" rid="R15" id="39" class="deo:Reference">15</xref>, <xref ref-type="bibr" rid="R16" id="40" class="deo:Reference">16</xref>]. OWL is relevant here because it provides for class hierarchies, properties, and equivalencies. It also provides a means for multiple ontologies to coexist and for mappings to be defined between them. A client that can take advantage of the formal definitions of OWL through inferencing rules would have the ability to automatically map between data models on the grid. We show that a client that imports data from multiple grid services and maps that data onto ontologies derived from the published service metadata could then join that data within the Semantic Web environment to allow a much larger set of queries to be realized.<marker type="block"/> Semantic Web data warehousing allows users to define which data sources they are interested in and automates the extraction, transformation, and loading process (ETL) through semantic ETL (SETL) [<xref ref-type="bibr" rid="R17" id="42" class="deo:Reference">17</xref>] across entire classes of data sources. Semantic Web data warehouses are dynamic data stores, which, as we will show, can model and store data from diverse grid services on the fly. Users will be able to query the grid in novel ways using the data warehouse as a proxy and will be able to dynamically integrate new data sources as needed.<marker type="block"/> Transforming UML to OWL In order to perform semantic-web-based SETL on caGrid services, it is imperative to understand how to map UML constructs and their NCIt annotations (caGrid models)<marker type="column" number="2"/><marker type="block"/> onto semantic-web constructs (OWL ontologies). UML is the de facto standard for object-oriented visual modeling and has no formal semantics. Its main constructs are classes, attributes, associations, and generalizations. A UML class is a representation of an object-oriented class, which is defines a set of objects with common characteristics indicated as attributes. An association is a relation between classes and a generalization relates a parent class with a child class. On the other hand, OWL is a knowledge modeling language with a formal semantics based on Description Logics (DLs) [<xref ref-type="bibr" rid="R18" id="45" class="deo:Reference">18</xref>]. Its main constructs are classes, datatype properties, and object properties. An OWL class denotes a set of individuals or instances. Properties are standalone entities, establishing relationships between individuals (object properties) or between individuals and data values (datatype properties) [<xref ref-type="bibr" rid="R14" id="46" class="deo:Reference">14</xref>]. Although UML and OWL have similar constructs, they have significant differences. Mainly, UML follows a Closed World Assumption (CWA) while OWL follows an Open World Assumption (OWA). In CWA, lack of information means negative information. In OWA, lack of information means lack of knowledge.<marker type="block"/> Previous work has compared and contrasted UML and OWL and provided transformations between the two [<xref ref-type="bibr" rid="R19" id="48" class="deo:Reference">19</xref>, <xref ref-type="bibr" rid="R20" hidden="1" id="49" class="deo:Reference">20</xref>, <xref ref-type="bibr" rid="R21" hidden="1" id="50" class="deo:Reference">21</xref>, <xref ref-type="bibr" rid="R22" hidden="1" id="51" class="deo:Reference">22</xref>, <xref ref-type="bibr" rid="R23" hidden="1" id="52" class="deo:Reference">23</xref>, <xref ref-type="bibr" rid="R24" hidden="1" id="53" class="deo:Reference">24</xref>, <xref ref-type="bibr" rid="R25" id="54" class="deo:Reference">25</xref>]. These transformations were motivated by different applications and specified in varying levels of detail. For example, Berardi et al [<xref ref-type="bibr" rid="R19" id="55" class="deo:Reference">19</xref>] provided an incomplete transformation from UML class diagrams to description logics and analyzed the complexity of the reasoning to detect inconsistencies in the model. Evermann [<xref ref-type="bibr" rid="R23" id="56" class="deo:Reference">23</xref>] described an exhaustive conversion to make a well-known ontology, specified in natural language, available in more formal representations.<marker type="block"/> To the best of our knowledge, semCDI [<xref ref-type="bibr" rid="R24" id="58" class="deo:Reference">24</xref>, <xref ref-type="bibr" rid="R25" id="59" class="deo:Reference">25</xref>] is the only work providing an annotated-UML-to-OWL transformation based on the caGrid infrastructure. semCDI, as with all the previous approaches, maps UML classes to OWL classes, UML attributes to datatype properties, and associations to object properties. caGrid UML classes are annotated with NCIt concepts, and there is a need to represent these associations in OWL. semCDI does this by creating parent-child relationships between the OWL- converted UML class (the child) and the associated NCIt class (the parent), using concepts of an OWL-formatted NCIt. Using subsumption to represent this relationship results in a potentially inconsistent ontology. Examples include situations where a UML class is annotated with two or more NCIt concepts, some of which are explicitly stated as disjoint in NCIt. In caGrid, attributes are also annotated with NCIt concepts. As semCDI represents attributes as datatype properties, there are some diffi- culties in representing the NCIt associations. The only<marker type="page" number="3"/><marker type="column" number="1"/><marker type="block"/> available option is to represent the NCIt annotation as an OWL annotation property. However, OWL annotation properties are used to represent metadata on OWL constructs and are not considered for reasoning purposes.<marker type="block"/> Considering the issues presented above, we have designed a different annotated UML-to-OWL transformation that does not model attributes as datatype properties and does not model NCIt annotations of UML classes using subsumption. Our transformation, described in detail under the Methods section, follows a general, modular approach for ontology development. Particularly, it includes a common approach for modeling NCIt annotation for both UML classes and attributes, which guarantees to preserve NCIt semantics.<marker type="block"/> Methods overview In order to assess the feasibility of Semantic Web-based SETL on caGrid services, we first identified a real-world use case involving caGrid that included the need for semantically merging disparate information models. Specifically, we identified the need to join data from caTissue and caArray, two caGrid services exposing tissue and micro-array data, respectively. The use case involves the need to link a microarray experiment with clinical annotations linked to the specimen from which the experiment was derived. Imagine a situation where a specimen S is stored in caTissue and a microarray result M (derived from specimen S) is stored in caArray. Currently, it is possible to query caGrid for a single service using the caGrid Query language (CQL). Assume that we get results (data) from caTissue on S, which we call R s . Equally, we get results from querying caArray, which we call R m . As discussed above, the linking of R s to R m is not trivial. There is a need to identify the classes and attributes in both the caTissue and caArray models that align and the constraints under which two instances from the two models can be linked together.<marker type="block"/> In this paper, we demonstrate that this can be elegantly accomplished using Semantic Web technology. We first set up an instance of caTissue and caArray on the caGrid training grid. We then loaded specimen information of a particular set of cell lines called NCI-60 [<xref ref-type="bibr" rid="R26" id="68" class="deo:Reference">26</xref>] into caTissue. NCI-60 is a collection of cancer cell lines for which there exists a multitude of micro-array experiments (gene expression or copy number experiments). We recorded the disease class of each of the cell lines in caTissue. We then loaded an NCI-60 gene expression set into our caArray instance. The quest was to link the caTissue and caArray datasets, i.e. link the expression sets in caArray with specific disease information in caTissue. We will present how we use SETL to perform this linking.</region>
      <outsider class="DoCO:TextBox" type="footer" id="31" page="1" column="2">Page 1 of 10 (page number not for citation purposes)</outsider>
      <outsider class="DoCO:TextBox" type="header" id="32" page="2" column="1">BMC Bioinformatics 2009, 10(Suppl 10):S2</outsider>
      <outsider class="DoCO:TextBox" type="header" id="34" page="2" column="1"> <ext-link ext-link-type="uri" href="http://www.biomedcentral.com/1471-2105/10/S10/S2" id="33">http://www.biomedcentral.com/1471-2105/10/S10/S2</ext-link></outsider>
      <outsider class="DoCO:TextBox" type="footer" id="61" page="2" column="2">Page 2 of 10 (page number not for citation purposes)</outsider>
      <outsider class="DoCO:TextBox" type="header" id="62" page="3" column="1">BMC Bioinformatics 2009, 10(Suppl 10):S2</outsider>
      <outsider class="DoCO:TextBox" type="header" id="64" page="3" column="1"> <ext-link ext-link-type="uri" href="http://www.biomedcentral.com/1471-2105/10/S10/S2" id="63">http://www.biomedcentral.com/1471-2105/10/S10/S2</ext-link></outsider>
      <section class="deo:Results">
        <h1 class="DoCO:SectionTitle" id="70" page="3" column="2">Results and discussion</h1>
        <region class="DoCO:TextChunk" id="96" page="3" column="2">We were able to successfully load data from caTissue and caArray into a Semantic Web data repository, which we call Corvus, and link the instances of the caArray Source class with the instances of the caTissue CellSpecimen class, allowing us to use clinical data from caTissue to enhance the analysis of gene expression data from caArray. We first set up grid instances for caTissue [ <xref ref-type="bibr" rid="R27" id="71" class="deo:Reference">27</xref>] and caArray [<xref ref-type="bibr" rid="R28" id="72" class="deo:Reference">28</xref>] holding clinical data [<xref ref-type="bibr" rid="R29" id="73" class="deo:Reference">29</xref>] and experimental data (GEO GSE5949 [<xref ref-type="bibr" rid="R30" id="74" class="deo:Reference">30</xref>]) on the NCI-60 cell lines. We then generated the OWL ontologies for caTissue, caArray, and the NCIt concepts they use from the metadata available from those services. The URLs for these ontologies are listed in Additional file 1. The ontologies were then loaded into BigOWLIM, a state-of-the-art semantic triple store. Extraction on caArray was performed by querying the caArray grid service and retrieving the transitive closure of objects related to the Experiment of interest. The same process was performed using the caTissue caGrid service for the CollectionProtocol of interest. The resulting data set included caArray Sources and caTissue CellSpecimens. The results of those queries were then transformed into OWL Individuals that conformed to the OWL ontologies that were generated for caArray and caTissue. These data are available in N-Triples format in Additional files 2, 3, 4, 5. The data were then loaded into a KB with a custom inferencing rule that inferred the link between Sources and CellSpecimens based on equivalence of the CellLine of the Source from caArray and the Label of the CellSpecimen in caTissue. Additional file 6 shows the inferencing rule. As a demonstration of the capability of this method we ran a query (Additional file 7) to extract the clinical diagnoses related to every Hybridization caArray. The results of the query are in Additional file 8. We used these diagnoses as labels in <xref ref-type="fig" rid="F1" id="75" class="deo:Reference">Figure 1</xref>, a Principal Components Analysis (PCA) Projection of GEO GSE5949 in caArray. The diagnoses that are shown are far more specific than the usual “cancer type” that is available in the GEO data set. Using this technique, other statistical analyses can be performed on annotations such as survival, gender, age at diagnosis, tissue site, or any number of clinical annotations that caTissue can be customized to contain.<marker type="block"/> The significance of this join is important: caArray and caTissue, while based on the same framework, share no application code and have been developed by different teams. Also, while the data are about the same biological entities, they were derived from separate sources at different institutions. A major benefit is that one can link and query data based on the NCIt concepts instead of the elements of the data model. This result shows the advantage of loading related data from unrelated caGrid services and link them using a semantic web framework.<marker type="page" number="4"/><marker type="column" number="1"/><marker type="block"/> Performance of the repository is reasonable. Load times are shown in <xref ref-type="table" rid="T1" id="85" class="deo:Reference">Table 1</xref>. We believe that SETL is a significant improvement over conventional ETL. One improvement is that this technique is not limited to a single data source. The rules developed apply to any caArray and caTissue data source, which makes cross- institutional integration easier. Another is that Semantic Web data warehousing allows a much cleaner separa- tion of data into appropriate services. While caArray can<marker type="column" number="2"/><marker type="block"/> store some of this information, it should not be considered a reliable source for information about biospecimens. Since microarray experiment records are static, only the information that is known at the time that the data is published and recorded is included in caArray. caTissue is designed to support the addition of more information (such as more specific diagnoses) about the biospecimens and sources as they become available. This is a promising development, as<marker type="page" number="5"/><marker type="column" number="1"/><marker type="block"/> researchers can learn new information about existing experiments over time.<marker type="block"/> Corvus is, at this time, still a prototype system with components that serve as proof of concept. We plan on expanding its ability in the future to allow for automated SETL and linkage of scientific data. Work also needs to be done on providing visualizations and other user interfaces.</region>
        <outsider class="DoCO:TextBox" type="footer" id="78" page="3" column="2">Page 3 of 10 (page number not for citation purposes)</outsider>
        <outsider class="DoCO:TextBox" type="header" id="79" page="4" column="1">BMC Bioinformatics 2009, 10(Suppl 10):S2</outsider>
        <outsider class="DoCO:TextBox" type="header" id="81" page="4" column="1"> <ext-link ext-link-type="uri" href="http://www.biomedcentral.com/1471-2105/10/S10/S2" id="80">http://www.biomedcentral.com/1471-2105/10/S10/S2</ext-link></outsider>
        <region class="DoCO:FigureBox" id="Fx82">
          <image class="DoCO:Figure" src="fd.page_004.image_02.png" thmb="fd.page_004.image_02-thumb.png"/>
        </region>
        <region class="unknown" id="84" page="4" column="1"> <xref ref-type="fig" rid="F1" id="83" class="deo:Reference">Figure 1</xref> Principal components analysis. Projection of the first two principal components of gene expression microarray experiment GSE5949 from GEO. The clinical diagnoses for the biological source cell line were extracted from caTissue and joined using Corvus.</region>
        <region class="DoCO:TableBox" id="T1">
          <caption class="deo:Caption" id="87" page="4" column="1">Table 1: Load and query performance. Load and query times for the operations used. The compute environment used an Intel Core 2 Quad @ 2.40 GHz and 4 GB of memory. The repository was single-threaded</caption>
          <content>
            <table class="DoCO:Table" number="1" page="4">
              <thead class="table">
                <tr class="table">
                  <th class="table"> Stage</th>
                  <th class="table"> Data</th>
                  <th class="table"> Size (Entities)</th>
                </tr>
              </thead>
              <tbody>
                <tr class="table">
                  <td class="table"> Loading</td>
                  <td class="table"> Ontologies</td>
                  <td class="table"> 57,526</td>
                </tr>
                <tr class="table">
                  <td class="table"> Loading</td>
                  <td class="table"> Data</td>
                  <td class="table"> 14.003</td>
                </tr>
                <tr class="table">
                  <td class="table"> Query</td>
                  <td class="table"></td>
                  <td class="table"> -</td>
                </tr>
              </tbody>
            </table>
          </content>
          <region class="TableInfo" id="88" confidence="possible" page="4" column="1">Stage Data Size (Entities) Loading Ontologies 57,526 Loading Data 14.003 Query -</region>
        </region>
        <region class="unknown" id="90" page="4" column="2">Data Size (Statements) Processing Time (s) 88,654 473 607,532 910 - 3.24</region>
        <outsider class="DoCO:TextBox" type="footer" id="91" page="4" column="2">Page 4 of 10 (page number not for citation purposes)</outsider>
        <outsider class="DoCO:TextBox" type="header" id="92" page="5" column="1">BMC Bioinformatics 2009, 10(Suppl 10):S2</outsider>
        <outsider class="DoCO:TextBox" type="header" id="94" page="5" column="1"> <ext-link ext-link-type="uri" href="http://www.biomedcentral.com/1471-2105/10/S10/S2" id="93">http://www.biomedcentral.com/1471-2105/10/S10/S2</ext-link></outsider>
      </section>
      <section class="deo:Conclusion">
        <h1 class="DoCO:SectionTitle" id="97" page="5" column="1">Conclusion</h1>
        <region class="DoCO:TextChunk" id="98" page="5" column="1">SETL is a valid technique for gathering information from semantically annotated grid services and using that semantic annotation as a means to search and view that information. It provides opportunities for integration of data that was not designed for that purpose. This allows for analysis of many different data types on a dynamic basis and makes it possible for informaticists to continually integrate relevant new data sources as they become available with far less effort than would be needed in a traditional data warehousing environment. Corvus, along with the caGrid security and semantic annotation infrastructure, allows for integration of data across institutions as well as across applications as long as those institutions use the same semantic metadata. This has large implications for increased collaboration in biomedical research.</region>
      </section>
      <section class="deo:Methods">
        <h1 class="DoCO:SectionTitle" id="99" page="5" column="1">Methods</h1>
        <region class="DoCO:TextChunk" id="155" page="5" column="1">At the core of Corvus is a Semantic Web-based data warehouse based on BigOWLIM, within which we assemble our data by integrating various caGrid data sets. A key feature of our approach involves using OWL ontologies that have been generated from semantically annotated caGrid UML information models. Components of the Corvus framework support a Semantic ETL workflow that pulls data from public caGrid data services. It then translates that data into RDF/OWL that conforms to the OWL ontologies generated. Finally, it stores that information, along with the generated ontologies, in a Semantic Web KB. Because of this, it is possible to dynamically combine caGrid data sets while preserving semantic annotation of the caGrid information models. It also enables the use of Semantic Web technologies such as SPARQL (SPARQL Protocol and RDF Query Language), Semantic Web Rule Language (SWRL), and Description Logics (DL) reasoning services on that data. <marker type="block"/> Semantic ETL in Corvus consists of the following steps: generation of OWL ontologies from caGrid information models and loading them into the KB; submitting one or more queries to caGrid data services; transforming that data into RDF triples; and then loading those triples into<marker type="column" number="2"/><marker type="block"/> the KB. As the data is loaded into the KB, custom rules are used to infer relationships between the data from the two sources. This allows queries to be joined through the inferred relationships.<marker type="block"/> Data preparation We use two caGrid database applications, caTissue and caArray, to demonstrate the ability to link related information from independent databases. caTissue is a biospecimen banking and management tool developed through the NCI for use in research tissue banks. It is able to store information about biospecimens and the individuals they originated from. caArray is a microarray management tool developed through the NCI and is a MicroArray and Gene Expression (MAGE)-compliant array repository. Both caTissue and caArray can publish data via caGrid services.<marker type="block"/> caTissue and caArray instances were deployed with caGrid services that published to the caGrid training grid. Expression data was loaded from GEO GSE5949 [<xref ref-type="bibr" rid="R30" id="104" class="deo:Reference">30</xref>] by downloading the data and converting it into the MAGE-TAB format using the GEOImport and TabCon- verter tools from the tab2mage project [<xref ref-type="bibr" rid="R31" id="105" class="deo:Reference">31</xref>].<marker type="block"/> Additional curation was needed to fix some references to array designs and to ensure that all Characteristics [CellLine] entries were valid and entered. The data was then uploaded to caArray [<xref ref-type="bibr" rid="R28" id="107" class="deo:Reference">28</xref>]. Data on the cell lines, such as specific clinical diagnosis, was collected from the NCI SKY/M-FISH &amp; CGH Database [<xref ref-type="bibr" rid="R29" id="108" class="deo:Reference">29</xref>] and curated into a caTissue instance.<marker type="block"/> Semantic ETL process The Corvus Semantic ETL process (Figure 2) is designed to enable new models and data to be dynamically integrated into the data warehouse. It is composed of the Ontology Generator, Data Extractor (Extraction), Data Transformer (Transformation), and finally a KB loader that loads the data into the data warehouse (Loading).<marker type="block"/> The Ontology Generator generates OWL ontologies from published caGrid data service UML information models. These ontologies represent the UML information model, semantic annotations on those models, and the relevant parts of the NCIt. We generated ontologies from the caArray 2.1 and caTissue Suite 1.1 models. These ontologies are then loaded into the Corvus data warehouse.<marker type="block"/> The Data Extractor handles CQL queries of objects and the relationships between those objects. For example, we query caTissue for a CollectionProtocol object. Here, the path information indicates how the associated<marker type="page" number="6"/><marker type="column" number="1"/><marker type="block"/> CellSpecimen objects should be included in the resulting object graph. The Data Extractor uses the CQL and path information to pull XML data from caGrid data services. The ETL Process then passes the XML data to a Transformer Service instance that provides an XML to OWL transformation. The resulting OWL instance data is then loaded in the Corvus data warehouse.<marker type="column" number="2"/><marker type="block"/> Ontology generator We implemented an automatic transformation process from grid services metadata (annotated UML models) into OWL ontologies. In order for this process to be successful, it is necessary to first model the structure of the caGrid metadata in OWL. We decided to build two helper ontologies for this task: the Domain Model ontology and the Semantic Metadata ontology. The Domain Model ontology represents the relationships that exist among UML entities, including class-attribute relationships and relationships between classes. The Semantic Metadata ontology, on the other hand, represents relationships between caGrid entities and NCIt concepts. These two helper ontologies are imported during the UML to OWL transformation process, and are the same for any UML-derived OWL ontology. Figure 3 shows the import trail of these ontologies into the generated caArray and caTissue ontologies. As can be seen, we take a modular approach, where we merge the Semantic Metadata ontology and the Domain Model ontology into a caGrid Metadata ontology before importing them into the generated OWL ontologies. The Semantic Metadata ontology models the NCIt annotations of UML classes and attributes using the object property semanticMetadataCollection. The Domain<marker type="page" number="7"/><marker type="column" number="1"/><marker type="block"/> Model ontology represents UML class-attribute relationships using the umlAttributeCollection object property and relationships among UML classes are modeled as children (sub-properties) of the object property umlAssociation.<marker type="block"/> We also need a third helper ontology to represent the NCIt concepts relevant to a particular caGrid UML model. While we could import the whole (OWL- transformed) NCIt, we were interested in extracting the relevant NCIt concepts to reduce the overall ontology size. Figure 3 shows that the resulting ontologies are specific for a particular caGrid model, such as caTissue (NCIt Module for caTissue) and caArray (NCIt Module for caArray). We use the methodology in [<xref ref-type="bibr" rid="R32" id="128" class="deo:Reference">32</xref>] to extract relevant subsets from NCIt. This methodology has the following properties [<xref ref-type="bibr" rid="R32" id="129" class="deo:Reference">32</xref>]: a) it preserves NCIt semantics; b) it includes everything that is relevant to the particular information model ontology; and c) it imports only what is relevant. The resulting NCIt Module ontologies are then imported during the UML-to-OWL transformation process (Figure 3).<marker type="column" number="2"/><marker type="block"/> Figure 4 explains how the three helper ontologies facilitate the UML-to-OWL transformation, depicting part of the caArray 2.1 generated ontology. OWL- transformed UML classes are associated with NCIt concepts via the object property semanticMetadataCollection, such as ca:Hybridization with the NCIt concept nci: Nucleic_Acid_Hybridization. In order to keep the ontologies decidable (OWL-DL), we do not assert relationships by this property. Rather, the OWL-transformed UML classes are defined as sub classes of an existential restriction on the semanticMetadataCollection property, where that property has some values from a class defined in NCIt. UML attributes are individuals rather than properties. Their OWL-transformed UML class links to them via the object property umlAttributeCollection, such as ca:Hybridization with ca:Hybridization name. Attributes have NCIt annotations themselves, linked via the object property semanticMetadataCollection. In addition, attributes have a datatype property dm:datatype that contains the value of that attribute. There are further characteristics of our UML-to-OWL transformation strategy. UML classes and UML attributes are defined as subclasses of<marker type="page" number="8"/><marker type="column" number="1"/><marker type="block"/> dm:UMLClass and dm:UMLAttribute, respectively. UML class hierarchies are represented with the rdfs:subClassOf construct. UML class associations (a has_a b) are modeled as rdfs:subPropertyOf umlAssociation. We use OWL cardinality restrictions to represent multiplicities of UML associations. Also, if an association is bidirec- tional, an inverse property is defined. UML classes and attributes are defined as disjoint unless they have a relationship in the class hierarchy. Since the DL expressiveness of the resulting ontologies is SHIQ (D) [<xref ref-type="bibr" rid="R18" id="138" class="deo:Reference">18</xref>], it is possible to use existing OWL-DL reasoners with them. The generated ontologies provide an integrated view and formal representation of the caGrid data services’ metadata. As shown below, these ontologies can be extended to consider instance data, providing the semantic framework for data integration.<marker type="block"/> Data extractor The Data Extractor component works with most caGrid data services that have been generated from the caCORE Software Development Kit (SDK). For this effort, we queried caArray and caTissue. The Data Extractor relies on knowledge of caCORE conventions for naming of object identifiers (i.e. primary keys) and XML-UML mapping rules. A future enhancement to the Data Extractor may pull metadata about XML-UML mapping rules and identifiers directly from caDSR.<marker type="block"/> Since the current version of CQL does not support projections and the XML results returned by most caGrid data sources do not contain foreign key values, we cannot avoid what is know as the “n + 1 select” problem<marker type="column" number="2"/><marker type="block"/>  [<xref ref-type="bibr" rid="R33" id="144" class="deo:Reference">33</xref>], in which we must execute one query to retrieve an initial data set and then n additional queries to retrieve information associated to each item in the initial data set, where n is the size of the initial data set. Some data services, such as caArray, partially address this problem by automatically including information about associated objects in the XML results document. For example, the result of a query for Experiments includes information about all Hybridization, Sample, Source, Extract, and other objects that are associated with each Experiment. The next version of CQL will allow the query to indicate what associated objects should be included in the results [<xref ref-type="bibr" rid="R34" id="145" class="deo:Reference">34</xref>]. It took about 20 minutes to extract the data we need from a caArray Experiment containing 300 Hybridizations. Figure 5 depicts the paths that were traversed.<marker type="block"/> Transformer services We expose an XML to RDF/OWL Transformation service to convert caGrid XML to RDF that conforms to the ontologies generated by the ontology generator. The Transformer Service is a generic service that exposes any configured XML-to-XML transformation (including XML to RDF/OWL) as a stateful grid service. These services advertise what kinds of transformations they support and therefore enable clients to dynamically discover available transformations. We have provided a general- purpose Transformer implementation that will transform XML from caCORE SDK generated data services by using caCORE SDK UML-to-XML conventions. A future enhancement may pull UML-to-XML mapping metadata from caDSR.<marker type="page" number="9"/><marker type="column" number="1"/><marker type="block"/> Loading data from caTissue and caArray The output from the transformation service was then loaded into Corvus. Corvus supports a number of triple stores, but in this case we used BigOWLIM. We had two sets of transformed data: data from caTissue and data from caArray. To link the two data sets, we make use of the caTissue and caArray data models stored in Corvus and write a rule that links the Source (biological source) object in caArray to the CellSpecimen object in caTissue if Source.CellLine and CellSpecimen.Label are equivalent. Inferencing was done using a custom rule implemented in the Ontotext’s TRREE language, used by BigOWLIM.<marker type="block"/> Additional file 6 shows the actual rule, which adds the triple Source derived from CellSpecimen to the store. The inverse triple, CellSpecimen derived_by Source is also added.<marker type="block"/> Data queries and analysis The query in Additional file 7 returns the caTissue clinical diagnosis using the NCIt concept “Clinical Diagnosis” and the name of the caArray Hybridization it corresponds to. Also available, but not extracted, are: gender, age at diagnosis, ethnicity/race, or any other clinical annotations that are added to a caTissue Suite repository. A Principal Components Analysis is made of the expression data using the PCA module from GenePattern [<xref ref-type="bibr" rid="R35" id="154" class="deo:Reference">35</xref>] and the projection is colored with the diagnoses extracted.</region>
        <outsider class="DoCO:TextBox" type="footer" id="113" page="5" column="2">Page 5 of 10 (page number not for citation purposes)</outsider>
        <outsider class="DoCO:TextBox" type="header" id="114" page="6" column="1">BMC Bioinformatics 2009, 10(Suppl 10):S2</outsider>
        <outsider class="DoCO:TextBox" type="header" id="116" page="6" column="1"> <ext-link ext-link-type="uri" href="http://www.biomedcentral.com/1471-2105/10/S10/S2" id="115">http://www.biomedcentral.com/1471-2105/10/S10/S2</ext-link></outsider>
        <region class="DoCO:FigureBox" id="Fx117">
          <image class="DoCO:Figure" src="fd.page_006.image_03.png" thmb="fd.page_006.image_03-thumb.png"/>
        </region>
        <region class="unknown" id="118" page="6" column="1">Figure 2 Corvus ETL process. The Corvus ETL Process.</region>
        <region class="DoCO:FigureBox" id="Fx120">
          <image class="DoCO:Figure" src="fd.page_006.image_04.png" thmb="fd.page_006.image_04-thumb.png"/>
        </region>
        <region class="unknown" id="121" page="6" column="1">Figure 3 Modules diagram. Package diagram showing the import and dependency relationships between ontology modules.</region>
        <outsider class="DoCO:TextBox" type="footer" id="123" page="6" column="2">Page 6 of 10 (page number not for citation purposes)</outsider>
        <outsider class="DoCO:TextBox" type="header" id="124" page="7" column="1">BMC Bioinformatics 2009, 10(Suppl 10):S2</outsider>
        <outsider class="DoCO:TextBox" type="header" id="126" page="7" column="1"> <ext-link ext-link-type="uri" href="http://www.biomedcentral.com/1471-2105/10/S10/S2" id="125">http://www.biomedcentral.com/1471-2105/10/S10/S2</ext-link></outsider>
        <region class="DoCO:FigureBox" id="Fx131">
          <image class="DoCO:Figure" src="fd.page_007.image_05.png" thmb="fd.page_007.image_05-thumb.png"/>
        </region>
        <region class="unknown" id="132" page="7" column="1">Figure 4 Annotated UML class OWL representation. Representation of the Hybridization class from caArray in OWL format. Hybridization is annotated with the NCIt term “Nucleic Acid Hybridization” and has two attributes: “name” and “amountOfMaterial”, which in turn have their NCIt annotations. The values of these attributes are maintained via the=dm:datatype property.</region>
        <outsider class="DoCO:TextBox" type="footer" id="134" page="7" column="2">Page 7 of 10 (page number not for citation purposes)</outsider>
        <outsider class="DoCO:TextBox" type="header" id="135" page="8" column="1">BMC Bioinformatics 2009, 10(Suppl 10):S2</outsider>
        <outsider class="DoCO:TextBox" type="header" id="137" page="8" column="1"> <ext-link ext-link-type="uri" href="http://www.biomedcentral.com/1471-2105/10/S10/S2" id="136">http://www.biomedcentral.com/1471-2105/10/S10/S2</ext-link></outsider>
        <region class="DoCO:FigureBox" id="Fx142">
          <image class="DoCO:Figure" src="fd.page_008.image_06.png" thmb="fd.page_008.image_06-thumb.png"/>
        </region>
        <region class="unknown" id="143" page="8" column="1">Figure 5 caArray query paths. caArray query paths – this graph is needed to extract all information about an experiment.</region>
        <outsider class="DoCO:TextBox" type="footer" id="148" page="8" column="2">Page 8 of 10 (page number not for citation purposes)</outsider>
        <outsider class="DoCO:TextBox" type="header" id="149" page="9" column="1">BMC Bioinformatics 2009, 10(Suppl 10):S2</outsider>
        <outsider class="DoCO:TextBox" type="header" id="151" page="9" column="1"> <ext-link ext-link-type="uri" href="http://www.biomedcentral.com/1471-2105/10/S10/S2" id="150">http://www.biomedcentral.com/1471-2105/10/S10/S2</ext-link></outsider>
      </section>
      <section class="DoCO:Section">
        <h1 class="DoCO:SectionTitle" id="156" page="9" column="1">Competing interests</h1>
        <region class="DoCO:TextChunk" id="157" page="9" column="1">The authors declare that they have no competing interests.</region>
      </section>
      <section class="DoCO:Section">
        <h1 class="DoCO:SectionTitle" id="158" page="9" column="1">Authors’ contributions</h1>
        <region class="DoCO:TextChunk" id="159" page="9" column="1">JPM curated the experimental data and developed the rules for integrating caArray and caTissue data. He also performed the PCA analysis and wrote the query to extract clinical diagnoses. He wrote the Abstract, Background (except for Transforming UML to OWL), Results and Discussion, Conclusions, Data Preparation, Loading Data from caTissue and caArray, and Data Queries and Analysis sections. JP developed the extraction and transformation components and wrote the relevant parts of the Methods section, including the overall process and the Data Extractor and Transformer Services subsections. AGB analyzed previous UML-to-OWL transformations, designed a general approach to transform annotated- UML-to-OWL preserving the domain ontology semantics, and developed the OWL generation component. AGB and AF wrote the sections Transforming UML to OWL and Ontology Generator. MK provided vision, scope, and needs analysis, and provided significant edits to most sections. All authors participated in revision and have read and approved the manuscript.</region>
      </section>
      <section class="DoCO:Section">
        <h1 class="DoCO:SectionTitle" id="160" page="9" column="2">Additional material</h1>
        <region class="unknown" id="169" page="9" column="2">Additional file 1 List of external ontology URLs. Click here for file [<ext-link ext-link-type="uri" href="http://www.biomedcentral.com/content/supplementary/1471-" id="161">http://www.biomedcentral.com/content/supplementary/1471-</ext-link> 2105-10-S10-S2-S1.list] Additional file 2 N-Triple data for caTissue CollectionProtocol, Participant, and Specimen individuals. Click here for file [<ext-link ext-link-type="uri" href="http://www.biomedcentral.com/content/supplementary/1471-" id="162">http://www.biomedcentral.com/content/supplementary/1471-</ext-link> 2105-10-S10-S2-S2.ntp] Additional file 3 caArray individual Linkages in N-Triple format. Click here for file [<ext-link ext-link-type="uri" href="http://www.biomedcentral.com/content/supplementary/1471-" id="163">http://www.biomedcentral.com/content/supplementary/1471-</ext-link> 2105-10-S10-S2-S3.ntp] Additional file 4 caArray Experiment Data and Annotations in N-Triple format. Click here for file [<ext-link ext-link-type="uri" href="http://www.biomedcentral.com/content/supplementary/1471-" id="164">http://www.biomedcentral.com/content/supplementary/1471-</ext-link> 2105-10-S10-S2-S4.ntp] Additional file 5 caArray SourceCharacteristics in N-Triple format. Click here for file [<ext-link ext-link-type="uri" href="http://www.biomedcentral.com/content/supplementary/1471-" id="165">http://www.biomedcentral.com/content/supplementary/1471-</ext-link> 2105-10-S10-S2-S5.ntp] Additional file 6 A TRREE inferencing rule that describes an inferred relationship between CellSpecimens in caTissue and Sources in caArray. The relationship here is derivation, as described by the derived_from and derived_by properties. This rule finds all caArray Sources that have a TermBasedCharacteristic where the Term value matches the Label of a caTissue CellSpecimen. The Label used is found through the NCIt term nci:Label. Click here for file [<ext-link ext-link-type="uri" href="http://www.biomedcentral.com/content/supplementary/1471-" id="166">http://www.biomedcentral.com/content/supplementary/1471-</ext-link> 2105-10-S10-S2-S6.pie] Additional file 7 SPARQL query used to retrieve the clinical diagnosis for the cell lines used in GEO GSE5949. The query takes advantage of the inferred relationship derived_from that is described in Additional file 6. Click here for file [<ext-link ext-link-type="uri" href="http://www.biomedcentral.com/content/supplementary/1471-" id="167">http://www.biomedcentral.com/content/supplementary/1471-</ext-link> 2105-10-S10-S2-S7.sparql] Additional file 8 Diagnoses for hybridizations, tab separated. Click here for file [<ext-link ext-link-type="uri" href="http://www.biomedcentral.com/content/supplementary/1471-" id="168">http://www.biomedcentral.com/content/supplementary/1471-</ext-link> 2105-10-S10-S2-S8.txt]</region>
        <outsider class="DoCO:TextBox" type="footer" id="170" page="9" column="2">Page 9 of 10 (page number not for citation purposes)</outsider>
        <outsider class="DoCO:TextBox" type="header" id="171" page="10" column="1">BMC Bioinformatics 2009, 10(Suppl 10):S2</outsider>
        <outsider class="DoCO:TextBox" type="header" id="173" page="10" column="1"> <ext-link ext-link-type="uri" href="http://www.biomedcentral.com/1471-2105/10/S10/S2" id="172">http://www.biomedcentral.com/1471-2105/10/S10/S2</ext-link></outsider>
      </section>
      <section class="deo:Acknowledgements">
        <h1 class="DoCO:SectionTitle" id="174" page="10" column="1">Acknowledgements</h1>
        <region class="DoCO:TextChunk" id="176" confidence="possible" page="10" column="1">James McCusker’s and Michael Krauthammer’s work was funded by the Yale SPORE in Skin Cancer. Joshua Phillips’ work was funded in part by the caBIG ® Architecture Workspace. Alejandra González Beltrán and Anthony Finkelstein are grateful to Cancer Research UK and the UK National Cancer Research Institute Informatics Initiative for support for their research. This article has been published as part of BMC Bioinformatics Volume 10 Supplement 10, 2009: Semantic Web Applications and Tools for Life Sciences, 2008. The full contents of the supplement are available online at <ext-link ext-link-type="uri" href="http://www.biomedcentral.com/1471-2105/10?issue=S10." id="175">http://www.biomedcentral.com/1471-2105/10?issue=S10.</ext-link></region>
      </section>
      <section class="DoCO:Bibliography">
        <h1 class="DoCO:SectionTitle" id="177" page="10" column="1">References</h1>
        <ref-list class="DoCO:BiblioGraphicReferenceList">
          <ref rid="R1" class="deo:BibliographicReference" id="178" page="10" column="1">1. Buetow KH: Cyberinfrastructure: Empowering a “Third Way” in Biomedical Research. Science 2005, 308(5723):821–824.</ref>
          <ref rid="R2" class="deo:BibliographicReference" id="179" page="10" column="1">2. Saltz J, Oster S, Hastings S, Langella S, Kurc T, Sanchez W, Kher M, Manisundaram A, Shanbhag K and Covitz P: caGrid: design and implementation of the core architecture of the cancer biomedical informatics grid. Bioinformatics 2006, 22(15):1910.</ref>
          <ref rid="R3" class="deo:BibliographicReference" id="180" page="10" column="1">3. Oster S, Langella S, Hastings S, Ervin D, Madduri R, Kurc T, Siebenlist F, Foster I, Shanbhag K and Covitz P: caGrid 1.0: A grid enterprise architecture for cancer research. AMIA Annual Symposium 2007, 573–577.</ref>
          <ref rid="R4" class="deo:BibliographicReference" id="181" page="10" column="1">4. Langella SA, Oster S, Hastings S, Siebenlist F, Phillips J, Ervin D, Permar J, Kurc T and Saltz J: The Cancer Biomedical Informatics Grid (caBIG) Security Infrastructure. AMIA Annu Symp Proc 2007, 433:7.</ref>
          <ref rid="R5" class="deo:BibliographicReference" id="182" page="10" column="1">5. Langella S, Hastings S, Oster S, Pan T, Sharma A, Permar J, Ervin D, Cambazoglu BB, Kurc T and Saltz J: Sharing data and analytical resources securely in a biomedical research grid environment. Journal of the American Medical Informatics Association 2008, 15(3):363–373.</ref>
          <ref rid="R6" class="deo:BibliographicReference" id="183" page="10" column="1">6. Hartel FW, de Coronado S, Dionne R, Fragoso G and Golbeck J: Modeling a description logic vocabulary for cancer research. Journal of Biomedical Informatics 2005, 38(2):114–129.</ref>
          <ref rid="R7" class="deo:BibliographicReference" id="184" page="10" column="1">7. Sioutos N, Coronado S, Haber MW, Hartel FW, Shaiu WL and Wright LW: NCI Thesaurus: A semantic model integrating cancer-related clinical and molecular information. Journal of biomedical informatics 2007, 40:30–43.</ref>
          <ref rid="R8" class="deo:BibliographicReference" id="185" page="10" column="1">8. de Coronado S, Haber MW, Sioutos N, Tuttle MS and Wright LW: NCI Thesaurus: using science-based terminology to integrate cancer research results. Stud Health Technol Inform. 2004, 11(Pt 1):33–37.</ref>
          <ref rid="R9" class="deo:BibliographicReference" id="186" page="10" column="1">9. Fragoso G, de Coronado S, Haber M, Hartel F and Wright L: Overview and utilization of the NCI Thesaurus. Comparative and Functional Genomics 2004, 5(8).</ref>
          <ref rid="R10" class="deo:BibliographicReference" id="187" page="10" column="1">10. Warzel DB, Andonyadis C, McCurry B, Chilukuri R, Ishmukhamedov S and Covitz P: Common data element (CDE) management and deployment in clinical trials. AMIA. Annual Symposium proceedings [electronic resource] American Medical Informatics Association; 2003, 2003:1048.</ref>
          <ref rid="R11" class="deo:BibliographicReference" id="188" page="10" column="1">11. Covitz PA, Hartel F, Schaefer C, Coronado SD, Fragoso G, Sahni H, Gustafson S and Buetow KH: caCORE: A common infrastructure for cancer informatics. Bioinformatics 2003, 19(18): 2404–2412.</ref>
          <ref rid="R12" class="deo:BibliographicReference" id="189" page="10" column="1">12. Komatsoulis GA, Warzel DB, Hartel FW, Shanbhag K, Chilukuri R, Fragoso G, Coronado S, Reeves DM, Hadfield JB and Ludet C: caCORE version 3: Implementation of a model driven, service-oriented architecture for semantic interoperability. Journal of biomedical informatics 2008, 41:106–123.</ref>
          <ref rid="R13" class="deo:BibliographicReference" id="191" page="10" column="1">13. Ge H, Walhout AJM and Vidal M: Integrating ‘omic’ information: a bridge between genomics and systems biology. Trends in Genetics: TIG 2003, 19(10):551–60 <ext-link ext-link-type="uri" href="http://www.ncbi.nlm.nih.gov/" id="190">http://www.ncbi.nlm.nih.gov/</ext-link> pubmed/14550629, PMID: 14550629.</ref>
          <ref rid="R14" class="deo:BibliographicReference" id="192" page="10" column="1">14. McGuinness DL and Harmelen FV: OWL web ontology language overview. W3C recommendation 2004, 10:2004–03.</ref>
          <ref rid="R15" class="deo:BibliographicReference" id="193" page="10" column="1">15. Miller EJ: An introduction to the resource descriptionframe- work. Journal of Library Administration 2001, 34(3):245–255.</ref>
          <ref rid="R16" class="deo:BibliographicReference" id="194" page="10" column="1">16. Klyne G, Carroll JJ and McBride B: Resource description framework (RDF): Concepts and abstract syntax. W3C recommendation 2004, 10.</ref>
          <ref rid="R17" class="deo:BibliographicReference" id="195" page="10" column="1">17. Spies M: An ontology modelling perspective on business reporting. Information Systems 2009.</ref>
          <ref rid="R18" class="deo:BibliographicReference" id="196" page="10" column="2">18. Baader F, Calvanese D, McGuinness DL, Nardi D, Patel-Schneider PF and (Eds): The Description Logic Handbook Cambridge University Press; 2003.</ref>
          <ref rid="R19" class="deo:BibliographicReference" id="197" page="10" column="2">19. Berardi D, Calvanese D and De Giacomo G: Reasoning on UML Class Diagrams. Artificial Intelligence 2005, 168(1–2):70–118.</ref>
          <ref rid="R20" class="deo:BibliographicReference" id="198" page="10" column="2">20. Gašević D, Djuriæ D and Deved V: MDA-based Automatic OWL Ontology Development. International Journal on Software Tools for Technology Transfer (STTT) 2007, 9(2):103–117.</ref>
          <ref rid="R21" class="deo:BibliographicReference" id="200" page="10" column="2">21. IBM: Ontology Definition Metamodel – OMG Adopted Specification. 2007 <ext-link ext-link-type="uri" href="http://www.omg.org/cgi-bin/apps/doc?ptc" id="199">http://www.omg.org/cgi-bin/apps/doc?ptc</ext-link>/07- 09-09.pdf, Accessed October 2008.</ref>
          <ref rid="R22" class="deo:BibliographicReference" id="202" page="10" column="2">22. Knublauch H: UMLBackend: plug-in for Protégé. <ext-link ext-link-type="uri" href="http://protege" id="201">http://protege</ext-link>. cim3.net/cgi-bin/wiki.pl?UMLBackend, Accessed April 2009.</ref>
          <ref rid="R23" class="deo:BibliographicReference" id="203" page="10" column="2">23. Evermann J: A UML and OWL description of Bunge’s upper- level ontology model. Software and Systems Modeling 2008, 1619–1366.</ref>
          <ref rid="R24" class="deo:BibliographicReference" id="204" page="10" column="2">24. Shironoshita EP, Jean-Mary YR, Bradley R and Kabuka MR: semCDI: Semantic Query Formulation for caBIG. Journal of the American Medical Informatics Association (JAMIA) 2008, 15(4):559–568.</ref>
          <ref rid="R25" class="deo:BibliographicReference" id="205" page="10" column="2">25. Shironoshita EP, Bradley RM, Jean-Mary YR, Taylor TJ, Ryan MT and Kabuka MR: Semantic Representation and Querying of caBIG Data Services. Proceedings of the 5th International Workshop on Data Integration in the Life Sciences (DILS’08), of Lecture Notes in Bioinformatics Springer: Bairoch A, Cohen-Boulakia S, Froidevaux C 2008, 5109:108–115.</ref>
          <ref rid="R26" class="deo:BibliographicReference" id="206" page="10" column="2">26. Boyd MR and Paull KD: Some practical considerations and applications of the National Cancer Institute in vitro anticancer drug discovery screen. Drug Development Research 1995, 34(2):91–109.</ref>
          <ref rid="R27" class="deo:BibliographicReference" id="208" page="10" column="2">27. caTissue Suite caGrid Service Endpoint. <ext-link ext-link-type="uri" href="http://espresso.med" id="207">http://espresso.med</ext-link>. yale.edu:18080/wsrf/services/cagrid/CaTissueSuite.</ref>
          <ref rid="R28" class="deo:BibliographicReference" id="209" page="10" column="2">28. caArray – Experiment Details – E-GEOD-5949. http:// espresso.med.yale.edu:38080/caarray/project/shank-00006.</ref>
          <ref rid="R29" class="deo:BibliographicReference" id="211" page="10" column="2">29. SKY/M-FISH/CGH Database. <ext-link ext-link-type="uri" href="http://www.ncbi.nlm.nih.gov/sky/" id="210">http://www.ncbi.nlm.nih.gov/sky/</ext-link> skyweb.cgi?submitter=NCI60+cell+ line+panel Genetics+Branch_I. R.Kirsch&amp;form_type=display_cases.</ref>
          <ref rid="R30" class="deo:BibliographicReference" id="213" page="10" column="2">30. Shankavaram U, Weinstein J and Kahn A: Comparison between cell lines from 9 different cancer tissue (NCI-60) (U95 platform). 2005 <ext-link ext-link-type="uri" href="http://www.ncbi.nlm.nih.gov/geo/query/acc.cgi?" id="212">http://www.ncbi.nlm.nih.gov/geo/query/acc.cgi?</ext-link> acc=GSE5949.</ref>
          <ref rid="R31" class="deo:BibliographicReference" id="214" page="10" column="2">31. Rayner TF, Rezwan FI, Lukk M, Bradley XZ, Farne A, Holloway E, Malone J, Williams E and Parkinson H: MAGETabulator, a suite of tools to support the microarray data format MAGE-TAB. Bioinformatics 2009, 25(2):279–280.</ref>
          <ref rid="R32" class="deo:BibliographicReference" id="216" page="10" column="2">32. Jiménez-Ruiz E, Grau BC, Sattler U, Schneider T and Llavori RB: Safe and Economic Re-Use of Ontologies: A Logic-Based Meth- odology and Tool Support. Proceedings of the European Semantic Web Conference, of LNCS Bechhofer S 2008, 5021:185–199 <ext-link ext-link-type="uri" href="http://dx" id="215">http://dx</ext-link>. doi.org/10.1007/978-3-540-68234-9_16.</ref>
          <ref rid="R33" class="deo:BibliographicReference" id="218" page="10" column="2">33. SQL n + 1 Selects Explained – Pramatr Blog. <ext-link ext-link-type="uri" href="http://pramatr" id="217">http://pramatr</ext-link>. com/2009/02/05/sql-n-1-selects-explained.</ref>
          <ref rid="R34" class="deo:BibliographicReference" id="220" page="10" column="2">34. CQL 2 – Data Services – cagrid.org. <ext-link ext-link-type="uri" href="http://carid.org/display/" id="219">http://carid.org/display/</ext-link> dataservices/CQL+2.</ref>
          <ref rid="R35" class="deo:BibliographicReference" id="221" page="10" column="2">35. Reich M, Liefeld T, Gould J, Lerner J, Tamayo P and Mesirov J: GenePattern 2.0. Nature Genetics 2006, 38(5):500–501.</ref>
        </ref-list>
        <outsider class="DoCO:TextBox" type="footer" id="223" page="10" column="2"> <ext-link ext-link-type="uri" href="http://www.biomedcentral.com/info/publishing_adv.asp" id="222">http://www.biomedcentral.com/info/publishing_adv.asp</ext-link></outsider>
        <region class="unknown" id="224" page="10" column="2">Publish with Bio Med Central and every scientist can read your work free of charge "BioMed Central will be the most significant development for disseminating the results of biomedical researc h in our lifetime." Sir Paul Nurse, Cancer Research UK Your research papers will be: available free of charge to the entire biomedical community peer reviewed and published immediately upon acceptance cited in PubMed and archived on PubMed Central yours — you keep the copyright Submit your manuscript here: BioMedcentral</region>
        <outsider class="DoCO:TextBox" type="footer" id="225" page="10" column="2">Page 10 of 10 (page number not for citation purposes)</outsider>
      </section>
    </body>
  </article>
</pdfx>
