<?xml version='1.0' encoding='UTF-8'?>
<pdfx xmlns:xsi="http://www.w3.org/2001/XMLSchema-instance" xsi:noNamespaceSchemaLocation="http://pdfx.cs.man.ac.uk/static/article-schema.xsd">
  <meta>
    <job>cb809636888ebfe1cd840b019ab86e0e071ff501fdeb43fdcaaa3de8e301d9cc</job>
    <base_name>fe</base_name>
    <doi>http://dx.doi.org/10.1201/b13877-8</doi>
    <warning>Name identification was not possible. </warning>
  </meta>
  <article>
    <front class="DoCO:FrontMatter">
      <title-group>
        <article-title class="DoCO:Title" id="1">Publishing Linked Sensor Data</article-title>
      </title-group>
      <region class="DoCO:TextChunk" id="4" confidence="possible">Payam Barnaghi 1 , Mirko Presser 2 , and Klaus Moessner 1 1 Centre for Communication Systems Research, University of Surrey Guildford, Surrey, GU2 7XH, United Kingdom. <email id="2">{p.barnaghi.k.moessner}@surrey.ac.uk</email> 2 The Alexandra Institute Abogade 34, 8200 Arhus N, Denmark <email id="3">mirko.presser@alexandra.dk</email></region>
      <abstract class="DoCO:Abstract" id="5">This paper describes a linked-data platform to publish sensor data and link them to existing resource on the semantic Web. The linked sensor data platform, called Sense2Web supports flexible and interoperable descriptions and provide association of different sensor data ontologies to resources described on the semantic Web and the Web of data. The current advancements in (wireless) sensor networks and being able to manufacture low cost and energy efficient hardware for sensors has lead to much interest in integrating physical world data into the Web. Wireless sensor networks employ various types of hardware and software components to observe and measure physical phenomena and make the obtained data available through different networking services. Applications and users are typically interested in querying various events and requesting measurement and observation data from the physical world. Using a linked data approach enables data consumers to access sensor data and query the data and relations to obtain information and/or integrate data from various sources. Global access to sensor data can provide a wide range of applications in different domains such as geographical information systems, healthcare, smart homes, and business applications and scenarios. In this paper we focus on publishing linked-data to annotate sensors and link them to other existing resources on the Web. Key words: Linked-data, Semantic Sensor Web, Semantic Sensor Networks, Sense2Web</abstract>
    </front>
    <body class="DoCO:BodyMatter">
      <section class="deo:Introduction">
        <h1 class="DoCO:SectionTitle" id="6" page="1" column="1">1 Introduction</h1>
      </section>
      <region class="DoCO:TextChunk" id="15" page="1" column="1">The information collected from the physical world in combination with the existing resources and services on the Web facilitate enhanced methods to obtain business intelligence, enabling the construction of new types of front-end application and services, and could revolutionise the way organisations and people use Internet services and applications in their daily activities. There are currently a number of projects focused on developing large-scale sensor networks integrated into the Internet such as SENSEI 1 , SensorWeb 2 , and also there are 1 <ext-link ext-link-type="uri" href="http://www.ict-sensei.org" id="7">http://www.ict-sensei.org</ext-link> 2 <ext-link ext-link-type="uri" href="http://research.microsoft.com/en-us/projects/senseweb/" id="8">http://research.microsoft.com/en-us/projects/senseweb/</ext-link><marker type="page" number="2"/><marker type="block"/> existing works on creating service layers and data structures for sensor and ac- tuator networks such as [<xref ref-type="bibr" rid="R1" id="10" class="deo:Reference">1</xref>], [<xref ref-type="bibr" rid="R2" id="11" class="deo:Reference">2</xref>], [<xref ref-type="bibr" rid="R3" id="12" class="deo:Reference">3</xref>], the Open Geospatial Consortium (OGC) 3 , and the Sensor Web Enablement (SWE) activities [<xref ref-type="bibr" rid="R4" id="13" class="deo:Reference">4</xref>]. The above mentioned works are some of the ongoing efforts to develop underlying services for constructing global sensor networks. However, there is also a vital need to construct middle-ware services and applications that act as in- termediaries for capturing, delivery and presentation of dynamic real world data to the consumer applications and users. Collaboration, scalability and semantic interoperability are the key features in designing large-scale sensor networks to support efficient resource distribution and data communication on top of these networks. This will result in generating networked resources which collect data from the physical world as well as data and services on the Web. Interlinking the data from the physical world and the Web will complement one of the key potentials of semantic Web to create a networked knowledge infrastructure [<xref ref-type="bibr" rid="R5" id="14" class="deo:Reference">5</xref>]. Annotation, processing and reasoning sensor data on a large-scale will be a chal- lenging task for applications that publish and/or utilise these data from various sources. On the other hand, this, to some extent, is similar to challenges that the semantic Web community faces in dealing with huge numbers of ontologies and semantically annotated data coming from different sources and applications. Linked-data is one way to publish, share and connect data via URIs on the Web 4 . It focuses on interconnecting data and resources on the Web by defining relations between ontologies, schemas and/or directly linking the published data to other existing resource on the Web. The process can be done manually or (semi-) automatic mechanisms can be used to create the links. Publishing data as linked-data enables finding other related data and relevant information and facilitates interconnection and integration of data from different communities and sources. In this paper we describe a platform, called Sense2Web, to publish linked-sensor-data. Sense2Web publishes linked-data and makes it available to other Web application via SPARQL endpoints 5 . Our main focus in this paper is sensor description data. The sensor observation and measurement data can also be published following similar principals. However, publishing observation and measurement data raises other concerns such as time-dependency, scalability, freshness and latency. We have also implemented a mash-up application using data from Sense2Web to demonstrate reasoning and interpretation of linked- sensor data. The rest of this paper is organised as follows. Section 2 describes semantic sensor networks. Section 3 discusses the linked data principles and describes current contributions to Web of Data and publishing linked-data. Section 4 ex- plains linked-sensor-data and linking sensor descriptions to existing resources on the Web. Section 5 demonstrates the platform for publishing and accessing linked-sensor-data and shows a mash-up application using constructed linked- data. Section 6 concludes the paper and discusses the future work.</region>
      <region class="unknown" id="19" page="2" column="1">3 <ext-link ext-link-type="uri" href="http://www.opengeospatial.org" id="16">http://www.opengeospatial.org</ext-link> 4 <ext-link ext-link-type="uri" href="http://linkeddata.org/" id="17">http://linkeddata.org/</ext-link> 5 <ext-link ext-link-type="uri" href="http://semanticweb.org/wiki/SPARQL" id="18">http://semanticweb.org/wiki/SPARQL</ext-link> endpoint</region>
      <section class="DoCO:Section">
        <h1 class="DoCO:SectionTitle" id="20" page="3" column="1">2 Semantic Sensor Networks</h1>
        <region class="DoCO:TextChunk" id="29" page="3" column="1">There are currently ongoing efforts to define ontologies and to create frameworks to apply semantic Web technologies to sensor networks. The Semantic Sensor Web (SSW) proposes annotating sensor data with spatial, temporal, and thematic semantic metadata [ <xref ref-type="bibr" rid="R6" id="21" class="deo:Reference">6</xref>]. This approach uses the current OGC and SWE specifications and attempts to extend them with semantic web technologies to provide enhanced descriptions to facilitate access to sensor data. W3C Semantic Sensor Networks Incubator Group (SSN-XG) 6 is also working on developing an ontology for describing sensors. Effective description of sensor, observation and measurement data and utilising semantic Web technologies for this purpose, are fundamental steps to construct semantic sensor network. SSN-XG provides a state-of-the-art report on the current activities in this area 7 . However, associating this data to the existing concepts on the Web and reasoning the data is also an important task to make this information widely available for different application, front-end services and data consumers. Semantics allow machines to interpret links and relations between different attributes of a sensor description and also other resources. Utilising and reasoning this information enables the integration of the data as networked knowledge [<xref ref-type="bibr" rid="R7" id="22" class="deo:Reference">7</xref>]. On a large scale this machine interpretable information (i.e. semantics) is a key enabler and necessity for the semantic sensor networks. We have developed a framework to publish sensor data description and link this data to other resources on the Web. The framework will make descriptions (and also sensor-generated information) usable as a new and key source of knowledge and will facilitate integration of this information into the (existing) information spaces of communities. The semantically enriched data will be accessible at HTTP level to make it available for business processing methods and data integration and collaboration services. Another important aspect is interoperability and scalability of the framework. Utilising metadata and semantic annotations to describe sensor data and in general physical world resources in a scalable and heterogeneous platform enables different communities to exploit the emerging data and exchange information and knowledge in a collaborative environment. User annotated resources and services similar to those employed by social Web and semantic Web, as well as common machine-interpretable description and query interfaces are key aspects in the designing of the framework. <xref ref-type="fig" rid="F1" id="23" class="deo:Reference">Figure 1</xref> shows an example of integration of data from different sources in a collaborative environment. Imagine the parcel is tagged with an RFID tag that is scanned every time it is loaded or unloaded, the post delivery van has also a GPS sensor which reports the location and a twitter service is deployed to report the status of the parcel to interested twitter followers. In a semantic integration scenario each of these sensors and services need to be able to describe and/or discover what type of information is published, who can consume this information and what the information is all about. This includes the sensor or 6 <ext-link ext-link-type="uri" href="http://www.w3.org/2005/Incubator/ssn/" id="24">http://www.w3.org/2005/Incubator/ssn/</ext-link> 7 see: <ext-link ext-link-type="uri" href="http://www.w3.org/2005/Incubator/ssn/wiki/State" id="25">http://www.w3.org/2005/Incubator/ssn/wiki/State</ext-link> of the art survey<marker type="page" number="4"/><marker type="block"/> service description and also the data reported from sensors and services. In the current work we describe how sensor descriptions are published as linked-data and how a consumer application can query and access this data using standard interfaces.</region>
        <region class="DoCO:FigureBox" id="F1">
          <image class="DoCO:Figure" src="fe.page_004.image_01.png" thmb="fe.page_004.image_01-thumb.png"/>
          <caption class="deo:Caption" id="28" page="4" column="1">Fig. 1. Publishing data from sensors and services on the Web</caption>
        </region>
      </section>
      <section class="DoCO:Section">
        <h1 class="DoCO:SectionTitle" id="30" page="4" column="1">3 Linked-data</h1>
        <region class="DoCO:TextChunk" id="32" page="4" column="1">Publishing data on the semantic Web with machine interpretable representations facilitates more structured and efficient access to the resources; however semantic descriptions without being linked to other existing data on the Web would be mostly processed locally and according to the domain descriptions (i.e. ontologies) and their properties. Linking data to other resources on the Web enables obtaining more information across different domains. The linked-data initially was introduced by Tim Berners-Lee in 2006 [<xref ref-type="bibr" rid="R8" id="31" class="deo:Reference">8</xref>]. Berners-Lee suggested four main principles to publish linked-data:</region>
      </section>
      <section class="DoCO:Section">
        <h1 class="DoCO:SectionTitle" id="33" confidence="possible" page="4" column="1">– – – –</h1>
        <region class="DoCO:TextChunk" id="34" confidence="possible" page="4" column="1">using URIs as names for data, providing HTTP access to those URIs, providing useful information for URIs using the standards such as RDF and SPARQL, Including links to other URIs.</region>
        <region class="DoCO:TextChunk" id="39" page="4" column="1">Publishing annotated and interconnected data is the underlying principal of the Web of Data [ <xref ref-type="bibr" rid="R8" id="35" class="deo:Reference">8</xref>]. The Web of Data can be browsed as traditional HTML pages<marker type="page" number="5"/><marker type="block"/> on the Web. However, in the Web of Data instead of HTML links between the pages, the resources are connected via links that can be queried and interpreted using discovery and search agents [<xref ref-type="bibr" rid="R9" id="37" class="deo:Reference">9</xref>]. Linked-data enables users to navigate between different data sources by following links. This allows the linked-data consumers to start with one data source and then browse through a vast number of resources connected by machine interpretable links (e.g. RDF links). The Web of Data is supported by the Semantic Web and in particular the Linking Open Data community project in the W3C Semantic Web Education and Outreach Working Group 8 . The Linking Open Data community project started in 2007 and, as reported November 2009, the data sets that have been published and interlinked consisted of over 13.1 billion RDF triples which are interlinked by around 142 million RDF links 9 . The project includes various open data sets available on the Web such as Wikipedia 10 , Wikibooks 11 , Geonames 12 , and Word- Net 13 . In practice, the linked-data published on the Web is RDF data that is accessible through query interfaces and, as proposed in the current linked-data projects, SPARQL endpoints. Recently even the public organisations and government data is also published as linked-data; for example the UK government now provides linked-data [<xref ref-type="bibr" rid="R10" id="38" class="deo:Reference">10</xref>] and the proposed data is available via SPARQL endpoints 14 . Emergence of sensor data as linked-data enables sensor network providers and data consumers to connect sensor descriptions to potentially endless data existing on the Web. By relating sensor data attributes such as location, type, observation and measurement features to other resources on the Web of data users will be able to integrate physical world data and the logical world data to draw conclusions, create business intelligence, enable smart environments, support automated decision making systems among many other applications. The linked-sensor-data can be also queried, accessed and reasoned based on the same principles that apply to linked-data. This creates an open platform to publish and consume interoperable sensor data.</region>
      </section>
      <section class="DoCO:Section">
        <h1 class="DoCO:SectionTitle" id="40" page="5" column="1">4 Linked-sensor-data</h1>
        <region class="DoCO:TextChunk" id="53" page="5" column="1">Sheth et al. in [ <xref ref-type="bibr" rid="R6" id="41" class="deo:Reference">6</xref>] defined semantics of sensor Web within Space, Time, and Theme attributes. There have been different approaches to provide semantic models for each of these attributes independently or in relation to sensors. Some of the common ontologies are SIMILE location ontology 15 , DAML location on-<marker type="page" number="6"/><marker type="block"/> tology 16 for spatial attributes, OWL time ontology 17 for time and common ontologies and vocabularies such as CyC 18 , DBpedia 19 for thematic data. In a previous paper, we described annotating sensor observation and measurement data according to these attributes [<xref ref-type="bibr" rid="R11" id="52" class="deo:Reference">11</xref>]. In this paper, we discuss publishing linked-sensor-data and association of these attributes to the existing resources and especially those that are currently a part of the Web of Data and follow linked-data principles.</region>
        <region class="unknown" id="51" page="5" column="1">8 <ext-link ext-link-type="uri" href="http://esw.w3.org/SweoIG/TaskForces/CommunityProjects/LinkingOpenData" id="43">http://esw.w3.org/SweoIG/TaskForces/CommunityProjects/LinkingOpenData</ext-link> 9 <ext-link ext-link-type="uri" href="http://esw.w3.org/TaskForces/CommunityProjects/LinkingOpenData/DataSets/Statistics" id="44">http://esw.w3.org/TaskForces/CommunityProjects/LinkingOpenData/DataSets/Statistics</ext-link> 10 <ext-link ext-link-type="uri" href="http://www.wikipedia.org/" id="45">http://www.wikipedia.org/</ext-link> 11 <ext-link ext-link-type="uri" href="http://www.wikipedia.org/" id="46">http://www.wikipedia.org/</ext-link> 12 <ext-link ext-link-type="uri" href="http://www.geonames.org/" id="47">http://www.geonames.org/</ext-link> 13 <ext-link ext-link-type="uri" href="http://wordnet.princeton.edu/online/" id="48">http://wordnet.princeton.edu/online/</ext-link> 14 <ext-link ext-link-type="uri" href="http://data.gov.uk/sparql" id="49">http://data.gov.uk/sparql</ext-link> 15 <ext-link ext-link-type="uri" href="http://simile.mit.edu/2005/05/ontologies/location" id="50">http://simile.mit.edu/2005/05/ontologies/location</ext-link></region>
      </section>
      <section class="DoCO:Section">
        <h1 class="DoCO:SectionTitle" id="54" confidence="possible" page="6" column="1">4.1 Spatial attributes</h1>
        <region class="DoCO:TextChunk" id="63" page="6" column="1">Location specific information for sensors could include very specific geo-locations defined as altitude and latitude and/or high level information that describe the location in high-level terms and relation to other domain concepts (e.g. post- codes). In OGC SWE standard Sensor Observation Service (SOS) [<xref ref-type="bibr" rid="R4" id="55" class="deo:Reference">4</xref>] to provide sensor observation and measurement data, the descriptions are expected to include location attributes that are explained using GML 20 elements. Patni et al. [<xref ref-type="bibr" rid="R12" id="56" class="deo:Reference">12</xref>] describe a linked-sensor-data platform that uses location attributes in OGC SWE standards and associate them to high-level concepts and related resources using GeoNames and LinkedGeoData 21 resources. Location concept could be specified in different levels of granularity. It could be again a detailed specifica- tion of a room or a corridor in a building in a detailed level and on a higher level referring to a campus, site or a city, and so on. The main challenge for describing sensor location data is how to provide a high level of granularity on a global scale without ending up modelling the world. For applications with limited scope it is possible to define a location ontology and populate it with domain instances. However, on a global scale the location instances could refer to potentially endless location data. To address this challenge in Sense2Web we propose using two location attributes in describing the sensor data. The first attribute refers to an instance of a local ontology which is a model of the current location that the sensor is deployed in. This could include high granularity and detailed information of the physical location such as rooms, corridors, floors, buildings. This ontology could be populated and used in different applications. We have defined a basic schema for such an ontology which is discussed in Section 5; however, the sensor data publisher may opt to use a different ontology and as long as the schema link definitions are available to data consumers this will not affect the query and accessing of the linked-sensor-data. The second location attribute is selected from high-level location concepts that are available on the Web of Data. In particular, we have used concepts referring to places selected from DBpedia. The following SPARQL code shows and example of querying location resources from DBpedia. 16 <ext-link ext-link-type="uri" href="http://www.daml.org/experiment/ontology/location-ont" id="57">http://www.daml.org/experiment/ontology/location-ont</ext-link> 17 <ext-link ext-link-type="uri" href="http://www.w3.org/TR/owl-time/" id="58">http://www.w3.org/TR/owl-time/</ext-link> 18 <ext-link ext-link-type="uri" href="http://cyc.com/cyc/opencyc" id="59">http://cyc.com/cyc/opencyc</ext-link> 19 <ext-link ext-link-type="uri" href="http://dbpedia.org/" id="60">http://dbpedia.org/</ext-link> 20 <ext-link ext-link-type="uri" href="http://www.opengeospatial.org/standards/gml" id="61">http://www.opengeospatial.org/standards/gml</ext-link> 21 <ext-link ext-link-type="uri" href="http://linkedgeodata.org" id="62">http://linkedgeodata.org</ext-link></region>
        <region class="unknown" id="67" page="7" column="1">PREFIX rdf: &lt;<ext-link ext-link-type="uri" href="http://www.w3.org/1999/02/22-rdf-syntax-ns" id="64">http://www.w3.org/1999/02/22-rdf-syntax-ns</ext-link>#&gt; PREFIX rdfs: &lt;<ext-link ext-link-type="uri" href="http://www.w3.org/2000/01/rdf-schema" id="65">http://www.w3.org/2000/01/rdf-schema</ext-link>#&gt; SELECT ?entity ?label WHERE { ?entity rdf:type &lt;<ext-link ext-link-type="uri" href="http://dbpedia.org/ontology/Place" id="66">http://dbpedia.org/ontology/Place</ext-link>&gt;. ?entity rdfs:label ?label. ?label &lt;bif:contains&gt; ’"Guildford"’. }</region>
      </section>
      <section class="DoCO:Section">
        <h1 class="DoCO:SectionTitle" id="68" confidence="possible" page="7" column="1">4.2 Temporal attributes</h1>
        <region class="DoCO:TextChunk" id="69" page="7" column="1">Temporal attributes in sensor data and their observation and/or measurement data are those describing attributes such as time zone and measurement times- tamp. In this context, using common ontologies for temporal specifications enable linked-data consumers to query and access temporal features of data using standard models and interfaces. The important issue is defining temporal concepts according to the existing vocabularies or making the schema description available to the users.</region>
      </section>
      <section class="DoCO:Section">
        <h1 class="DoCO:SectionTitle" id="70" confidence="possible" page="7" column="1">4.3 Thematic attributes</h1>
        <region class="DoCO:TextChunk" id="72" page="7" column="1">Thematic data provides links between sensor data and the domain knowledge. The attributes such as sensor type, tags, type of observation measurement, features of interest and other more specific attributes such as operational and de- ployment attributes describe sensors with domain knowledge. We propose using a local ontology to provide more specific sensor descriptions such as those proposed in the SENSEI project [<xref ref-type="bibr" rid="R13" id="71" class="deo:Reference">13</xref>] and W3C Incubator Group for Semantic Sensor Networks Ontology 22 . Other high level concepts can be associated to the existing data on the Web. For this purpose, we use DBpedia for Sensor Types (general types) and tags (general concepts and applications). It is also worth mentioning that in many applications relying only on general sensor type definitions pro- vided by community-driven vocabularies such as DBpedia will not be sufficient; however, in this example we only demonstrate how linked-sensor-data can ben- efit from existing resources and at the same time contribute to the extension of linked-data. Similar to location information, for more specific information, local and application/domain specific ontologies can be used to describe detailed attributes more precisely.</region>
      </section>
      <section class="DoCO:Section">
        <h1 class="DoCO:SectionTitle" id="73" confidence="possible" page="7" column="1">4.4 Sensor specific attributes</h1>
        <region class="DoCO:TextChunk" id="82" page="7" column="1">Sensor data does not only consist of spatial, temporal and thematic features. The sensor as a device and the sensing process have also more specific attributes and features. In addition to providing links between sensor attributes and other resources, there are approaches to annotate and link sensor observation services 22 <ext-link ext-link-type="uri" href="http://www.w3.org/2005/Incubator/ssn/wiki/" id="74">http://www.w3.org/2005/Incubator/ssn/wiki/</ext-link><marker type="page" number="8"/><marker type="block"/> and also describe device dependent and process specific features of sensor data. In this context, Janowicz et al. [<xref ref-type="bibr" rid="R14" id="76" class="deo:Reference">14</xref>] describe a semantic enablement layer on top of the OGC SWE standards. Henson et al. [<xref ref-type="bibr" rid="R15" id="77" class="deo:Reference">15</xref>] discuss construction of a Semantic Sensor Observation Service based on the SWE standards. There are several approaches that provide ontology based description for more specific sensor data, for example [<xref ref-type="bibr" rid="R2" id="78" class="deo:Reference">2</xref>], [<xref ref-type="bibr" rid="R3" id="79" class="deo:Reference">3</xref>], [<xref ref-type="bibr" rid="R16" id="80" class="deo:Reference">16</xref>]. There are also other important issues such as registry, search and discovery of sensor descriptions and updates that are not in the scope of this paper. The SENSEI white-paper provides a review on some of these issues and discusses some possible solutions [<xref ref-type="bibr" rid="R17" id="81" class="deo:Reference">17</xref>].</region>
      </section>
      <section class="DoCO:Section">
        <h1 class="DoCO:SectionTitle" id="83" confidence="possible" page="8" column="1">4.5 Re-visiting linked-data principles to publish linked-sensor-data</h1>
        <region class="DoCO:TextChunk" id="95" page="8" column="1">The four main principle rules proposed by Berners-Lee [ <xref ref-type="bibr" rid="R8" id="84" class="deo:Reference">8</xref>] are not mandatory guidelines to publish linked-data; however, following these principles makes the linked-data easily and efficiently accessible to consumers on the Web of data. In this section we revisit the guidelines and discuss them for publishing linked- sensor-data.<marker type="block"/> URIs and Naming: Assigning URIs for sensor descriptions; each sensor has a unique URI that refers to its descriptions. The naming of sensors can follow similar conventions that are used for HTML pages or other resources on the current Web. The SENSEI project proposes a more specific guideline to define a Universal Resource Name (URN) for sensors. In SENSEI, the unique resource identifier includes administrative domains as the first part after the namespace identifier and then adds resource identifiers to the URN [<xref ref-type="bibr" rid="R17" id="86" class="deo:Reference">17</xref>]. The following phrase shows a sample URN using the SENSEI naming convention.<marker type="block"/> All resources in SENSEI are identified by a domain and the unique resource identifier is constructed using the domain name, sensor type and an internal unique identifier. We propose a similar approach for defining sensor identifiers; with a difference that in our linked-sensor-data the identifiers are defined as URIs.<marker type="block"/> Providing HTTP access: The linked-sensor-data can be made available through HTTP access by simply publishing descriptions as Web documents or in a more efficient way, as linked-data suggests, by providing SPARQL endpoints to query and access the data. Sensor observation and measurement data can also be made available through HTTP interfaces via sensor observation services. SWE Sensor Observation Service (SOS) [<xref ref-type="bibr" rid="R4" id="90" class="deo:Reference">4</xref>] defines a standard Web service interface for requesting, filtering, and retrieving observations and sensor system information. In [<xref ref-type="bibr" rid="R18" id="91" class="deo:Reference">18</xref>] a service oriented middleware architecture for providing HTTP access to sensor observation and measurement data is also discussed. In this paper our<marker type="page" number="9"/><marker type="block"/> main focus is providing HTTP access to sensor description data. We publish sensor descriptions as RDF data and provide SPARQL endpoints and standard interfaces to query and access this data. We also allow users to publish other RDF description associated to the sensors (i.e. sensor description according to other ontologies) and link it to the current descriptions. Details of publishing RDF sensor data are described in Section 5.<marker type="block"/> Providing meaningful descriptions: Sensor data can include RDF descriptions according to ontologies designed to represent sensor features and attributes. We propose a two layer sensor data annotation to provide sensor data annotations to link them to other resources. An RDF description captures basic attributes of a sensor (i.e. spatial and thematic data) and uses publicly available linked-data to create the links to other resources. The basic RDF representation of linked-sensor-data is discussed in more detail in Section 5.<marker type="block"/> Linking to other URI’s: To describe sensor data using the basic sensor ontology, the terminology (wherever it is applicable) can be chosen from publicly available linked-data. This enables construction of sensor descriptions that are already linked to other resources based on different features. We also propose using local ontologies and vocabularies to provide more specific descriptions and also allow users to add and associate existing RDF data, according to other ontologies, to the current sensor descriptions. Including all this data and publishing it as linked RDF data creates a set of resources that some of their attributes are already described using other Web resources. This allows browsing and accessing more information by referring to different attributes. It also establishes a link between other RDF descriptions of the sensor data and the high-level concepts that are defined as their property values.</region>
        <region class="unknown" id="88" page="8" column="1">urn:sensei:surrey.ac.uk:TeloSBSensorTS1: Temperature:SampleRate:3223a-86bca-0123-e123</region>
      </section>
      <section class="DoCO:Section">
        <h1 class="DoCO:SectionTitle" id="96" page="9" column="1">5 Linked-sensor-data Platform</h1>
        <region class="DoCO:TextChunk" id="130" page="9" column="1">Sense2Web provides a platform to publish linked-sensor-data according to the four main principles discussed in the previous section. It enables users to publish their sensor description data as RDF triples, associate any other existing RDF sensor description data, link to the existing resources on publicly available linked-data repositories and make it available for linked-data consumers through SPARQL endpoints. <xref ref-type="fig" rid="F2" id="97" class="deo:Reference">Figure 2</xref> shows the user interface to publish a new sensor description. We use Jena API [<xref ref-type="bibr" rid="R19" id="98" class="deo:Reference">19</xref>] to query DBpedia and other resources to obtain values for location, type and descriptive properties. We query the linked-data resources and serialise the results using AJAX technology [<xref ref-type="bibr" rid="R20" id="99" class="deo:Reference">20</xref>] directly to the page; so user can type a keyword and obtain relevant suggestion from on-line repositories. <xref ref-type="fig" rid="F3" id="100" class="deo:Reference">Figure 3</xref> shows suggestions from DBpedia for a sample query, ”‘Guildford”’ as a place.<marker type="page" number="10"/><marker type="block"/> The submitted variables are stored in XML format and Extensible Stylesheet Language Transformations (XSLT) 23 is used to transform the submitted data to RDF form. This makes generation of RDF data flexible and independent. We construct the RDF data according to a basic RDF structure that captures main properties of sensor data and link it to other RDF files that provide more specific properties according to common sensor ontologies. However, by using a different stylesheet data can be transformed to another format or other namespaces based on different applications and requirements. It should be noted that the properties identified in main Sense2Web RDF descriptions are neither complete nor fixed. The system includes primary attributes to demonstrate the feasibility of publishing linked-sensor-data and it can be extended to include more specific attributes to describe sensor data. The following shows a fragment of an XSL stylesheet designed for constructing the RDF data.<marker type="page" number="11"/><marker type="block"/> The following demonstrates a fragment of an RDF instance that is constructed from user submitted data using the XSL stylesheet.<marker type="page" number="12"/><marker type="block"/> We use SDB 24 a SPARQL database for Jena to store the triples. To provide SPARQL endpoints we use an open source SPARQL server for Jena called Joseki 25 . We have also implemented interfaces that enable users to obtain the query results in a different format such as XML, RDF and SPARQL protocol format 26 . The following demonstrates a fragment of results of a sample published resource in SPARQL protocol format.<marker type="page" number="13"/><marker type="block"/>  <xref ref-type="fig" rid="F4" id="129" class="deo:Reference">Figure 4</xref> shows the main components of Sense2Web platform and the interfaces to access the system.</region>
        <region class="DoCO:FigureBox" id="F2">
          <image class="DoCO:Figure" src="fe.page_010.image_02.png" thmb="fe.page_010.image_02-thumb.png"/>
          <caption class="deo:Caption" id="103" page="10" column="1">Fig. 2. Sensor data publication interface</caption>
        </region>
        <region class="unknown" id="110" page="10" column="1">&lt;?xml version=’1.0’?&gt; &lt;xsl:stylesheet version="1.0" xmlns:xsl="<ext-link ext-link-type="uri" href="http://www.w3.org/1999/XSL/Transform" id="105">http://www.w3.org/1999/XSL/Transform</ext-link>"&gt; &lt;xsl:template match="/"&gt; &lt;rdf:RDF xmlns:rdf="<ext-link ext-link-type="uri" href="http://www.w3.org/1999/02/22-rdf-syntax-ns" id="106">http://www.w3.org/1999/02/22-rdf-syntax-ns</ext-link>#" ... xmlns:dbpedia="<ext-link ext-link-type="uri" href="http://dbpedia.org/property/" id="107">http://dbpedia.org/property/</ext-link>"&gt; &lt;rdf:Description&gt; &lt;xsl:attribute name="rdf:about"&gt; <ext-link ext-link-type="uri" href="http://ee.surrey.ac.uk/ccsr/sensei/simplesensor" id="108">http://ee.surrey.ac.uk/ccsr/sensei/simplesensor</ext-link># 23 <ext-link ext-link-type="uri" href="http://www.w3.org/TR/xslt20/" id="109">http://www.w3.org/TR/xslt20/</ext-link></region>
        <region class="unknown" id="111" page="11" column="1">&lt;xsl:value-of select="sensors/sensor/id"/&gt; &lt;/xsl:attribute&gt; &lt;rdfs:label&gt; &lt;xsl:value-of select="sensors/sensor/id"/&gt; &lt;/rdfs:label&gt; &lt;simplesensor:hasDBPediaLocation&gt; &lt;xsl:value-of select="sensors/sensor /locationList"/&gt; &lt;/simplesensor:hasDBPediaLocation&gt; ... &lt;/rdf:Description&gt; &lt;/rdf:RDF&gt; &lt;/xsl:template&gt; &lt;/xsl:stylesheet&gt;</region>
        <region class="DoCO:FigureBox" id="F3">
          <image class="DoCO:Figure" src="fe.page_011.image_03.png" thmb="fe.page_011.image_03-thumb.png"/>
          <caption class="deo:Caption" id="113" page="11" column="1">Fig. 3. Resource suggestions from DBpedia for a sample keyword</caption>
        </region>
        <region class="unknown" id="118" page="11" column="1">&lt;?xml version="1.0" encoding="UTF-8"?&gt; &lt;rdf:RDF xmlns:rdf="<ext-link ext-link-type="uri" href="http://www.w3.org/1999/02/22-rdf-syntax-ns" id="115">http://www.w3.org/1999/02/22-rdf-syntax-ns</ext-link>#" xmlns:dbpedia="<ext-link ext-link-type="uri" href="http://dbpedia.org/property/" id="116">http://dbpedia.org/property/</ext-link>" ... &lt;rdf:Description rdf:about= "<ext-link ext-link-type="uri" href="http://ee.surrey.ac.uk/ccsr/sensei/simplesensor" id="117">http://ee.surrey.ac.uk/ccsr/sensei/simplesensor</ext-link>#3223a-86bca-0123-e123"&gt; &lt;rdfs:label&gt;3223a-86bca-0123-e123&lt;/rdfs:label&gt;</region>
        <region class="unknown" id="119" page="12" column="1">... &lt;/rdf:Description&gt; &lt;/rdf:RDF&gt;</region>
        <region class="DoCO:FigureBox" id="F4">
          <image class="DoCO:Figure" src="fe.page_012.image_04.png" thmb="fe.page_012.image_04-thumb.png"/>
          <caption class="deo:Caption" id="121" page="12" column="1">Fig. 4. Main components in Sense2Web</caption>
        </region>
        <region class="unknown" id="126" page="12" column="1">&lt;sparql&gt; &lt;head&gt; &lt;variable name="property"/&gt; &lt;variable name="value"/&gt; &lt;/head&gt; &lt;results&gt; &lt;result&gt; &lt;binding name="property"&gt; 24 <ext-link ext-link-type="uri" href="http://openjena.org/SDB/" id="123">http://openjena.org/SDB/</ext-link> 25 <ext-link ext-link-type="uri" href="http://joseki.sourceforge.net/" id="124">http://joseki.sourceforge.net/</ext-link> 26 <ext-link ext-link-type="uri" href="http://www.w3.org/TR/rdf-sparql-protocol/" id="125">http://www.w3.org/TR/rdf-sparql-protocol/</ext-link></region>
        <region class="unknown" id="128" page="13" column="1"> &lt;uri&gt;<ext-link ext-link-type="uri" href="http://www.w3.org/2000/01/rdf-schema" id="127">http://www.w3.org/2000/01/rdf-schema</ext-link>#label&lt;/uri&gt; &lt;/binding&gt; &lt;binding name="value"&gt; &lt;literal&gt;3223a-86bca-0123-e123&lt;/literal&gt; &lt;/binding&gt; &lt;/result&gt; &lt;result&gt; ... &lt;/sparql&gt;</region>
        <region class="DoCO:FigureBox" id="F5">
          <image class="DoCO:Figure" src="fe.page_013.image_05.png" thmb="fe.page_013.image_05-thumb.png"/>
          <caption class="deo:Caption" id="132" page="13" column="1">Fig. 5. Related data for a sample resource (i.e. ”‘Guildford”’) from DBpedia</caption>
        </region>
      </section>
      <section class="DoCO:Section">
        <h1 class="DoCO:SectionTitle" id="133" confidence="possible" page="13" column="1">5.1 Mash-up Application</h1>
        <region class="DoCO:TextChunk" id="140" page="13" column="1">To demonstrate the linked-data usage and integration of data from different sources we have created a mash-up application using Google Maps API 27 . For this application we use the location attribute and retrieve geographical coor- dinates of the resources from linked-data. The application then retrieves other related properties of the resources from the linked-sensor-data interface and lists available sensors and their properties through a Google Maps application. In the current demo, we only retrieve published properties and show them in a 27 <ext-link ext-link-type="uri" href="http://code.google.com/apis/maps/" id="134">http://code.google.com/apis/maps/</ext-link><marker type="page" number="14"/><marker type="block"/> map overlay. This can be extended to discovering other related resources such as nearby locations, districts and other related information available through browsing different links. <xref ref-type="fig" rid="F5" id="138" class="deo:Reference">Figure 5</xref> shows some of the related data available for our sample query (”‘Guildford”’) from DBpedia. <xref ref-type="fig" rid="F6" id="139" class="deo:Reference">Figure 6</xref> demonstrates the application and shows available information for a sample published sensor. In our sample, we create links between high-level description of sensor data, type and keyword descriptions. In fact, if more public semantic data is available, then more properties of sensor description can be linked to other resources. This will require more common ontologies to describe sensor types, sensor platforms, sensor measurement attributes, sensor devices, etc.</region>
        <region class="DoCO:FigureBox" id="F6">
          <image class="DoCO:Figure" src="fe.page_014.image_06.png" thmb="fe.page_014.image_06-thumb.png"/>
          <caption class="deo:Caption" id="137" page="14" column="1">Fig. 6. A sample mash-up application</caption>
        </region>
      </section>
      <section class="deo:Conclusion">
        <h1 class="DoCO:SectionTitle" id="141" page="14" column="1">6 Conclusions and Future Work</h1>
        <region class="DoCO:TextChunk" id="143" page="14" column="1">This paper discusses creating linked data from sensor data and in particular providing sensor descriptions and associating their attributes to resources on the Web. We describe our platform and discuss how existing linked data resources are used to create linked sensor data. The underlying sensor descriptions are <marker type="page" number="15"/><marker type="block"/> constructed using XML data from user annotations. We use stylesheets to transform the annotation data to different designated sensor description formats such as W3C SSN ontology or SENSEI ontology representations. The paper describes our ongoing work and the implemented prototype demonstrates the idea of using semantic Web technologies and link data principles to connect sensor data to other existing resources on the Web of Data. An example access and exploitation scenario for the constructed linked sensor data platform is also described using a mash-up application. The future work will focus on adding and testing different sensor platforms to the system, including observation and measurement data, providing sensor and service discovery mechanisms and evaluating scalability of the platform.</region>
      </section>
      <section class="deo:Acknowledgements">
        <h1 class="DoCO:SectionTitle" id="144" confidence="possible" page="15" column="1">Acknowledgements</h1>
        <region class="DoCO:TextChunk" id="145" page="15" column="1">Payam Barnaghi and Klaus Moessner’s work is supported by the SENSEI project, Integrating the Physical with the Digital World of the Network of the Future (www.sensei-project.eu). SENSEI is a Large Scale Collaborative Project supported by the European 7th Framework Programme, contract number: 215923.</region>
      </section>
      <section class="DoCO:Bibliography">
        <h1 class="DoCO:SectionTitle" id="146" page="15" column="1">References</h1>
        <ref-list class="DoCO:BiblioGraphicReferenceList">
          <ref rid="R1" class="deo:BibliographicReference" id="147" page="15" column="1">1. J.-H. Kim, H. Kwon, D.-H. Kim, H.-Y. Kwak, and S.-J. Lee, “Building a service- oriented ontology for wireless sensor networks,” Computer and Information Sci- ence, 2008. ICIS 08. Seventh IEEE/ACIS International Conference on, pp. 649– 654, May 2008.</ref>
          <ref rid="R2" class="deo:BibliographicReference" id="148" page="15" column="1">2. D. Russomanno, C. Kothari, and O. Thomas, “Sensor ontologies: from shallow to deep models,” System Theory, 2005. SSST ’05. Proceedings of the Thirty-Seventh Southeastern Symposium on, pp. 107–112, March 2005.</ref>
          <ref rid="R3" class="deo:BibliographicReference" id="149" page="15" column="1">3. M. Eid, R. Liscano, and A. El Saddik, “A universal ontology for sensor networks data,” Computational Intelligence for Measurement Systems and Applications, 2007. CIMSA 2007. IEEE International Conference on, pp. 59–62, June 2007.</ref>
          <ref rid="R4" class="deo:BibliographicReference" id="151" page="15" column="1">4. M. Botts, G. Percivall, C. Reed, and J. Davidson, 2008, oGC Sensor Web Enablement: Overview and High Level Architecture, The Open Geospatial Consortium, <ext-link ext-link-type="uri" href="http://portal.opengeospatial.org/files/?artifact" id="150">http://portal.opengeospatial.org/files/?artifact</ext-link> id=25562.</ref>
          <ref rid="R5" class="deo:BibliographicReference" id="152" page="15" column="1">5. M. Hauswirth and S. Decker, “Semantic reality - connecting the real and the virtual world,” Microsoft SemGrail Workshop, pp. 21–22, June 2007.</ref>
          <ref rid="R6" class="deo:BibliographicReference" id="153" page="15" column="1">6. A. Sheth, C. Henson, and S. Sahoo, “Semantic sensor web,” Internet Computing, IEEE, vol. 12, no. 4, pp. 78–83, July-Aug. 2008.</ref>
          <ref rid="R7" class="deo:BibliographicReference" id="154" page="15" column="1">7. S. Decker and M. Hauswirth, “Enabling networked knowledge,” in CIA ’08: Proceedings of the 12th international workshop on Cooperative Information Agents XII. Berlin, Heidelberg: Springer-Verlag, 2008, pp. 1–15.</ref>
          <ref rid="R8" class="deo:BibliographicReference" id="156" page="15" column="1">8. T. Berners-Lee, “Linked data,” 2006, <ext-link ext-link-type="uri" href="http://www.w3.org/DesignIssues/" id="155">http://www.w3.org/DesignIssues/</ext-link> LinkedData.html.</ref>
          <ref rid="R9" class="deo:BibliographicReference" id="157" page="15" column="1">9. C. Bizer, T. Heath, K. Idehen, and T. Berners-Lee, “Linked data on the web (ldow2008),” in WWW ’08: Proceeding of the 17th international conference on World Wide Web. New York, NY, USA: ACM, 2008, pp. 1265–1266.</ref>
          <ref rid="R10" class="deo:BibliographicReference" id="158" page="16" column="1">10. J. Sheridan and J. Tennison, “Linking uk government data,” in WWW2010 work- shop:Linked Data on the Web (LDOW2010). ACM, 2010.</ref>
          <ref rid="R11" class="deo:BibliographicReference" id="159" page="16" column="1">11. W. Wei and P. Barnaghi, “Semantic annotation and reasoning for sensor data,” in EuroSSC’09: Proceedings of the 4th European conference on Smart sensing and context. Berlin, Heidelberg: Springer-Verlag, 2009, pp. 66–76.</ref>
          <ref rid="R12" class="deo:BibliographicReference" id="160" page="16" column="1">12. H. Patni, C. Henson, and A. Sheth, “Linked sensor data,” may. 2010, pp. 362 –370.</ref>
          <ref rid="R13" class="deo:BibliographicReference" id="161" page="16" column="1">13. C. Villalonga, M. Bauer, V. Huang, J. Bernat, and P. Barnaghi, “Modeling of sensor data and context for the real world internet,” in 7th IEEE Workshop on Context Modeling and Reasoning (CoMoRea) at the 8th IEEE International Conference on Pervasive Computing and Communication (PerCom’10). IEEE, 2010.</ref>
          <ref rid="R14" class="deo:BibliographicReference" id="162" page="16" column="1">14. K. Janowicz, S. Schade, A. Broring, C. Kessler, and C. Stasch, A Transparent Semantic Enablement Layer for the Geospatial Web, 2009.</ref>
          <ref rid="R15" class="deo:BibliographicReference" id="164" page="16" column="1">15. C. A. Henson, J. K. Pschorr, A. P. Sheth, and K. Thirunarayan, “Semsos: Semantic sensor observation service,” Collaborative Technologies and Systems, International Symposium on, vol. 0, pp. 44–53, 2009. [Online]. Available: <ext-link ext-link-type="uri" href="http://dx.doi.org/10.1109/CTS.2009.5067461" id="163">http://dx.doi.org/10.1109/CTS.2009.5067461</ext-link></ref>
          <ref rid="R16" class="deo:BibliographicReference" id="165" page="16" column="1">16. H. Neuhaus and M. Compton, “The semantic sensor network ontology: A generic language to describe sensor assets,” in AGILE 2009 Pre-Conference Workshop Challenges in Geospatial Data Harmonisation, 2009.</ref>
          <ref rid="R17" class="deo:BibliographicReference" id="167" page="16" column="1">17. “Sensei project, the sensei real world internet architecture, white-paper,” 2010, <ext-link ext-link-type="uri" href="http://www.sensei-project.eu/." id="166">http://www.sensei-project.eu/.</ext-link></ref>
          <ref rid="R18" class="deo:BibliographicReference" id="168" page="16" column="1">18. H. Abangar, P. Barnaghi, K. Moessner, R. Tafazolli, A. Nnaemego, and K. Bal- askandan, “A service oriented middleware architecture for wireless sensor networks,” in Future Network and Mobile Summit 2010, 2010.</ref>
          <ref rid="R19" class="deo:BibliographicReference" id="170" page="16" column="1">19. Jena, 2008, jena, A Semantic Web Framework for Java, <ext-link ext-link-type="uri" href="http://jena.sourceforge" id="169">http://jena.sourceforge</ext-link>. net/.</ref>
          <ref rid="R20" class="deo:BibliographicReference" id="172" page="16" column="1">20. J. J. Garrett, “Ajax: A new approach to web applications,” 2005, <ext-link ext-link-type="uri" href="http://www" id="171">http://www</ext-link>. adaptivepath.com/ideas/essays/archives/000385.php.</ref>
        </ref-list>
      </section>
    </body>
  </article>
</pdfx>
