<?xml version='1.0' encoding='UTF-8'?>
<pdfx xmlns:xsi="http://www.w3.org/2001/XMLSchema-instance" xsi:noNamespaceSchemaLocation="http://pdfx.cs.man.ac.uk/static/article-schema.xsd">
  <meta>
    <job>117050a41f0e26bffde797b559aa96df1151ba7e8d141c0426a468a98042f055</job>
    <base_name>ff</base_name>
    <doi>http://dx.doi.org/10.1007/978-3-642-36356-6_11</doi>
    <warning>Name identification was not possible. </warning>
  </meta>
  <article>
    <front class="DoCO:FrontMatter">
      <title-group>
        <article-title class="DoCO:Title" id="1">Open semantic service networks</article-title>
      </title-group>
      <region class="DoCO:TextChunk" id="6" confidence="possible">Jorge Cardoso 1 , Carlos Pedrinaci 2 , Torsten Leidig 3 , Paulo Rupino 1 , Pieter De Leenheer 4 1 Dept. Engenharia Informatica/CISUC University of Coimbra, Coimbra, Portugal <email id="2">{jcardoso|rupino}@dei.uc.pt</email> 2 Knowledge Media Institute, The Open University Milton Keynes, MK7 6AA, UK <email id="3">c.pedrinaci@open.ac.uk</email> 3 SAP Research Vincenz-Prießnitz-Str. 1, 76131 Karlsruhe, Germany <email id="4">torsten.leidig@sap.com</email> 4 Dept. Computer Science, VU University Amsterdam De Boelelaan 1081a, 1081HV Amsterdam, The Netherlands Collibra nv/sa Ransbeekstraat 230, 1120 Brussels 12, Belgium <email id="5">pieter.de.leenheer@vu.nl</email></region>
      <abstract class="DoCO:Abstract" id="7">Abstract: Online service marketplaces will soon be part of the economy to scale the provision of specialized multi-party services through automation and standardization. Current research, such as the *-USDL service description language family, is already defining the basic building blocks to model the next generation of business services. Nonetheless, the developments being made do not target to interconnect services via service relationships. Without the concept of relationship, marketplaces will be seen as mere functional silos containing service descriptions. Yet, in real economies, all services are related and connected. Therefore, to address this gap we introduce the concept of open semantic service network (OSSN), concerned with the establishment of rich relationships between services. These networks will provide valuable knowledge on the global service economy, which can be exploited for many socio-economic and scientific purposes such as service network analysis, management, and control.</abstract>
    </front>
    <body class="DoCO:BodyMatter">
      <section class="deo:Introduction">
        <h1 class="DoCO:SectionTitle" id="8" page="1" column="1">1 Introduction</h1>
      </section>
      <region class="DoCO:TextChunk" id="20" page="1" column="1">In recent years, services have generated a tremendous interest and uptake by researchers and by the industry. Robert Morris, Vice-President of Service Research at IBM, presented a keynote at the SRII 2011 Global Conference clearly stating ’that the future is moving to services; services are becoming compulsory and will take over the economy’. Extensive research has been done on services from a sales, communications and business models perspective (e.g. [ZBG08]), a <marker type="page" number="2"/><marker type="block"/> software and IT perspective (e.g. [Erl05, CM12]), and a design perspective (e.g. [NRJK08]). As also observed by Chesbrough and Spohrer [CS06], "the abundance of information about people, technological artifacts and organizations has never been greater, nor the opportunity to configure them meaningfully into service relationships that create new value". To realize this new form of value co-creation, the authors highlight the enabling role of Information and Communication Technologies (ICT), and service management, design and engineering. As a next logical step, current developments are targeting the computer-understandable description of business services using comprehensive languages such as *-USDL (the Unified Service Description Language)[<xref ref-type="bibr" rid="R8" id="11" class="deo:Reference">CBMK10</xref>, <xref ref-type="bibr" rid="R7" id="12" class="deo:Reference">BO12</xref>]. Three versions of USDL 123 are available and vary in completeness and expressiveness. In the near future, these languages will allow to formalize business services and service systems in such a way that they can be used effectively for dynamic service outsourcing, efficient SaaS trading, and automatic service contract negotiation. For example, Linked-USDL builds on Linked Data principles to ensure that service descriptions are published in a way that they can be exploited ’easily’ in distributed and heterogeneous environments. Other influential efforts to better understand real-world services include the e 3 * approaches. E 3 value [<xref ref-type="bibr" rid="R1" id="13" class="deo:Reference">ABG + 04</xref>] is a set of ontologies and methodology for analyzing the viability of e-business models. E 3 service [RZDLGA12] enables an interactive composition of multiparty service networks based on e 3 value-ontologies. Current work targets the description of services which will be publicized on standalone marketplaces [CR11] and corporate Web sites. As a result, services will live in silos and it will not be possible to construct computer-understandable network models mirroring global service networks. Complementary, disjoint, equivalent, dependent, related, and similar services will exist on a number of online marketplaces without being related in any way. For the concept of service network to be materialized, the notion of open and rich service relationship needs to be explored and, afterward, the dynamic (re)creation and analysis of service networks needs to be supported by appropriate IT mechanisms. This analysis can be used to reason on a wide spectrum of data such as transactions, service descriptions, dynamic changes in services offer and demand, and service-service and agent-agent relationships. An equally important area of research is related to studying the interactions enabled by relationships and how these interactions can be analyzed for measuring social trust. This takes a special relevance since in service-dominant contexts services are a result of co-creation between all parties including providers and consumers. Vargo et al. [VL04], and others, have also perceived that we are moving into a service-dominant society. Nonetheless, our knowledge on how global service networks operate is reduced and comes mainly from the field of supply chain management. In this paper, we focus on the particularly challenging task of constructing open semantic service networks (OSSN) by accessing, retrieving, and combining information from service and relationship models globally distributed. Services, relationships and service networks are said to be open when their models are transparently available and accessible by external entities 4 and follow an open world assumption. This represents one of the core principles of the Semantic Web and enables the dynamic addition of new service facts to a knowledge base at any point in time. In logic, 1 α-USDL = <ext-link ext-link-type="uri" href="http://www.genssiz.org/research/service-modeling/alpha-usdl/" id="14">http://www.genssiz.org/research/service-modeling/alpha-usdl/</ext-link> 2 USDL = <ext-link ext-link-type="uri" href="http://www.w3.org/2005/Incubator/usdl/" id="15">http://www.w3.org/2005/Incubator/usdl/</ext-link> 3 Linked-USDL = <ext-link ext-link-type="uri" href="http://linked-usdl.org/" id="16">http://linked-usdl.org/</ext-link> 4 See the definition for the concept open at <ext-link ext-link-type="uri" href="http://opendefinition.org/" id="17">http://opendefinition.org/</ext-link><marker type="page" number="3"/><marker type="block"/> this principle states that if a fact is not present in the knowledge base then its truth-value is unknown. Networks are said to be semantic since service and relationship models can be represented by using shared models, common vocabularies, and semantic Web theories and technologies. The ability to construct service networks is the most basic requirement to understand the dynamics of global service-based economies. However, currently available techniques fall short of providing workable solutions as they are unable to deal with the establishment of open and rich relationships between services. We take the challenge of developing a novel perspective on the global economy by connecting service models representing open business services (e.g. consulting, e-governmental, SaaS and educational services) typically provisioned by commercial companies and governmental agencies. The difficulties which we face in doing so differ significantly from those tackled by prior work in global distributed information integration and large scale systems. Compared to previous work in Service-Oriented Architecture (SOA), we target the study of business services which goes beyond the analysis of Web services (e.g. WSDL, SOAP, and REST) in complexity. Furthermore, SOA generally relies on top-down and BPM (Business Process Management) strategies to develop process models. We take a totally different approach: we follow a self-governing and bottom- up approach which generates network models by using relationships instead of using temporal and control-flow connectors. We will address the challenges by using exploratory techniques for overcoming hidden service information and semantic heterogeneity including:</region>
      <outsider class="DoCO:TextBox" type="page_nr" id="10" page="1" column="1">1</outsider>
      <outsider class="DoCO:TextBox" type="page_nr" id="19" page="2" column="1">2</outsider>
      <section class="DoCO:Section">
        <h1 class="DoCO:SectionTitle" id="21" confidence="possible" page="3" column="1">Modeling.</h1>
        <region class="unknown" id="22" page="3" column="1">1. One of the first requirements is to be able to model services and relationships articulated by service networks. The model needs to be comprehensive and include all the important concepts that describe the internal and external structure of service systems.</region>
      </section>
      <section class="DoCO:Section">
        <h1 class="DoCO:SectionTitle" id="23" confidence="possible" page="3" column="1">Integration.</h1>
        <region class="unknown" id="24" page="3" column="1">2. To enable a global scale harvesting of knowledge on services, service relationships and service networks, models need to be open and machine understandable. The field of semantic Web can bring important contributions to address this requirement.</region>
      </section>
      <section class="DoCO:Section">
        <h1 class="DoCO:SectionTitle" id="25" confidence="possible" page="3" column="1">Access and storage.</h1>
        <region class="unknown" id="26" page="3" column="1">3. The number of service and relationship models which can potentially be available at any given time in the cloud is overwhelming. Only the use of scalable and massively parallel algorithms and platforms can access and create up-to-date data structures which mirror and account for the dynamic nature of global service networked economies. Afterwards, network mining, optimization, and reasoning will come into play.</region>
        <region class="DoCO:TextChunk" id="27" page="3" column="1">This paper is structured as follows. In the next section we provide a motivation scenario for the importance of constructing global service networks. Section 3 provides a literature review in this emerging field of science. Section 4 provides the seven design principles to follow when (re)creating OSSN. Section 5 presents an approach that can both maximize the usage of available service information and enable the location of related services in online marketplaces. Our solution involves four research activities: 1) identification of a suitable schema, language, or ontology to model services, 2) creation of an open and rich model to represent relationships between service models, 3) populate service and relationship models, and 4) development of an infrastructure to query and access distributed service models, and dynamically construct global service networks. Section 6 illustrates the value of OSSN in the context of the FI-WARE project. Section 7 is the conclusion.</region>
        <outsider class="DoCO:TextBox" type="page_nr" id="28" page="3" column="1">3</outsider>
        <region class="unknown" id="29" page="4" column="1">corporate web site procurement system service service network service marketplace business relationship</region>
        <region class="DoCO:FigureBox" id="F1">
          <caption class="deo:Caption" id="30" page="4" column="1">Figure 1: Services, service relationships, and service networks</caption>
        </region>
      </section>
      <section class="deo:Motivation">
        <h1 class="DoCO:SectionTitle" id="31" page="4" column="1">2 Motivation</h1>
        <region class="DoCO:TextChunk" id="35" page="4" column="1">A service network can be defined as a business structure made up of services which are nodes connected by one or more specific types of relationships. <xref ref-type="fig" rid="F1" id="32" class="deo:Reference">Figure 1</xref> shows the main elements of service networks and their environment. Services are illustrated by using nodes. Relationships are illustrated with edges and represent the transfer of goods, revenue, knowledge, and intangible benefits [All00]. Both the relationships and the nodes are “heavy” with resources, complex process models, interactions between stakeholders, knowledge and understanding in many different forms [HF02]. Let us consider the networked economy by looking into a specific class of service networks: financial service networks. Today’s financial networks are highly interrelated and interdependent. Any disorders that occur in one service of the network may create consequences in other services of the network. For example, in 2008, the economic problems initiated a chain reaction that started in the U.S. and caused problems in European markets and took almost Iceland to bankruptcy. Leading financial services closed (e.g. Lehman Brothers investment bank), others merged, and yet new services were created. The configuration and topology of financial service networks changed as a reaction mechanism. The disaster was a surprise for most people, but local information to each financial institution and financial service was available and could have been utilized to anticipate the catastrophe. Unfortunately, the information was not accessible to regulators. Now consider that governments had the technology and legal power to force financial institutions to describe all their financial services using machine-understandable standard description models (e.g. *-USDL). Using this approach, all the services and their descriptions would be remotely accessible to regulation bodies. Consider also that financial institutions had to indicate to which services provided by other institutions their own services established relationships with. In other words, if bank A provides loaning or consulting services to bank B, this information is also described using machine-understandable standard description models and is remotely accessible to regulators. In such a scenario, regulation bodies could at any time access and retrieve service<marker type="page" number="5"/><marker type="block"/> and relationship models to (re)construct financial service networks. Afterwards, the querying and analysis of the network would enable to identify financial network’s vulnerable services to protect the functionality of the network. Conflicts of interests, suspicious relationships, unlawful practices, and patterns indicating monopolies or oligopolies could be identified and trigger legal investigations to later execute reparative actions if necessary. In a related scenario targeting consumers, financial institutions can use online marketplaces to advertise their financial services. Service marketplaces offer a practical one-stop shopping place. In this case, the development of the concept of OSSN enables consumers to better perceive the nature of the services they can acquire by understanding how they interact and relate with other services of the networked economy. A network can contrast two services with respect to potential conflicts of interests, their trust, or their position in the market (e.g. competitor or complementor). The work presented in this paper describes the current research steps we have already made to bring these scenarios to life. For example, the family of *-USDL languages we have already developed to describe business services is explained in Section 5.1. We also depict the activities which still need to be taken in the following phases of our research project. An example of an activity is populating service and relationship models with instances which is explained in Section 5.3.</region>
        <outsider class="DoCO:TextBox" type="page_nr" id="34" page="4" column="1">4</outsider>
      </section>
      <section class="DoCO:Section">
        <h1 class="DoCO:SectionTitle" id="36" page="5" column="1">3 Literature review</h1>
        <region class="DoCO:TextChunk" id="37" page="5" column="1">In the field of services and composing services, research has been mainly done from a technical perspective by aggregating software-driven services (see [Erl05]). The goal of the research con- ducted was not to model service networks as the integration of economic activities, but to model the technical interfaces that need to be in place for information systems to operate in heterogeneous environments. The research carried out was from a software and IT perspective and can be classified into three categories:</region>
        <region class="DoCO:TextChunk" id="38" confidence="possible" page="5" column="1">• Service descriptions (e.g. WSDL, SAWSDL, OWL-S, and WSMO) bring various ways to describe services’ interfaces using schema, models and semantics. • Service architectures (e.g. SOA and SoaML) look into the organization of software-based services, how they are connected, and what service information is exchanged between consumers and providers. • Process models (e.g. BPEL, BPMN, WS-CDL, and SOPHIE) use choreographies, control- flow elements, events, and temporal dependencies (e.g. S b is executed after S a ) to define the valid sequences for the invocation of services.</region>
        <region class="DoCO:TextChunk" id="50" page="5" column="1">When compared to previous work, research on open semantic service networks brings three new main challenging aspects to explore: (1) Service descriptions go beyond the simple description of technical interfaces specified with operations and data types (e.g. WSDL). When analyzing services as business activities, legal aspects, pricing models, marketing strategies, and quality levels need to be described. Descriptions are complex, domain dependent (e.g. healthcare, telecommunications, and energy) and aggregate, structure and configure people, resources, and information <marker type="page" number="6"/><marker type="block"/> to create new value for consumers (see [<xref ref-type="bibr" rid="R5" id="41" class="deo:Reference">BGO04</xref>]). (2) Service architectures (e.g. SoaML) are no longer confined to one or a few organizations sharing services and processes, they are open and large-scale. This means that it is not possible to assume that all existing services are known in advance when designing an architecture. Architectures are the result of a self-emerging be- havior. Furthermore, OSSN are large-scale since they can involve thousands services that span worldwide, they are created autonomously, and using a bottom-up approach without a central managing entity. (3) In contrast to process models (e.g. BPEL), the main objective of OSSN is not to use control-flow elements and temporal dependencies to articulate the execution of services. OSSN capture the relationships that services – as economical activities – establish with other services. There is a shift from an execution perspective to a relationship perspective. OSSN capture how business services are related to each other in networked economies. If we understand how services evolve as complex systems and understand the type of relationships that are established in evolving and dying service networks, our knowledge on digital service-based economies will advance significantly. On the other hand, the work from the business research field has mainly provided conceptual models for business networks which are often described in natural language (see [<xref ref-type="bibr" rid="R29" id="42" class="deo:Reference">WV01</xref>, <xref ref-type="bibr" rid="R11" id="43" class="deo:Reference">CR02</xref>, <xref ref-type="bibr" rid="R4" id="44" class="deo:Reference">App01</xref>, <xref ref-type="bibr" rid="R27" id="45" class="deo:Reference">TLT00</xref>, <xref ref-type="bibr" rid="R22" id="46" class="deo:Reference">Par99</xref>]). They are not open, machine-readable or semantically described, and, therefore, do not constitute a solution for large scale service network analysis. A number of researchers worked on formalizing business models. For example, Weiner and Weisbecker [<xref ref-type="bibr" rid="R30" id="47" class="deo:Reference">WW11</xref>] describe a set of models addressing value networks, market interfaces, products and services, and financial aspects. Osterwalder et al. [<xref ref-type="bibr" rid="R21" id="48" class="deo:Reference">OPC10</xref>] presented the business model canvas, a simple conceptual model and graphical tool for sketching business models. Nonetheless, most business modeling approaches, including e 3 value [<xref ref-type="bibr" rid="R1" id="49" class="deo:Reference">ABG + 04</xref>], fail to adhere to service-dominant logic and focus too much inward the company instead of the network they belong to. Compared to other approaches, such as e 3 value and e 3 service, our aim is not to develop a communication tool for the manual analysis of well-known and established networks. Instead, we seek the global and automatic re(construction) of possibly unknown service networks to enable the large scale processing of service information. Collaborative networks [ACM05] have studied how partners can dynamically form networks to, for example, support virtual organizations. The major challenges which have still to be addressed include the selection of potential partners in an open universe and the acquisition of profile information about organizations. Our work can provide insights on how these two requirements can be satisfied using semantics, open models, and distributed data. In the other hand, our work can also benefit from the progresses made in the field of collaborative networks on the development of relationships among partners, governing rules and principles for network participation.</region>
        <outsider class="DoCO:TextBox" type="page_nr" id="40" page="5" column="1">5</outsider>
      </section>
      <section class="DoCO:Section">
        <h1 class="DoCO:SectionTitle" id="51" page="6" column="1">4 Seven design principles of OSSN</h1>
        <region class="DoCO:TextChunk" id="52" page="6" column="1">Open semantic service networks are structures created with the objective to sustain and power the digital representation, modeling and reasoning about business service networks. This overarch- ing objective requires underlying assumptions and normative rules. Therefore, an OSSN and its construction are based on the following seven design principles:</region>
        <outsider class="DoCO:TextBox" type="page_nr" id="53" page="6" column="1">6</outsider>
        <region class="DoCO:TextChunk" id="54" confidence="possible" page="7" column="1">• Service versus Web service – A business, or real world, service is a system which aggregates, structures and configures people, resources, and information to create new value for consumers. On the other hand, a Web service is a computational entity and software artifact which is able to be invoked remotely to achieve a user goal. OSSNs encompass the former. • Social process – The (re)construction of OSSNs is the result of a peer-to-peer social process. Firms, groups and individuals (i.e. the community) are equal participants which freely cooperate to provide information on services and their relationships to ultimately create a unique global, large-scale service network. • Self-governance – OSSNs are the common good which the community tries to create by using forms of decision-making and autonomy that are widely distributed throughout the network. A service network is governed by the participants themselves, not by an external central authority or a hierarchical management structure. • Openness and free-access – The OSSNs created, being the elements of value created by the community, are freely accessible on a universal basis. Nonetheless, the individual author- ship and contribution of services and relationships is recognized and is traced back to its originator. • Autonomy and distribution – The participants (i.e. firms, groups, and individuals) of the community have the autonomy to advertise their know-how, capabilities and skills in the form of services to the world and to establish relationships with any other service. Services are distributed over space, time, and they come together to form new services as networks. • Semantic networks – OSSNs are said to be semantic since they explicitly describe their services and relationships typically using a conceptual or domain model, shared vocabularies, and ideally using Semantic Web standards and techniques. • Decoupling – Decoupling denotes that OSSNs are made of service descriptions and service relationships, but relationships are defined in isolation with respect to service descriptions. In other words, each relationship is specified independently without regard to any specific service description language, and vice-versa.</region>
        <region class="DoCO:TextChunk" id="55" page="7" column="1">As our work advances we expect to adjust, generalize or specialize this initial list of seven design principles.</region>
      </section>
      <section class="DoCO:Section">
        <h1 class="DoCO:SectionTitle" id="56" page="7" column="1">5 Approach to open semantic service networks</h1>
        <region class="DoCO:TextChunk" id="57" page="7" column="1">As described previously, our long term goal is to develop rich, open service networks and this undertaking involves four main activities:</region>
      </section>
      <section class="DoCO:Section">
        <h1 class="DoCO:SectionTitle" id="58" confidence="possible" page="7" column="1">Service modeling.</h1>
        <region class="unknown" id="59" page="7" column="1">• The creation of an ontology by identifying and modeling business service concepts. Semantic Web ontologies can be used to enrich service descriptions and to make the underlying information available to both humans and remote software applications.</region>
        <outsider class="DoCO:TextBox" type="page_nr" id="60" page="7" column="1">7</outsider>
      </section>
      <section class="DoCO:Section">
        <h1 class="DoCO:SectionTitle" id="61" confidence="possible" page="8" column="1">Expressing rich service relationships.</h1>
      </section>
      <section class="DoCO:Section">
        <h1 class="DoCO:SectionTitle" id="62" confidence="possible" page="8" column="1">Populating service and relationship models.</h1>
      </section>
      <section class="DoCO:Section">
        <h1 class="DoCO:SectionTitle" id="63" confidence="possible" page="8" column="1">Service network construction.</h1>
        <region class="unknown" id="64" page="8" column="1">• The creation of a model for specifying connections between services. The encoding of relationships needs to be rich, include business information, and be computer-understandable, allowing an automatic extraction and construction of service networks. • In order to enable a widespread use, there is the need to bootstrap service networks with up-to-date services and relationship instances. Crawling, Web mining, and crowdsourcing are viable options to create initial service descriptions, traces about the created service networks, and service relationships inferencing. • The construction of service networks, globally distributed, requires service models to be accessed, retrieved, stored and integrated. Therefore, new research on parallel approaches and scalable storage systems is indispensable.</region>
        <region class="DoCO:TextChunk" id="65" confidence="possible" page="8" column="1">In the following sections, we will describe in detail each activity.</region>
      </section>
      <section class="DoCO:Section">
        <h1 class="DoCO:SectionTitle" id="66" confidence="possible" page="8" column="1">5.1 Service modeling</h1>
        <region class="DoCO:TextChunk" id="68" page="8" column="1">Due to the presence of mainly unstructured information about business services publicly available at corporates’ Web sites, in business reports or academic studies (e.g. [<xref ref-type="bibr" rid="R18" id="67" class="deo:Reference">KZC + 04</xref>]), it is extremely difficult to identify anything substantial and significant about service models and relationships. The information available is unstructured (see for example [Fre08]), does not comply to any common semantics, and is often not easily accessible. Therefore, our work targets to address these limitations and provide building blocks using service and relationship modeling for remote access and retrieval. In the field of service modeling, we have been working on descriptions for business services. Our previous work has produced USDL [CBMK10, BO12], the Unified Service Description Language. In the past, only the quality of physical goods and products was primarily driven by adherence to manufacturing specifications. With the introduction of USDL there is a paradigm shift which sees that the quality of services can also be represented and controlled using guiding specifications. In general, service modeling suffers from an impedance mismatch between at least two modeling perspectives which USDL integrates into one specification:</region>
        <region class="DoCO:TextChunk" id="69" confidence="possible" page="8" column="1">1. The business perspective adopts a service-dominant logic to understand why and how en- terprises should form networks on the service Web. Resource-service dynamics describes what resources have to acted upon by whom and how. 2. The ICT perspective adopts service-oriented modeling as a paradigm to automate business network interactions. Web service modeling aims at the interoperability of communication protocols (e.g., SOAP, REST) and data formats between heterogeneous service parks.</region>
        <region class="DoCO:TextChunk" id="72" page="8" column="1">USDL bridges a business, an operational and a technical perspective. The language models service concepts and properties such as service level, pricing, legal aspects, participants, marketing material, distribution channels, bundling, operations, interfaces, resources, etc. It provides a comprehensive view on services. <marker type="page" number="9"/><marker type="block"/> The initial version of USDL was ready in 2009. It was later renamed to α-USDL (pronounced alpha-USDL). Based on the experiences gained from α-USDL, a W3C Incubator group was created and USDL was adapted and extended based on industry feedback. This second version was finalized at the end of 2011. In order to make the specification gain a wider global acceptance, a version called Linked-USDL emerged using semantic Web principles and its development is still in progress. The term Linked-USDL should not be confused with the idea that the language attempts creating relationships between services. The goal of Linked-USDL is to develop an ontology to represent services by establishing explicit ontological links to other existing ontologies emerging from Linked Data initiatives. This is the reason for using the term linked. Linked-USDL was designed based on Linked Data principles and practices for the following reasons:</region>
        <outsider class="DoCO:TextBox" type="page_nr" id="71" page="8" column="1">8</outsider>
        <region class="DoCO:TextChunk" id="73" confidence="possible" page="9" column="1">• Retain the necessary simplicity for computation as well as for modeling purposes. • Reuse existing vocabularies to maximize the compatibility of related systems, reusability of previously modeled data, and reduce engineering efforts to build complex models. • Provide a simple – yet effective – means for publishing and interlinking distributed data for an automatic computer processing.</region>
        <region class="DoCO:TextChunk" id="74" page="9" column="1">While the Linked-USDL has been initially constructed to describe business services, our analysis revealed in a preliminary study that it can be used to model services and service networks by adding rich, multi-level relationships. Linked-USDL is suitable to support the concept of open service systems and makes service information accessible to remote and heterogeneous software applications which can retrieve and align service models into service networks for various exploratory uses. At present, work done in the domain of service modeling, such as *-USDL service description languages, has tackled services as single atomic entities and groups of services (i.e. service bundles). Without additional research, these languages will lead to the construction of service marketplace silos where a wealth of information on economic activities will be available but with no information on service relationships. Without information on relationships between services available, it will not be possible to harness sufficient knowledge to construct service networks. The study and formalization of relationships is examined in the next section.</region>
      </section>
      <section class="DoCO:Section">
        <h1 class="DoCO:SectionTitle" id="75" confidence="possible" page="9" column="1">5.2 Expressing rich service relationships</h1>
        <region class="DoCO:TextChunk" id="81" page="9" column="1">Our approach will connect service models hosted in marketplaces, corporate Web sites, and procurement systems using a computer-understandable format. The existence of tangible relationships between companies has been observed in a range of studies over the past 25 years, but the phenomena of service systems was discovered only recently [HF02]. Nonetheless, its pro- found importance for society has already attracted a remarkable attention from academia and industry. What is needed is to be able to represent and identify richer service relationships between services, so that the richness of the real world is not crammed inaccurately and inappro- priately into very limited and inexpressive types of relationships. For example, in the field of Semantic Web, simple relations provided by RDFS and OWL – such as rdfs:subClassOf, <marker type="page" number="10"/><marker type="block"/> owl:EquivalentClass, rdf:seeAlso and owl:sameAs – are strict and limited relationships which are not suitable to connect all the world’s services. In order to develop a model for rich service relationships, research from the areas of business management and supply chain networks is required. For example, Weill and Vitale [<xref ref-type="bibr" rid="R29" id="78" class="deo:Reference">WV01</xref>] have introduced a set of simple schematics intended to provide tools for the analysis and design of business initiatives based on participants (firms of interest, customers, suppliers, and allies), relationships, and flows (e.g. of money, information, products, or services), which may provide a baseline for the work which needs to be done on service networks. In the same lines, Bovet and Martha [<xref ref-type="bibr" rid="R6" id="79" class="deo:Reference">BM00</xref>] have also provided research results which need to be considered in our approach. They propose the concept of value net to define a network of partnerships which is a dynamic, high-performance network of customers/supplier partnerships and information flows. The e 3 value and e 3 service approaches have already identified a few relationships such as value exchange, core/enhancing and optional bundling (see [<xref ref-type="bibr" rid="R1" id="80" class="deo:Reference">ABG + 04</xref>]). Nonetheless, relationships should be more expressive than simply establishing the added value of services when bundled together. Organizational, strategic, process and activity, social, KPI dependencies, and cause-effect relationships also need to be considered. Spohrer and Maglio [SM10] define the Initiate-Service-Propose-Agree-Realize (ISPAR) typology of interactions that may occur between service systems. Some of them are directly value-creating (such as proposing, agree- ing and realizing the service), also called value interactions; while others are not qualified to create value (such as disputes). Analysis of interactions may give insights in the evolution of service systems. Since these research streams are relevant, it is indispensable to explore their use and applicability for service networks. We propose to develop a core open semantic service relationships model called OSSR which defines the main concepts and properties required to established rich, multi-level relationships between service models encoded using Linked-USDL. In other words, services will be described with Linked-USDL and connected with OSSR. Our idea behind the formalization of service networks is pragmatic and it is based on the objective of creating a connected global service network using computer-understandable descriptions. OSSR aims to meet the needs of service stakeholders as service-centric platforms (e.g. marketplaces, procurement systems, corporate Web sites, service blogs and forums, etc.) become more prevalent on the Internet. Finding relevant relationships among service will become more important than ever for service providers and consumers. Open and rich relationships are very different from the temporal and control-flow relations found in business process models (e.g. BPEL, BPMN, Petri nets, EPC). Once constructed, they are open and can be freely and individually accessed and retrieved over the Web. They are rich since they relate two services using a multi-layer model which enables to indicate, for example, the role of services in a network (e.g. provider, consumer, competitor, or complementor), the strength of a relationship (e.g. high or low), if a service depends on another service for its survival, the comparison of two services based on the number and types of operations provided, and the types of resources transfered between services (e.g. data, knowledge, physical resources, or financial). To improve the quality of OSSR formalization and integration with other Semantic Web initiatives, we will follow the same path as the one taken by Linked-USDL: we will establish links with various existing ontologies to reuse concepts from vertical and horizontal domains such as SKOS (taxonomies), SIOC (interlinked communities), Dublin Core (documents), GEO (geographic co-</region>
        <outsider class="DoCO:TextBox" type="page_nr" id="77" page="9" column="1">9</outsider>
        <outsider class="DoCO:TextBox" type="page_nr" id="82" page="10" column="1">10</outsider>
        <region class="DoCO:TextChunk" id="83" confidence="possible" page="11" column="1">ordinates), and so on.</region>
      </section>
      <section class="DoCO:Section">
        <h1 class="DoCO:SectionTitle" id="84" confidence="possible" page="11" column="1">5.3 Populating service and relationship models</h1>
        <region class="DoCO:TextChunk" id="86" page="11" column="1">When we think about applying the open service network concept at a global scale, a thorny question immediately arises: “how will service and service relationship models be created?”. This aspect is important since to enable a widespread usability of service networks there is the need to bootstrap up-to-date services and relationship instances. Previous approaches typically collected business data manually from survey firms, teardown reports or on-site analysis (e.g. Dell supply chain analysis [<xref ref-type="bibr" rid="R18" id="85" class="deo:Reference">KZC + 04</xref>] and Apple’s iPod networks [LKD09]). These methodologies are not suitable to be applied to study global service networks. Service and relationship models can be acquired using manual and automated methods. Manual approaches can rely on crowdsourcing initiatives. By allowing service providers and other stakeholders to manually create explicit, rich relationships between different service models, open service networks can incrementally grow in size and, ultimately, become global. We also believe that the snowballing process described in [CET07] applies to our work and will happen transparently. Firms may wish to only identify suppliers. When this occurs in all the nodes of a service network, worldwide networks will become available. Automated methods, e.g. by using Web scraping and wrappers, can crawl unstructured service sources from the Web, such as corporate Web sites and marketplaces (e.g. ServiceMagic.com, Sears’ ServiceLive.com, ServiceAlley.com, and Redbea- con.com), and create models on-the-fly. Experiments on harvesting service descriptions from an online catalog containing e-learning material were performed in [RZGDLA11]. Relationships can also be identified by inferring or deriving similarities between service providers, service models and service marketplaces. For example, let us consider the following rule. Infer implicit service relationships if: 1) a set of services is provided by the same organizational de- partment, 2) if two services have the same goal or 3) if they target the same customer profile. The use of industry segments and supply chains to relate services is also an approach to explore.</region>
      </section>
      <section class="DoCO:Section">
        <h1 class="DoCO:SectionTitle" id="87" confidence="possible" page="11" column="1">5.4 Service network construction</h1>
        <region class="DoCO:TextChunk" id="91" page="11" column="1">Once service and relationship models are populated and published as Linked Data principles (see previous section), the access and retrieval of distributed models from the Web require parallel approaches to fetch service and relationship models and distributed solutions to store and (re)construct service networks. We will achieve scalability by merging two state-of-the-art developments resulting in a novel crawling and storage system. We will couple LDSpider [IHUB10], which provides load-balancing capabilities, with the Sesame RDF repository (studies have shown that Sesame and Virtuoso are some of the fastest semantic-based repositories). On the one hand, LDSpider – an extensible Linked Data crawling framework – can enable to traverse and to concurrently consume distributed service models. LDSpider will need to be extended to implement specific crawling strategies. For example, new crawling algorithms that consider only specific types of rich service relationships and domain specific business knowledge <marker type="page" number="12"/><marker type="block"/> to retrieve models can be designed and implemented to increase efficiency. On the other hand, there is the need to extend current RDF repositories, such as Sesame, using similar approaches to the one followed in [<xref ref-type="bibr" rid="R25" id="90" class="deo:Reference">SHH + 11</xref>], i.e. by applying a federation layer as an extension to Sesame. Several other approaches for storage, such as Jena SDB, are used in conjunction with a traditional DB like MySQL to provide a triple store. These approaches are inefficient since they provide costly mechanisms specific to databases which are not necessary for RDF stores (e.g. multiuser, table-orientation, primary and secondary keys, etc.). Furthermore, service discovery requires transforming customer needs into concrete service offerings and should not rely on traditional low level querying mechanisms to express desired services. Having this infrastructure and machinery in place, service networks can be discovered and become accessible as massive distributed information systems which enable the development of efficient algorithms to analyze, mine, reason and optimize service networks.</region>
        <outsider class="DoCO:TextBox" type="page_nr" id="89" page="11" column="1">11</outsider>
      </section>
      <section class="DoCO:Section">
        <h1 class="DoCO:SectionTitle" id="92" page="12" column="1">6 Application field</h1>
        <region class="DoCO:TextChunk" id="99" page="12" column="1">While the main motivation scenario from Section 2 was drawn from financial networks, here we show the use of OSSNs in the context of cloud-based services to demonstrate the wide range of applicability of service networks. The FI-WARE 5 project, part of the EU Future Internet PPP program, aims to deliver a service infrastructure which offers reusable and shared functionality for service oriented businesses in the cloud. The Application and Services Ecosystem and Provisioning Framework focuses on business aspects of service ecosystems such as describing and exposing services, aggregation and composition, service marketplaces, business models, execution and revenue sharing. Open semantic service networks are a valuable concept which provides a new dimension to analyze, control and innovate business models out of existing services and their relationships. For marketplaces, OSSNs provide a rich knowledge base to derive information for service discovery and matching offering and demand. Because a service is connected to other services and other business elements (providers, suppliers, partners, competitors, etc.) via a OSSR, the marketplace can utilize this information to achieve a more effective matchmaking. Since FI-WARE marketplace provides a wide range of functionalities, it can advance beyond matching and improve, for example, recommendations, ratings, market intelligence, and price calculation support. OSSNs can also constitute the underlying distributed model for SAP’s Business Web to combine services from cloud providers, telecommunication carriers, and application and content providers, and serve as a network mirroring mobile business on the Internet. While current business modeling efforts (e.g. [ <xref ref-type="bibr" rid="R30" id="93" class="deo:Reference">WW11</xref>, <xref ref-type="bibr" rid="R21" id="94" class="deo:Reference">OPC10</xref>, <xref ref-type="bibr" rid="R1" id="95" class="deo:Reference">ABG + 04</xref>]) provide guidelines for developments surrounding open semantic service networks, other important aspects need to be considered in detail. On the one hand, the models need to be brought into the Linked Data realm in order to unleash their full potential. This means that they have to be harmonized with other descriptions such as Linked-USDL. On the other hand, previous approaches using semantic business models are theoretically sound but often too complex to be used by practitioners. Researchers 5 <ext-link ext-link-type="uri" href="http://www.fi-ware.eu/" id="96">http://www.fi-ware.eu/</ext-link><marker type="page" number="13"/><marker type="block"/> have tried to hide complexity by providing graphical environments such as moby:designer 6 . However, most business models cannot be manually modeled due to their inherent complexity and lack of global information available. They will emerge in a bottom-up fashion from actual businesses by mining service and relationship models.</region>
        <outsider class="DoCO:TextBox" type="page_nr" id="98" page="12" column="1">12</outsider>
      </section>
      <section class="deo:Conclusion">
        <h1 class="DoCO:SectionTitle" id="100" page="13" column="1">7 Conclusions</h1>
        <region class="DoCO:TextChunk" id="101" page="13" column="1">Open semantic service networks present an entirely different class of challenges not faced by the large body of prior work in services. The primary challenge stems from the fact that currently business services’ information is often hidden in unstructured marketplaces and corporate Web sites, and no information about service relationships between services is available. Therefore, to construct service networks, three premises need to be fulfilled. First, the information on service models needs to be open and remotely accessible. Second, models need to be related using rich, open semantic service relationships to handle the heterogeneity of the Web and business industries. Third, the construction of service networks by using rich relationships needs capable and massively parallel platforms for querying, integrating and aligning service models. In this paper we presented an approach addressing these requirements to support the concept of open semantic service networks. Our proposal uses *-USDL to model services and proposes the development of a new model to represent rich service relationships following the genesis of Linked-USDL. The formalization of rich relationships is an under-explored field of research but of utmost importance to understand global economies. Applications of the combination of models proposed in this paper carry potential for many exploitations where service models need to be bridged such as service network analysis, businesses model generation, and supply chain optimization.</region>
      </section>
      <section class="deo:Acknowledgements">
        <h1 class="DoCO:SectionTitle" id="102" confidence="possible" page="13" column="1">Acknowledgments</h1>
        <region class="DoCO:TextChunk" id="103" confidence="possible" page="13" column="1">This research has been partially funded by EU project ACSI (Contract number 257593).</region>
      </section>
      <section class="DoCO:Bibliography">
        <h1 class="DoCO:SectionTitle" id="104" page="13" column="1">References</h1>
        <ref-list class="DoCO:BiblioGraphicReferenceList">
          <ref rid="R1" class="deo:BibliographicReference" id="105" page="13" column="1">[ABG + 04] A KKERMANS , Hans ; B AIDA , Ziv ; G ORDIJN , Jaap ; P ENA , Nieves ; A LTUNA , Ander ; L ARESGOITI , Inaki: Value Webs: Using Ontologies to Bundle Real-World Services. In: IEEE Intelligent Systems 19 (2004), Juli, Nr. 4, S. 57–66</ref>
          <ref rid="R2" class="deo:BibliographicReference" id="107" page="13" column="1">[ACM05] A FSARMANESH , Hamideh ; C AMARINHA -M ATOS , Luis: A Framework for Management of Virtual Organization Breeding Environments. In: C AMARINHA -M ATOS , Luis (Hrsg.) ; A FSARMANESH , Hamideh (Hrsg.) ; O RTIZ , Angel (Hrsg.): Collaborative Networks and Their Breeding Environments Bd. 186. Springer Boston, 2005. – ISBN 978–0–387–28259– 6, S. 35–48 6 <ext-link ext-link-type="uri" href="http://moby-bm.iao.fraunhofer.de/backend/poem/repository" id="106">http://moby-bm.iao.fraunhofer.de/backend/poem/repository</ext-link></ref>
          <ref rid="R3" class="deo:BibliographicReference" id="109" page="14" column="1">[All00] A LLEE , Verna: Reconfiguring the Value Network. In: Journal of Business Strategy 21 (2000), Nr. 4, S. 1–6</ref>
          <ref rid="R4" class="deo:BibliographicReference" id="110" page="14" column="1">[App01] A PPLEGATE , Lynda: Emerging e-business models: Lessons from the field. In: Harvard Business Review 9 (2001), Nr. 801</ref>
          <ref rid="R5" class="deo:BibliographicReference" id="111" page="14" column="1">[BGO04] B AIDA , Ziv ; G ORDIJN , Jaap ; O MELAYENKO , Borys: A shared service terminology for online service provisioning. In: Proceedings of the 6th international conference on Elec- tronic commerce. New York, NY, USA : ACM, 2004 (ICEC ’04). – ISBN 1–58113–930–6, S. 1–10</ref>
          <ref rid="R6" class="deo:BibliographicReference" id="112" page="14" column="1">[BM00] B OVET , David ; M ARTHA , Joseph: Value Nets, Breaking the Supply Chain to Unlock Hidden Profits. John Wiley and sons, Inc., 2000</ref>
          <ref rid="R7" class="deo:BibliographicReference" id="113" page="14" column="1">[BO12] B ARROS , A. ; O BERLE , D.: Handbook of Service Description: USDL and Its Methods. Springer, 2012. – ISBN 9781461418634</ref>
          <ref rid="R8" class="deo:BibliographicReference" id="114" page="14" column="1">[CBMK10] C ARDOSO , Jorge ; B ARROS , Alistair ; M AY , Norman ; K YLAU , Uwe: Towards a Unified Service Description Language for the Internet of Services: Requirements and First Devel- opments. In: IEEE International Conference on Services Computing. Florida, USA : IEEE Computer Society Press, 2010</ref>
          <ref rid="R9" class="deo:BibliographicReference" id="115" page="14" column="1">[CET07] C ARTER , Craig ; E LLRAM , Lisa ; T ATE , Wendy: The use of social network analysis in logistics research. In: Journal of Business 28 (2007), Nr. 1, S. 137–169</ref>
          <ref rid="R10" class="deo:BibliographicReference" id="116" page="14" column="1">[CM12] C ARDOSO , Jorge ; M ILLER , John A.: Internet-Based Self-Services: from Analysis and Design to Deployment. In: The 2012 IEEE International Conference on Services Economics (SE2012). Hawaii, USA : IEEE Computer Society, 2012</ref>
          <ref rid="R11" class="deo:BibliographicReference" id="117" page="14" column="1">[CR02] C HESBROUGH , Henry ; R OSENBLOOM , Richard S.: The role of the business model in capturing value from innovation: evidence from Xerox Corporation’s technology spin-off companies. In: Industrial and Corporate Change 11 (2002), S. 529–555</ref>
          <ref rid="R12" class="deo:BibliographicReference" id="118" page="14" column="1">[CR11] C ARDOSO , Jorge ; R UPINO , Paulo: Service Science: concepts, tools and platforms to support digital services for SME. In: Workshop on Enterprise Systems and Technology (I- WEST 2011), 2011</ref>
          <ref rid="R13" class="deo:BibliographicReference" id="119" page="14" column="1">[CS06] C HESBROUGH , Henry ; S POHRER , Jim: A research manifesto for services science. In: Commun. ACM 49 (2006), July, S. 35–40</ref>
          <ref rid="R14" class="deo:BibliographicReference" id="120" page="14" column="1">[Erl05] E RL , Thomas: Service-Oriented Architecture: Concepts, Technology, and Design. Upper Saddle River, NJ, USA : Prentice Hall PTR, 2005</ref>
          <ref rid="R15" class="deo:BibliographicReference" id="121" page="14" column="1">[Fre08] F REI , Frances: The four things a service business must get right. In: Harvard Business Review 86 (2008), Nr. 4, S. 70–80, 136</ref>
          <ref rid="R16" class="deo:BibliographicReference" id="122" page="14" column="1">[HF02] H ÅKANSSON , Håkan ; F ORD , David: How should companies interact in business networks? In: Journal of Business Research 55 (2002), Nr. 2, S. 133 – 139</ref>
          <ref rid="R17" class="deo:BibliographicReference" id="123" page="14" column="1">[IHUB10] I SELE , Robert ; H ARTH , Andreas ; U MBRICH , Jürgen ; B IZER , Christian: LDspider: An open-source crawling framework for the Web of Linked Data. In: Poster at the International Semantic Web Conference (ISWC2010), Shanghai, 2010</ref>
          <ref rid="R18" class="deo:BibliographicReference" id="124" page="14" column="1">[KZC + 04] K APUSCINSKI , Roman ; Z HANG , Rachel Q. ; C ARBONNEAU , Paul ; M OORE , Robert ; R EEVES , Bill: Inventory Decisions in Dell’s Supply Chain. In: Interfaces 34 (2004), June, S. 191–205</ref>
          <ref rid="R19" class="deo:BibliographicReference" id="126" page="15" column="1">[LKD09] L INDEN , Greg ; K RAEMER , Kenneth ; D EDRICK , Jason: Who captures value in a global innovation network?: the case of Apple’s iPod. In: Commun. ACM 52 (2009), März, S. 140–144</ref>
          <ref rid="R20" class="deo:BibliographicReference" id="127" page="15" column="1">[NRJK08] N ENONEN , Suvi ; R ASILA , Heidi ; J UNNONEN , Juha-Matti ; K AERNAE , Sam: Customer Journey - a method to investigate user experience. In: Proceedings of the Euro FM Conference Manchester, Rotterdam, Netherlands (in-house publishing), 2008, S. 54–63</ref>
          <ref rid="R21" class="deo:BibliographicReference" id="128" page="15" column="1">[OPC10] O STERWALDER , A. ; P IGNEUR , Y. ; C LARK , T.: Business Model Generation: A Handbook for Visionaries, Game Changers, and Challengers. John Wiley &amp; Sons, 2010. – ISBN 9780470876411</ref>
          <ref rid="R22" class="deo:BibliographicReference" id="129" page="15" column="1">[Par99] P AROLINI , Cinzia: The Value Net: A Tool for Competitive Strategy. Heidelberg : John Wiley &amp; Sons, 1999</ref>
          <ref rid="R23" class="deo:BibliographicReference" id="130" page="15" column="1">[RZDLGA12] R AZO -Z APATA , Ivan S. ; D E L EENHEER , Pieter ; G ORDIJN , Jaap ; A KKERMANS , Hans: Fuzzy Verification of Service Value Networks. In: R ALYTE , Jolita (Hrsg.) ; F RANCH , Xavier (Hrsg.): 24th International Conference on Advanced Information Systems Engineering (CAiSE’12), Springer, 2012</ref>
          <ref rid="R24" class="deo:BibliographicReference" id="131" page="15" column="1">[RZGDLA11] R AZO -Z APATA , I.S. ; G ORDIJN , J. ; D E L EENHEER , P. ; A KKERMANS , H.: Dynamic Cluster-based Service Bundling: A Value-oriented Framework. In: Commerce and Enterprise Computing (CEC), 2011 IEEE 13th Conference on, 2011, S. 96 –103</ref>
          <ref rid="R25" class="deo:BibliographicReference" id="132" page="15" column="1">[SHH + 11] S CHWARTE , Andreas ; H AASE , Peter ; H OSE , Katja ; S CHENKEL , Ralf ; S CHMIDT , Michael: FedX: a federation layer for distributed query processing on linked open data. In: Proceedings of the 8th extended semantic web conference on The semanic web: research and applications - Volume Part II. Berlin, Heidelberg : Springer-Verlag, 2011 (ESWC’11), S. 481–486</ref>
          <ref rid="R26" class="deo:BibliographicReference" id="133" page="15" column="1">[SM10] S POHRER , Jim ; M AGLIO , Paul P.: Service Science Toward a Smarter Planet. In: Introduction to Service Engineering, John Wiley &amp; Sons, Inc., 2010, S. 1–30</ref>
          <ref rid="R27" class="deo:BibliographicReference" id="134" page="15" column="1">[TLT00] T APSCOTT , D. ; L OWY , A. ; T ICOLL , D.: Digital Capital: Harnessing the Power of Business Webs. Harvard Business School Press, 2000. – ISBN 9781578511938</ref>
          <ref rid="R28" class="deo:BibliographicReference" id="135" page="15" column="1">[VL04] V ARGO , Stephen L. ; L USCH , Robert F.: Evolving to a new marketing dominant logic for marketing. In: Journal of Marketing 68 (2004), Nr. 1, S. 1–17</ref>
          <ref rid="R29" class="deo:BibliographicReference" id="136" page="15" column="1">[WV01] W EILL , Peter ; V ITALE , Michael: Place to space: migrating to ebusiness models. Harvard Business School Press, 2001</ref>
          <ref rid="R30" class="deo:BibliographicReference" id="137" page="15" column="1">[WW11] W EINER , Nico ; W EISBECKER , Anette: A Business Model Framework for the Design and Evaluation of Business Models in the Internet of Services. In: SRII ’11: Proceedings of the 2011 Annual SRII Global Conference. Washington, DC, USA : IEEE Computer Society, 2011, S. 21–33</ref>
          <ref rid="R31" class="deo:BibliographicReference" id="138" page="15" column="1">[ZBG08] Z EITHAML , Valarie ; B ITNER , Mary ; G REMLER , Dwayne: Services Marketing: Integrating Customer Focus Across the Firm. McGraw-Hill, 2008</ref>
        </ref-list>
        <outsider class="DoCO:TextBox" type="page_nr" id="108" page="13" column="1">13</outsider>
        <outsider class="DoCO:TextBox" type="page_nr" id="125" page="14" column="1">14</outsider>
        <outsider class="DoCO:TextBox" type="page_nr" id="139" page="15" column="1">15</outsider>
      </section>
    </body>
  </article>
</pdfx>
