<?xml version='1.0' encoding='UTF-8'?>
<pdfx xmlns:xsi="http://www.w3.org/2001/XMLSchema-instance" xsi:noNamespaceSchemaLocation="http://pdfx.cs.man.ac.uk/static/article-schema.xsd">
  <meta>
    <job>9604de31c805712c4ad9f3128f550a765a6e05bebdf00c10deb601ea269057d0</job>
    <base_name>gv</base_name>
    <doi>http://dx.doi.org/10.1136/bmj.1.2941.635</doi>
    <warning>Name identification was not possible. </warning>
    <warning>The font used for 'body text' does not predominate across pages. Output quality may be degraded.</warning>
  </meta>
  <article>
    <front class="DoCO:FrontMatter">
      <region class="DoCO:FigureBox" id="Fx1">
        <image class="DoCO:Figure" src="gv.page_001.image_01.png" thmb="gv.page_001.image_01-thumb.png"/>
      </region>
      <region class="unknown" id="2">Semantic Web Publishing</region>
      <title-group>
        <article-title class="DoCO:Title" id="4" confidence="possible">Dr Nicholas Gibbins <email id="3">nmg@ecs.soton.ac.uk</email> 32/4037</article-title>
      </title-group>
      <region class="unknown" id="5">Linked Data</region>
      <region class="DoCO:FigureBox" id="Fx6">
        <image class="DoCO:Figure" src="gv.page_002.image_02.png" thmb="gv.page_002.image_02-thumb.png"/>
      </region>
      <region class="DoCO:TextChunk" id="7" confidence="possible">•  Semantic Web is the Web for machines •  Take existing data and republish it to the Web •  Rely on hypertextual nature of the Web to facilitate linking between data •  How do we publish this data? •  What identifiers do we use?</region>
      <region class="unknown" id="8">Semantic Web Principles</region>
      <region class="DoCO:FigureBox" id="Fx9">
        <image class="DoCO:Figure" src="gv.page_003.image_03.png" thmb="gv.page_003.image_03-thumb.png"/>
      </region>
      <region class="DoCO:TextChunk" id="10" confidence="possible">•  Anyone can make assertions about anything •  Entities are referred to using Uniform Resource Identifiers •  Based on XML technologies •  Formal semantics</region>
      <region class="unknown" id="11">Uniform Resource Identifiers</region>
      <region class="DoCO:FigureBox" id="Fx12">
        <image class="DoCO:Figure" src="gv.page_004.image_04.png" thmb="gv.page_004.image_04-thumb.png"/>
      </region>
      <region class="DoCO:TextChunk" id="13" confidence="possible">•  What does a URI on the Semantic Web refer to? •  A real world object? •  A web page? •  Both? •  What does a URI identify in general? •  What is a resource? •  What are the implicit semantics in a URI?</region>
      <region class="unknown" id="14">What is a resource?</region>
      <region class="DoCO:FigureBox" id="Fx15">
        <image class="DoCO:Figure" src="gv.page_005.image_05.png" thmb="gv.page_005.image_05-thumb.png"/>
      </region>
      <region class="DoCO:TextChunk" id="16" confidence="possible">•  From RFC2396 (URIs): A resource can be anything that has identity. Familiar examples include an electronic document, an image, a service (e.g., "today's weather report for Los Angeles"), and a collection of other resources. Not all resources are network "retrievable"; e.g., human beings, corporations, and bound books in a library can also be considered resources. The resource is the conceptual mapping to an entity or set of entities, not necessarily the entity which corresponds to that mapping at any particular instance in time. Thus, a resource can remain constant even when its content - the entities to which it currently corresponds changes over time, provided that the conceptual mapping is not changed in the process.</region>
      <region class="unknown" id="17">URIs, URLs and URNs</region>
      <region class="DoCO:FigureBox" id="Fx18">
        <image class="DoCO:Figure" src="gv.page_006.image_06.png" thmb="gv.page_006.image_06-thumb.png"/>
      </region>
      <region class="DoCO:TextChunk" id="19" confidence="possible">•  Classical view – early to mid 1990s •  Uniform Resource Locators specify the location of a resource (machine name, etc) •  http: •  Uniform Resource Names specify the name of a resource, independent of its name •  isbn: •  Uniform Resource Identifiers are either URLs or URNs</region>
      <region class="unknown" id="20">URIs, URLs and URNs</region>
      <region class="DoCO:FigureBox" id="Fx21">
        <image class="DoCO:Figure" src="gv.page_007.image_07.png" thmb="gv.page_007.image_07-thumb.png"/>
      </region>
      <region class="DoCO:TextChunk" id="22" confidence="possible">•  URL resolution is (usually) well-defined •  URNs don’t necessarily have well-defined resolution semantics •  Resolving names depends on context •  What does resolution mean for URIs which do not refer to network resources?</region>
      <region class="DoCO:FigureBox" id="Fx23">
        <image class="DoCO:Figure" src="gv.page_008.image_08.png" thmb="gv.page_008.image_08-thumb.png"/>
      </region>
      <region class="unknown" id="24">Representational State Transfer (REST) •  Architectural principle for Web systems •  •  • </region>
      <region class="DoCO:TextChunk" id="25" confidence="possible">Resources referred to by global identifiers (URIs) Manipulated via a standard interface (http) Network components (clients and servers) exchange representations of the resources •  Connectors (caches, proxies) mediate requests</region>
      <region class="unknown" id="26">httpRange-14</region>
      <region class="DoCO:FigureBox" id="Fx27">
        <image class="DoCO:Figure" src="gv.page_009.image_09.png" thmb="gv.page_009.image_09-thumb.png"/>
      </region>
      <region class="DoCO:TextChunk" id="28" confidence="possible">•  W3C Technical Architecture Group issue •  “What is the range of the HTTP range dereference operation?” •  Raised in March 2002 •  Closed in Jun 2005 •  TBL’s original stance: HTTP URIs (without "#") should be understood as referring to documents, not cars</region>
      <region class="unknown" id="29">All resources are equal...</region>
      <region class="DoCO:FigureBox" id="Fx30">
        <image class="DoCO:Figure" src="gv.page_010.image_10.png" thmb="gv.page_010.image_10-thumb.png"/>
      </region>
      <region class="DoCO:TextChunk" id="31" confidence="possible">...but some are more equal than others •  The things identified by URIs are resources •  Some resources can be retrieved by dereferencing their URIs •  Or rather, representations of some resources can be retrieved •  Some resources cannot be retrieved •  People, cats, cars</region>
      <region class="unknown" id="32">Information Resources</region>
      <region class="DoCO:FigureBox" id="Fx33">
        <image class="DoCO:Figure" src="gv.page_011.image_11.png" thmb="gv.page_011.image_11-thumb.png"/>
      </region>
      <region class="DoCO:TextChunk" id="34" confidence="possible">•  “Information resources are resources, identified by URIs and whose essential characteristics can be conveyed in a message” •  An (abstract) document (with a URI) can be dereferenced to get an ‘obvious’ representation of that document •  The majority of current Web resources are information resources</region>
      <region class="DoCO:FigureBox" id="Fx35">
        <image class="DoCO:Figure" src="gv.page_012.image_12.png" thmb="gv.page_012.image_12-thumb.png"/>
      </region>
      <region class="unknown" id="36">What makes an information resource? • </region>
      <region class="DoCO:TextChunk" id="37" confidence="possible">Consider the case of resources identified by HTTP URIs: •  If dereferencing the URI results in a 200 OK response code, the resource is an information resource •  From the HTTP RFC: “an entity corresponding to the requested resource is sent in the response” •  If it results in a 303 See Other response, the resource could be any resource •  “the response to the request can be found under a different URI and SHOULD be retrieved using a GET method on that resource” •  If it results in a 4xx (client error) or 5xx (server error) response, we can’t say either way</region>
      <region class="unknown" id="38">Linked Data Principles</region>
      <region class="DoCO:FigureBox" id="Fx39">
        <image class="DoCO:Figure" src="gv.page_013.image_13.png" thmb="gv.page_013.image_13-thumb.png"/>
      </region>
      <region class="DoCO:TextChunk" id="40" confidence="possible">Set of publishing practices for SW data: 1. Use URIs as names for things 2. Use HTTP URIs so that people can look up those names 3. When someone looks up a URI, provide useful information 4. Include links to other URIs. so that they can discover more things Effectively, putting the hypertext back into the Semantic Web Simplifies integration between datasets while maintaining loose coupling</region>
      <region class="unknown" id="41">Example</region>
      <region class="DoCO:FigureBox" id="Fx42">
        <image class="DoCO:Figure" src="gv.page_014.image_14.png" thmb="gv.page_014.image_14-thumb.png"/>
      </region>
      <region class="DoCO:TextChunk" id="43" confidence="possible">graph describing ‘sw’ graph describing ‘tbl’ 2001-05 tbl Tim Berners-Lee The Semantic Web date name title tbl creator graph describing ‘jh’ publishedIn sw creator jh jh James Hendler sci name am creator ora graph describing ‘ora’ graph describing ‘sciam’ ora name Ora Lassila sci title am Scientific American</region>
      <region class="unknown" id="44">RDF Publishing Example</region>
      <region class="DoCO:FigureBox" id="Fx45">
        <image class="DoCO:Figure" src="gv.page_015.image_15.png" thmb="gv.page_015.image_15-thumb.png"/>
      </region>
      <region class="DoCO:TextChunk" id="49" confidence="possible">In <ext-link ext-link-type="uri" href="http://example.org/data.rdf" id="46">http://example.org/data.rdf</ext-link> @prefix foaf: &lt;<ext-link ext-link-type="uri" href="http://xmlns.com/foaf/0.1/" id="47">http://xmlns.com/foaf/0.1/</ext-link>&gt; &lt;#fred&gt; &lt;foaf:name&gt; “Fred Smith”. •  We have a new resource: <ext-link ext-link-type="uri" href="http://example.org/data.rdf" id="48">http://example.org/data.rdf</ext-link>#fred</region>
      <region class="unknown" id="50">Defining RDF Vocabularies</region>
      <region class="DoCO:FigureBox" id="Fx51">
        <image class="DoCO:Figure" src="gv.page_016.image_16.png" thmb="gv.page_016.image_16-thumb.png"/>
      </region>
      <region class="DoCO:TextChunk" id="54" confidence="possible">•  SW Best Practice Recipes for Publishing RDF Vocabularies •  Distinguishes between ‘hash’ and ‘slash’ namespaces •  <ext-link ext-link-type="uri" href="http://example.org/ontology" id="52">http://example.org/ontology</ext-link>#foo •  <ext-link ext-link-type="uri" href="http://example.org/ontology/foo" id="53">http://example.org/ontology/foo</ext-link> •  Uses content negotiation (HTTP Accept: header) to serve different representations of resources •  Machine-readable RDF vs human-readable HTML</region>
      <region class="unknown" id="55">Minimal Hash Namespace</region>
      <region class="DoCO:FigureBox" id="Fx56">
        <image class="DoCO:Figure" src="gv.page_017.image_17.png" thmb="gv.page_017.image_17-thumb.png"/>
        <image class="DoCO:Figure" src="gv.page_017.image_18.png" thmb="gv.page_017.image_18-thumb.png"/>
      </region>
      <region class="unknown" id="57">Minimal Slash Namespace</region>
      <region class="DoCO:FigureBox" id="Fx58">
        <image class="DoCO:Figure" src="gv.page_018.image_19.png" thmb="gv.page_018.image_19-thumb.png"/>
        <image class="DoCO:Figure" src="gv.page_018.image_20.png" thmb="gv.page_018.image_20-thumb.png"/>
        <image class="DoCO:Figure" src="gv.page_018.image_21.png" thmb="gv.page_018.image_21-thumb.png"/>
      </region>
      <region class="unknown" id="59">Extended Hash Namespace</region>
      <region class="DoCO:FigureBox" id="Fx60">
        <image class="DoCO:Figure" src="gv.page_019.image_22.png" thmb="gv.page_019.image_22-thumb.png"/>
        <image class="DoCO:Figure" src="gv.page_019.image_23.png" thmb="gv.page_019.image_23-thumb.png"/>
      </region>
      <region class="unknown" id="61">Extended Slash Namespace</region>
      <region class="DoCO:FigureBox" id="Fx62">
        <image class="DoCO:Figure" src="gv.page_020.image_24.png" thmb="gv.page_020.image_24-thumb.png"/>
        <image class="DoCO:Figure" src="gv.page_020.image_25.png" thmb="gv.page_020.image_25-thumb.png"/>
      </region>
      <region class="DoCO:TextChunk" id="63" confidence="possible">Cool URIs</region>
      <region class="DoCO:FigureBox" id="Fx64">
        <image class="DoCO:Figure" src="gv.page_021.image_26.png" thmb="gv.page_021.image_26-thumb.png"/>
        <image class="DoCO:Figure" src="gv.page_021.image_27.png" thmb="gv.page_021.image_27-thumb.png"/>
      </region>
      <region class="DoCO:TextChunk" id="65" confidence="possible">Cool URIs – 303 Pattern</region>
      <region class="DoCO:FigureBox" id="Fx66">
        <image class="DoCO:Figure" src="gv.page_022.image_28.png" thmb="gv.page_022.image_28-thumb.png"/>
        <image class="DoCO:Figure" src="gv.page_022.image_29.png" thmb="gv.page_022.image_29-thumb.png"/>
      </region>
      <region class="DoCO:TextChunk" id="67" confidence="possible">Cool URIs – Hash Pattern</region>
      <region class="DoCO:FigureBox" id="Fx68">
        <image class="DoCO:Figure" src="gv.page_023.image_30.png" thmb="gv.page_023.image_30-thumb.png"/>
        <image class="DoCO:Figure" src="gv.page_023.image_31.png" thmb="gv.page_023.image_31-thumb.png"/>
      </region>
      <region class="unknown" id="69">Cool URIs</region>
      <region class="DoCO:FigureBox" id="Fx70">
        <image class="DoCO:Figure" src="gv.page_024.image_32.png" thmb="gv.page_024.image_32-thumb.png"/>
      </region>
      <region class="DoCO:TextChunk" id="71" confidence="possible">303</region>
      <region class="DoCO:FigureBox" id="Fx72">
        <image class="DoCO:Figure" src="gv.page_024.image_33.png" thmb="gv.page_024.image_33-thumb.png"/>
      </region>
      <region class="DoCO:TextChunk" id="73" confidence="possible">303 uses mentions</region>
      <region class="DoCO:TextChunk" id="74" confidence="possible">meta</region>
      <region class="DoCO:FigureBox" id="Fx75">
        <image class="DoCO:Figure" src="gv.page_024.image_34.png" thmb="gv.page_024.image_34-thumb.png"/>
        <image class="DoCO:Figure" src="gv.page_024.image_35.png" thmb="gv.page_024.image_35-thumb.png"/>
      </region>
      <region class="DoCO:TextChunk" id="76" confidence="possible">homepage</region>
      <region class="unknown" id="77">Cool URIs in ECS</region>
      <region class="DoCO:FigureBox" id="Fx78">
        <image class="DoCO:Figure" src="gv.page_025.image_36.png" thmb="gv.page_025.image_36-thumb.png"/>
      </region>
      <region class="DoCO:TextChunk" id="82" confidence="possible">ID URI: <ext-link ext-link-type="uri" href="http://id.ecs.soton.ac.uk/person/1269" id="79">http://id.ecs.soton.ac.uk/person/1269</ext-link> RDF URI: <ext-link ext-link-type="uri" href="http://rdf.ecs.soton.ac.uk/person/1269" id="80">http://rdf.ecs.soton.ac.uk/person/1269</ext-link> HTML URI: <ext-link ext-link-type="uri" href="http://www.ecs.soton.ac.uk/people/nmg" id="81">http://www.ecs.soton.ac.uk/people/nmg</ext-link></region>
      <region class="DoCO:FigureBox" id="Fx83">
        <image class="DoCO:Figure" src="gv.page_025.image_37.png" thmb="gv.page_025.image_37-thumb.png"/>
        <image class="DoCO:Figure" src="gv.page_026.image_38.png" thmb="gv.page_026.image_38-thumb.png"/>
      </region>
      <region class="DoCO:TextChunk" id="84" confidence="possible">It’s not quite that simple...</region>
      <region class="DoCO:FigureBox" id="Fx85">
        <image class="DoCO:Figure" src="gv.page_027.image_39.png" thmb="gv.page_027.image_39-thumb.png"/>
      </region>
      <region class="unknown" id="86">rdfURIMeaning-39</region>
      <region class="DoCO:FigureBox" id="Fx87">
        <image class="DoCO:Figure" src="gv.page_028.image_40.png" thmb="gv.page_028.image_40-thumb.png"/>
      </region>
      <region class="DoCO:TextChunk" id="88" confidence="possible">•  W3C Technical Architecture Group issue •  Raised in July 2003 •  Currently open •  Is a given inference engine expected to take into account a given document under given circumstances? •  How does one avoid having to commit to things one does not trust?</region>
      <region class="unknown" id="89">HttpRedirections-57</region>
      <region class="DoCO:FigureBox" id="Fx90">
        <image class="DoCO:Figure" src="gv.page_029.image_41.png" thmb="gv.page_029.image_41-thumb.png"/>
      </region>
      <region class="DoCO:TextChunk" id="91" confidence="possible">•  W3C Technical Architecture Group issue •  “Mechanisms for obtaining information about the meaning of a given URI” •  Raised in July 2007 •  Currently open</region>
      <region class="DoCO:TextChunk" id="92">•  Further consideration of the use of: •  303 HTTP status codes (and interaction with caching) •  Other possible mechanisms for obtaining a description of a (non- information) resource (HTTP Link: header – see RFC2068)</region>
      <region class="unknown" id="93">UniformAccessToMetadata-62</region>
      <region class="DoCO:FigureBox" id="Fx94">
        <image class="DoCO:Figure" src="gv.page_030.image_42.png" thmb="gv.page_030.image_42-thumb.png"/>
      </region>
      <region class="DoCO:TextChunk" id="95" confidence="possible">•  W3C Technical Architecture Group issue •  “Given the URI of an HTTP-accessible information resource R, how can an agent learn the URIs of metadata documents about R authorized by the owner of the original URI” •  Raised in March 2009 •  Currently open</region>
      <region class="unknown" id="96">Further Reading</region>
      <region class="DoCO:FigureBox" id="Fx97">
        <image class="DoCO:Figure" src="gv.page_031.image_43.png" thmb="gv.page_031.image_43-thumb.png"/>
      </region>
      <region class="DoCO:TextChunk" id="102" confidence="possible">•  Architecture of the World Wide Web <ext-link ext-link-type="uri" href="http://www.w3.org/TR/webarch/" id="98">http://www.w3.org/TR/webarch/</ext-link> •  R.T. Fielding and R.N. Taylor, Principled Design of the Modern Web Architecture, ACM Transactions on Internet Technology 2 (2): 115–150 <ext-link ext-link-type="uri" href="http://www.ics.uci.edu/" id="99">http://www.ics.uci.edu/</ext-link>~taylor/documents/2002-REST-TOIT.pdf •  Uniform Resource Identifiers (URI): Generic Syntax IETF RFC2396 <ext-link ext-link-type="uri" href="http://www.ietf.org/rfc/rfc2396.txt" id="100">http://www.ietf.org/rfc/rfc2396.txt</ext-link> •  Hypertext Transfer Protocol - HTTP/1.1 IETF RFC2616 <ext-link ext-link-type="uri" href="http://www.ietf.org/rfc/rfc2616" id="101">http://www.ietf.org/rfc/rfc2616</ext-link></region>
      <region class="unknown" id="103">Further Reading</region>
      <region class="DoCO:FigureBox" id="Fx104">
        <image class="DoCO:Figure" src="gv.page_032.image_44.png" thmb="gv.page_032.image_44-thumb.png"/>
      </region>
      <region class="DoCO:TextChunk" id="111" confidence="possible">•  What do HTTP URIs identify? <ext-link ext-link-type="uri" href="http://www.w3.org/DesignIssues/HTTP-URI" id="105">http://www.w3.org/DesignIssues/HTTP-URI</ext-link> •  W3C TAG issue httpRange-14 <ext-link ext-link-type="uri" href="http://www.w3.org/2001/tag/group/track/issues/14" id="106">http://www.w3.org/2001/tag/group/track/issues/14</ext-link> •  W3C TAG Issue rdfUriMeaning-39 <ext-link ext-link-type="uri" href="http://www.w3.org/2001/tag/group/track/issues/39" id="107">http://www.w3.org/2001/tag/group/track/issues/39</ext-link> •  W3C TAG issue httpRedirections-57 <ext-link ext-link-type="uri" href="http://www.w3.org/2001/tag/group/track/issues/57" id="108">http://www.w3.org/2001/tag/group/track/issues/57</ext-link> •  W3C TAG issue UniformAccessToMetadata-62 <ext-link ext-link-type="uri" href="http://www.w3.org/2001/tag/group/track/issues/62" id="109">http://www.w3.org/2001/tag/group/track/issues/62</ext-link> •  Dereferencing HTTP URIs <ext-link ext-link-type="uri" href="http://www.w3.org/2001/tag/doc/httpRange-14/2007-05-31/HttpRange-14" id="110">http://www.w3.org/2001/tag/doc/httpRange-14/2007-05-31/HttpRange-14</ext-link></region>
      <region class="unknown" id="112">Further Reading</region>
      <region class="DoCO:FigureBox" id="Fx113">
        <image class="DoCO:Figure" src="gv.page_033.image_45.png" thmb="gv.page_033.image_45-thumb.png"/>
      </region>
      <region class="DoCO:TextChunk" id="116" confidence="possible">•  Cool URIs for the Semantic Web <ext-link ext-link-type="uri" href="http://www.w3.org/TR/2007/WD-cooluris-20071217/" id="114">http://www.w3.org/TR/2007/WD-cooluris-20071217/</ext-link> •  Best Practice Recipes for Publishing RDF Vocabularies <ext-link ext-link-type="uri" href="http://www.w3.org/TR/swbp-vocab-pub/" id="115">http://www.w3.org/TR/swbp-vocab-pub/</ext-link></region>
      <region class="DoCO:FigureBox" id="Fx117">
        <image class="DoCO:Figure" src="gv.page_034.image_46.png" thmb="gv.page_034.image_46-thumb.png"/>
      </region>
      <region class="unknown" id="118">Embedding Semantic Web Data</region>
      <region class="unknown" id="119">Embedded Data</region>
      <region class="DoCO:FigureBox" id="Fx120">
        <image class="DoCO:Figure" src="gv.page_035.image_47.png" thmb="gv.page_035.image_47-thumb.png"/>
      </region>
      <region class="DoCO:TextChunk" id="121" confidence="possible">•  Publishing patterns for linked data that we’ve already considered make the assumption that we’re publishing directly in RDF/OWL •  What if the data already exists in a web resource, in some form? •  Republishing the data separately introduces redundancy, and the possibility of inconsistency - embed our SW data in the web resource •  Two main approaches: •  GRDDL •  RDFa</region>
      <region class="unknown" id="122">GRDDL</region>
      <region class="DoCO:FigureBox" id="Fx123">
        <image class="DoCO:Figure" src="gv.page_036.image_48.png" thmb="gv.page_036.image_48-thumb.png"/>
      </region>
      <region class="DoCO:TextChunk" id="124" confidence="possible">•  Given a document in some XML format, how can we extract the relevant portions and make them available to SW agents? •  GRDDL (Gleaning Resource Descriptions from Dialects of Languages) uses XSLT stylesheets to transform documents</region>
      <region class="DoCO:FigureBox" id="Fx125">
        <image class="DoCO:Figure" src="gv.page_036.image_49.png" thmb="gv.page_036.image_49-thumb.png"/>
        <image class="DoCO:Figure" src="gv.page_036.image_50.png" thmb="gv.page_036.image_50-thumb.png"/>
        <image class="DoCO:Figure" src="gv.page_036.image_51.png" thmb="gv.page_036.image_51-thumb.png"/>
        <image class="DoCO:Figure" src="gv.page_036.image_52.png" thmb="gv.page_036.image_52-thumb.png"/>
      </region>
      <region class="unknown" id="126">Using GRDDL with XML</region>
      <region class="DoCO:FigureBox" id="Fx127">
        <image class="DoCO:Figure" src="gv.page_037.image_53.png" thmb="gv.page_037.image_53-thumb.png"/>
      </region>
      <region class="DoCO:TextChunk" id="130" confidence="possible">•  In well-formed XML, link to XSLT transformation using grddl:transformation attribute •  Need to introduce grddl: namespace &lt;html xmlns=‘<ext-link ext-link-type="uri" href="http://www.w3.org/1999/xhtml" id="128">http://www.w3.org/1999/xhtml</ext-link>’ xmlns:grddl='<ext-link ext-link-type="uri" href="http://www.w3.org/2003/g/data-view" id="129">http://www.w3.org/2003/g/data-view</ext-link>#’ grddl:transformation="glean_title.xsl”&gt; &lt;head&gt; &lt;title&gt;Are You Experienced?&lt;/title&gt; [...] &lt;/html&gt;</region>
      <region class="unknown" id="131">Using GRDDL with XHTML</region>
      <region class="DoCO:FigureBox" id="Fx132">
        <image class="DoCO:Figure" src="gv.page_038.image_54.png" thmb="gv.page_038.image_54-thumb.png"/>
      </region>
      <region class="DoCO:TextChunk" id="136" confidence="possible">•  Link to XSLT transformation using link element •  Introduce GRDDL in profile &lt;html xmlns="<ext-link ext-link-type="uri" href="http://www.w3.org/1999/xhtml" id="133">http://www.w3.org/1999/xhtml</ext-link>"&gt; &lt;head profile="<ext-link ext-link-type="uri" href="http://www.w3.org/2003/g/data-view" id="134">http://www.w3.org/2003/g/data-view</ext-link>"&gt; &lt;title&gt;Some Document&lt;/title&gt; &lt;link rel="transformation” href="<ext-link ext-link-type="uri" href="http://www.w3.org/2000/06/dc-extract/dc-extract.xsl" id="135">http://www.w3.org/2000/06/dc-extract/dc-extract.xsl</ext-link>" /&gt; &lt;meta name="DC.Subject” content="ADAM; Simple Search; Index+; prototype" /&gt; [...] &lt;/head&gt; [...] &lt;/html&gt;</region>
      <region class="unknown" id="137">RDFa</region>
      <region class="DoCO:FigureBox" id="Fx138">
        <image class="DoCO:Figure" src="gv.page_039.image_55.png" thmb="gv.page_039.image_55-thumb.png"/>
      </region>
      <region class="DoCO:TextChunk" id="139" confidence="possible">•  Yet another syntax for RDF... •  Designed for embedding structured data in web pages •  Stored structure in attributes (the ‘a’ in ‘RDFa’)</region>
      <region class="unknown" id="140">RDFa Example</region>
      <region class="DoCO:FigureBox" id="Fx141">
        <image class="DoCO:Figure" src="gv.page_040.image_56.png" thmb="gv.page_040.image_56-thumb.png"/>
      </region>
      <region class="DoCO:TextChunk" id="144" confidence="possible">&lt;html&gt; &lt;head&gt;&lt;title&gt;Jo's Friends and Family Blog&lt;/title&gt;&lt;/head&gt; &lt;body&gt; &lt;p&gt;I'm holding one last summer Barbecue, on September 16th at 4pm.&lt;/p&gt; &lt;p class="contactinfo”&gt; Jo Smith. Web hacker at &lt;a href="<ext-link ext-link-type="uri" href="http://example.org" id="142">http://example.org</ext-link>"&gt;Example.org&lt;/a&gt;. You can contact me &lt;a href="<ext-link ext-link-type="uri" href="mailto:jo@example.org" id="143">mailto:jo@example.org</ext-link>"&gt;via email&lt;/a&gt;.&lt;/p&gt; &lt;/body&gt; &lt;/html&gt;</region>
      <region class="unknown" id="145">Showing an instance of a class</region>
      <region class="DoCO:FigureBox" id="Fx146">
        <image class="DoCO:Figure" src="gv.page_041.image_57.png" thmb="gv.page_041.image_57-thumb.png"/>
      </region>
      <region class="DoCO:TextChunk" id="147" confidence="possible">&lt;p&gt;I'm holding one last summer Barbecue, on September 16th at 4pm.&lt;/p&gt; &lt;p instanceof=“cal:Event”&gt;I'm holding one last summer Barbecue, on September 16th at 4pm.&lt;/p&gt;</region>
      <region class="DoCO:TextChunk" id="148" confidence="possible">_:a &lt;rdf:type&gt; &lt;cal:Event&gt; .</region>
      <region class="unknown" id="149">Using properties</region>
      <region class="DoCO:FigureBox" id="Fx150">
        <image class="DoCO:Figure" src="gv.page_042.image_58.png" thmb="gv.page_042.image_58-thumb.png"/>
      </region>
      <region class="DoCO:TextChunk" id="151" confidence="possible">&lt;p&gt;I'm holding one last summer Barbecue, on September 16th at 4pm.&lt;/p&gt; &lt;p&gt;I'm holding &lt;span property=“cal:summary”&gt;one last summer Barbecue&lt;/span&gt;, on September 16th at 4pm. &lt;/p&gt;</region>
      <region class="DoCO:TextChunk" id="152" confidence="possible">_:a &lt;cal:summary&gt; “one last summer Barbecue” .</region>
      <region class="unknown" id="153">Using properties</region>
      <region class="DoCO:FigureBox" id="Fx154">
        <image class="DoCO:Figure" src="gv.page_043.image_59.png" thmb="gv.page_043.image_59-thumb.png"/>
      </region>
      <region class="DoCO:TextChunk" id="155" confidence="possible">&lt;p&gt;I'm holding one last summer Barbecue, on September 16th at 4pm.&lt;/p&gt; &lt;p&gt;I'm holding one last summer Barbecue, on &lt;span property=“cal:start” content=“20070916T1600-0500”&gt;September 16th at 4pm&lt;/ span&gt;.&lt;/p&gt; _:a &lt;cal:start&gt; “20070916T1600-0500” .</region>
      <region class="unknown" id="156">Identity</region>
      <region class="DoCO:FigureBox" id="Fx157">
        <image class="DoCO:Figure" src="gv.page_044.image_60.png" thmb="gv.page_044.image_60-thumb.png"/>
      </region>
      <region class="DoCO:TextChunk" id="163" confidence="possible">&lt;p class="contactinfo”&gt; Jo Smith. Web hacker at &lt;a href="<ext-link ext-link-type="uri" href="http://example.org" id="158">http://example.org</ext-link>"&gt;Example.org&lt;/a&gt;. You can contact me &lt;a href="<ext-link ext-link-type="uri" href="mailto:jo@example.org" id="159">mailto:jo@example.org</ext-link>"&gt;via email&lt;/a&gt;.&lt;/p&gt; &lt;p class="contactinfo” about=“<ext-link ext-link-type="uri" href="http://example.org/staff/jo" id="160">http://example.org/staff/jo</ext-link>”&gt; Jo Smith. Web hacker at &lt;a href="<ext-link ext-link-type="uri" href="http://example.org" id="161">http://example.org</ext-link>"&gt;Example.org&lt;/a&gt;. You can contact me &lt;a href="<ext-link ext-link-type="uri" href="mailto:jo@example.org" id="162">mailto:jo@example.org</ext-link>"&gt;via email&lt;/a&gt;.&lt;/p&gt;</region>
      <region class="unknown" id="164">Identity</region>
      <region class="DoCO:FigureBox" id="Fx165">
        <image class="DoCO:Figure" src="gv.page_045.image_61.png" thmb="gv.page_045.image_61-thumb.png"/>
      </region>
      <region class="DoCO:TextChunk" id="168" confidence="possible">&lt;p class="contactinfo” about=“<ext-link ext-link-type="uri" href="http://example.org/staff/jo" id="166">http://example.org/staff/jo</ext-link>”&gt; Jo Smith. [...] &lt;p class="contactinfo” about=“<ext-link ext-link-type="uri" href="http://example.org/staff/jo" id="167">http://example.org/staff/jo</ext-link>”&gt; &lt;span property=“foaf:name”&gt;Jo Smith&lt;/span&gt;. [...]</region>
      <region class="DoCO:TextChunk" id="170" confidence="possible"> &lt;<ext-link ext-link-type="uri" href="http://example.org/staff/jo" id="169">http://example.org/staff/jo</ext-link>&gt; &lt;foaf:name&gt; “Jo Smith” .</region>
      <region class="unknown" id="171">Using existing links</region>
      <region class="DoCO:FigureBox" id="Fx172">
        <image class="DoCO:Figure" src="gv.page_046.image_62.png" thmb="gv.page_046.image_62-thumb.png"/>
      </region>
      <region class="DoCO:TextChunk" id="182" confidence="possible">&lt;p about=“<ext-link ext-link-type="uri" href="http://example.org/staff/jo" id="173">http://example.org/staff/jo</ext-link>”&gt; [...] &lt;a href="<ext-link ext-link-type="uri" href="http://example.org" id="174">http://example.org</ext-link>"&gt;Example.org&lt;/a&gt;. You can contact me &lt;a href="<ext-link ext-link-type="uri" href="mailto:jo@example.org" id="175">mailto:jo@example.org</ext-link>"&gt;via email&lt;/ a&gt;.&lt;/p&gt; &lt;p about=“<ext-link ext-link-type="uri" href="http://example.org/staff/jo" id="176">http://example.org/staff/jo</ext-link>”&gt; [...] &lt;a rel=“foaf:homepage” href="<ext-link ext-link-type="uri" href="http://example.org" id="177">http://example.org</ext-link>"&gt;Example.org&lt;/a&gt;. You can contact me &lt;a rel=“foaf:mbox” href="<ext-link ext-link-type="uri" href="mailto:jo@example.org" id="178">mailto:jo@example.org</ext-link>"&gt;via email&lt;/a&gt;.&lt;/p&gt; &lt;<ext-link ext-link-type="uri" href="http://example.org/staff/jo" id="179">http://example.org/staff/jo</ext-link>&gt; &lt;foaf:mbox&gt; &lt;<ext-link ext-link-type="uri" href="mailto:jo@example.org" id="180">mailto:jo@example.org</ext-link>&gt; ; &lt;foaf:homepage&gt; &lt;<ext-link ext-link-type="uri" href="http://example.org/" id="181">http://example.org/</ext-link>&gt; .</region>
      <region class="unknown" id="183">Datatypes</region>
      <region class="DoCO:FigureBox" id="Fx184">
        <image class="DoCO:Figure" src="gv.page_047.image_63.png" thmb="gv.page_047.image_63-thumb.png"/>
      </region>
      <region class="DoCO:TextChunk" id="185" confidence="possible">&lt;span property="dc:date" content="2007-05-12" datatype="xsd:date”&gt;May 12th, 2007&lt;/span&gt;</region>
      <region class="unknown" id="186">Further Reading</region>
      <region class="DoCO:FigureBox" id="Fx187">
        <image class="DoCO:Figure" src="gv.page_048.image_64.png" thmb="gv.page_048.image_64-thumb.png"/>
      </region>
      <region class="DoCO:TextChunk" id="191" confidence="possible">•  Gleaning Resource Descriptions from Dialects of Languages W3C Recommendation 11 September 2007 <ext-link ext-link-type="uri" href="http://www.w3.org/TR/grddl/" id="188">http://www.w3.org/TR/grddl/</ext-link> •  RDFa in XHTML: Syntax and Processing W3C Recommendation 14 October 2008 <ext-link ext-link-type="uri" href="http://www.w3.org/TR/rdfa-syntax/" id="189">http://www.w3.org/TR/rdfa-syntax/</ext-link> •  RDFa Primer W3C Working Group Note 14 October 2008 <ext-link ext-link-type="uri" href="http://www.w3.org/TR/xhtml-rdfa-primer/" id="190">http://www.w3.org/TR/xhtml-rdfa-primer/</ext-link></region>
    </front>
    <body class="DoCO:BodyMatter"/>
  </article>
</pdfx>
